feature_1,feature_2,feature_3,feature_4,feature_5,feature_6,label
2.8031756118970037,0.28196957590594485,2.235763964274221,4.364025481798582,2.183749473396934,3.135014612352428,diseased
-1.1569743942597612,0.6434091827639932,-2.3122811060456603,-0.3332780256094936,0.44987833210121114,1.5220127246649402,healthy
-2.4967814566751074,2.0235489125550825,0.2504729178727587,-0.05568346589416148,-1.802914764115009,-1.3516955813766447,healthy
-0.5116380865832342,0.10632349073443405,-0.16816310439996543,-0.16246417156510376,-1.0137808582104966,0.7964127942380366,healthy
1.1659541072399475,0.4765981778375144,-1.3032748090829964,-0.044949760849622884,0.5248679834358566,0.7210115254683419,healthy
2.9632509538988576,1.681390054350739,1.154778784569578,2.1935798593894367,2.211322211819174,2.1810555964817087,diseased
2.333887432637515,2.847210159649728,2.2930851386606474,1.3524242269103857,3.7123571813975604,2.395676418210841,diseased
4.058346737966218,4.3446356107688295,3.2833545959761055,4.407708974898558,4.35230359767583,2.1725832976477397,diseased
2.7880223032373856,2.8137118026137315,3.249862059664795,1.8436156879706669,3.848561437151079,3.7722914143210238,diseased
0.39289158385046086,1.2267746170514917,-0.46394990244678835,1.3169178733796865,-1.3042219504056056,0.30077709717856665,healthy
2.545926245698533,3.978489835004468,3.4202785960607125,3.383152841166711,2.9740531232338876,3.173422481045444,diseased
5.8534210855533715,2.7045475267387493,3.2017543810216775,1.8999844458613415,4.851984969914114,3.9915469376669717,diseased
3.970880385992972,1.5528706166460073,3.274819459011024,1.7842321103625074,5.482404370626078,3.051593670461826,diseased
0.35224016801023095,-1.400082899212773,0.40792033834150976,0.17930459377802474,-0.35565634445261957,-0.7362536060315219,healthy
2.1040624360067035,1.4811209062412847,3.812356384579405,2.25991533734907,4.115304014023573,3.2146745327514035,diseased
-1.2210882131087215,0.22635703799711782,-0.36079762170112517,-0.6022285061187317,0.02669846136539646,1.6763520911914194,healthy
-0.4491852420964507,1.783689915136641,-0.10154865211136925,-0.8705119223017634,-1.2202464859202824,-0.8623965380480931,healthy
1.5875080308205887,3.847935792845637,3.429853705250675,2.274257932372515,2.8635967494757377,2.140037370581454,diseased
3.17301458161798,2.082787595944334,1.9497694210509853,3.813130770785458,1.3759362402917072,2.818194489844166,diseased
1.6648809781992222,4.088300829152554,2.990700100295375,1.371875418704132,2.4411874176901645,2.651618205063812,diseased
2.364623817716609,2.8719090172215376,2.2538671185233357,2.876088757253273,2.556939424018382,2.5551259289722754,diseased
0.046915857506165795,0.5031977408135291,0.5801841911197648,-0.47820855513413607,-1.1519422284235155,-0.7777818410999131,healthy
2.8954170750440738,2.519175918945231,3.0414419973012268,2.2931124080356624,1.9779711452207211,4.5805078673686115,diseased
-0.16699690878127882,1.7429055062339929,-1.0071121261064784,0.29253570472426854,3.1649421014768855,-0.8697291831062892,healthy
0.487918719669315,-0.5681747304381429,-0.9672792597618267,0.17342667395663303,1.3588022074943762,1.872324602686571,healthy
-0.017003103324145882,-0.6958394882368929,-0.7996904016326981,0.44073017860946173,-1.0951000927916446,1.1653838512075743,healthy
2.787214011373495,2.822753184541068,3.501232414683224,4.065181213550569,4.336827264490399,2.568404722777148,diseased
0.29346811746062057,-0.7311399076653804,0.11129547997023954,-0.4651946145553634,1.3734938862686545,-1.4232863881835744,healthy
0.6164094698173579,-0.11597913012588339,0.7638538724770693,-0.18321090982152893,0.8295872971185219,0.6723841093496378,healthy
2.206292588331483,3.9240865326722014,1.6793367232042071,4.177848857168061,0.5608278250082348,2.820881707879116,diseased
0.02819015551787851,0.556045568363087,-1.2470255824667826,0.594106177561087,0.06150945870525086,1.0362769626049344,healthy
2.638303470906989,3.946713966527547,3.5873707582417538,2.0856268861192238,3.281245791675135,3.1846962277254316,diseased
2.8412409715756612,2.4296840505952035,3.1004600798016346,2.9772595243366946,3.471117397397825,3.3035200759728225,diseased
2.110188449285697,1.9515228960695632,4.277560503655242,5.3216441689140375,3.260683280931406,2.663946674210543,diseased
0.07241386408490774,0.1524960703527199,-0.7824444371410331,-0.17043786136210154,1.2531220372686513,-0.20416975565930381,healthy
-0.5022263776157665,-0.1890069406592009,0.03024540836426785,0.6735960181141722,-1.3659907130774356,-1.800546652302095,healthy
-0.01999789812703508,0.47776140444601206,0.9875487946895086,0.007949692567590873,-0.28798501486449196,-2.6212937558917324,healthy
-1.7033609262959155,-1.0836964308948651,0.7579319739406098,-0.7656827141910405,-1.0903440488749823,-0.1793791282722899,healthy
1.0793918268290181,2.3692465481582556,-2.0040560530375524,0.9030735089709537,0.4840275803395181,0.17568029694849005,healthy
2.049442156713984,3.2762216984377805,4.044321700213123,4.2058386782317,1.1603432226017565,0.9904241659115067,diseased
5.689156725595437,3.8076802664218423,2.2999840595228367,4.393911062628084,1.1355123218928702,2.7481020562405925,diseased
-1.1760154957169364,1.3209044470554892,1.2355061234756644,0.10832562456606155,-1.4349215686287293,0.41897605092846396,healthy
-0.6269854652195999,-0.7173710938165775,-0.4699682741360139,0.4993264004767815,-0.2501155709973842,2.335754222480548,healthy
3.8056534796188886,2.7212155585132756,2.9768530803076985,0.8373973660173788,2.42630298666844,3.857412278841173,diseased
0.18814271261935556,2.6243144677847945,1.5094128282117814,3.2570084173604297,2.6639504659160163,3.8169610783421906,diseased
2.6060559224244924,3.5058502988623537,1.9599987655749904,2.197749466802398,3.4200390728526475,2.396753461454125,diseased
-0.49396718934480277,2.1728572463956386,-0.5107550832081783,0.028268871679493147,0.6603776289974964,-0.8757951603101223,healthy
1.0615758396423145,3.957438628202466,3.1101294815904614,2.122940284730028,3.206001112951578,3.3336454410593976,diseased
2.0642023722539595,3.8593944383874845,4.805413634321344,3.4906502735194067,3.43139215334145,2.2661975566104857,diseased
2.513490756347708,3.29002619087255,1.565321425893006,2.115435792612108,5.114005923131948,2.157623212855884,diseased
-1.2108549075575812,0.7218497968577305,0.5281465458516884,1.450809544896753,-0.7474548334518082,0.02641804008568619,healthy
4.727181856018015,3.21877109646986,3.014732174050744,2.8671144019803396,4.226387543501974,2.2379932620317087,diseased
-1.0757861164901155,1.0670945267244607,-0.6552213513174084,-1.0586323916206477,-0.5266714026610139,-0.7598242721785887,healthy
2.716043556369243,2.9242824940098475,1.6162429566959464,3.1545982277221367,0.09679062789245751,3.1398302276003554,diseased
3.3675567076076804,3.393261771494195,1.9225085204313797,2.5788932272717364,2.619225034153386,2.460028263563864,diseased
0.45814820321352767,-0.764512972167171,0.6346970011436195,0.4096090798962272,-0.7401292332115676,0.9450289441779055,healthy
1.960631943121745,2.593906502629911,3.0690023609018633,3.0117481958866947,2.8011066841056036,5.49174276755776,diseased
3.8885333066710395,4.816138877365122,2.2070321245167857,2.5183059551169573,4.096593535870167,4.815328649486824,diseased
3.3013909202296765,2.7387510808340862,3.172578451656906,3.0884800977614373,2.7484976819214726,2.988648878408343,diseased
0.6305609042005433,0.5790377243486634,-0.9790918389714247,0.6616501445291856,1.2328966110014508,-0.9548648213862446,healthy
5.679708455633599,1.8181637780460147,2.6827639114792783,4.33291485496942,2.504674998551442,4.115877249580752,diseased
-0.7949988756930338,0.17720943273504358,0.49980077409784035,-0.7369623833630637,-0.11952650502194903,-0.04141990912145558,healthy
2.923585764986478,2.544202145522717,2.9731627033928603,3.724586290137001,3.835740767853569,2.940382693046913,diseased
1.6393969705617315,0.901295534524909,3.7793342157674337,3.8799162400053264,2.690160030191507,2.940159425852203,diseased
2.4111854422626733,2.495322842359664,2.298216227162655,2.778959696333112,1.6441983314740087,3.2467739576200842,diseased
-0.4573933017078719,3.0983106569913765,-0.9361968812479787,0.05533758850272923,0.9914715704968188,-0.38433906450452543,healthy
2.549536278639983,2.504426110250546,2.411019619729826,2.417148580071906,2.1580209638648684,4.23403188012769,diseased
4.124836948777293,2.262693869909671,2.495575321557239,4.539505788642072,2.641261002634435,2.8135535551284945,diseased
0.2101512256908466,-1.18143821319941,0.9167091315499266,0.7492347655988371,0.2804282522536182,-0.1001338776894076,healthy
2.2496615540466074,0.4718083593354464,-1.00592442912077,2.345359297086998,-1.426908208722563,-0.8686997520872302,healthy
0.17120532699964489,-0.7273076260918008,0.9065245981430602,0.9171108159418699,1.5465188086681005,0.7113078953970193,healthy
2.4117989020868333,-0.30426108521026884,1.26917483653135,0.6470904259956914,-1.1741264164507175,1.3606222392346448,healthy
2.900750552863132,4.212946753869989,3.4661923822292926,4.4878354031338805,2.920288604602721,3.272125626223688,diseased
-0.4002905414328943,0.37244803952713856,-0.368108542880197,1.106107424765034,0.9847604849094568,0.41347341110958546,healthy
0.664265899612895,-1.2190747412956953,0.8473614233480004,-1.0022028242423497,-0.08624384633628418,-0.29389977795653216,healthy
2.2915973859359893,2.978943364660235,2.7522828658135867,3.9702840458355166,3.279963343667367,3.306470659123898,diseased
1.2269415497142202,-0.02990659268121346,1.953100924483846,-0.3588763403218226,1.5930604142630431,0.11511897260723283,healthy
2.5675254359375583,-0.5811194038804803,-0.3967901932906783,1.4890156591290105,-1.3076709746803026,0.07396569629135018,healthy
-1.690068973099096,-0.2752584046412137,0.17406048941303162,-0.3506090274352232,1.4124535516900458,-0.24761261147971436,healthy
0.6372688737983749,0.7496422852980515,0.5580579106569885,1.3065365794206547,-0.5009952454598233,-1.3497201948887083,healthy
3.4198325337775453,2.9741627138213307,2.350363772141506,2.191800490905324,1.3030547088014217,3.4811368249121615,diseased
0.5682506875853858,-1.5145203917251397,-2.619945422218852,-0.6068907281995026,-0.9158100463459947,0.8760122430564063,healthy
-1.0511300322009207,-2.200017380038361,-1.1772925474554745,1.2223279030800633,-1.0978218788619438,-0.5500320300032019,healthy
3.483509712621872,3.133300906147494,3.5209648422456006,1.6108554701183317,1.5455923464669867,3.3893446777441643,diseased
-1.8869914173722033,-0.4428910909670608,-1.8774360718730723,0.8701231593616141,-0.2393073192830462,-1.6820717761241684,healthy
-0.5199099496967408,0.7352204042444506,-0.9499474980528454,-1.73138686850914,-0.7393934438692396,1.3488906463814507,healthy
4.79654417778949,3.3697677066030223,4.609574085417946,4.208186249148113,2.86801140654951,1.0037051764390719,diseased
4.076537165891109,-0.351724947452281,1.2753247045055398,3.400506636182299,2.0694422639597456,4.686431916614583,diseased
0.41587491263089815,-0.06706117195840944,0.44169814270282637,0.3025244765414159,0.16784696765274312,-0.3569089402096321,healthy
1.1852063376633004,0.06815024693528814,-0.9696163810925837,0.9917917931011433,-0.691603065594482,-1.1994238154262575,healthy
2.909954596179837,2.0257460354314434,2.4705938486190675,4.269125068782766,2.9364968187430045,1.6591736987721024,diseased
-0.6361742693791664,0.597336718485879,-0.32964610005481576,-1.6554719689092348,0.18803523461163435,-0.19432291117124376,healthy
-0.46215720670176097,-2.192628016071932,0.4937306698021995,-0.7335790801359362,1.31660311310601,0.18242778013310376,healthy
2.778700712024724,3.749872946475588,2.9745277903861185,3.0281308085213787,2.3684584786832787,2.255591491947889,diseased
4.338100728389486,3.527605822594251,2.4669016237727135,1.311475547141688,3.511947769279988,3.5172989430392665,diseased
-0.4252740782806449,0.41618073882703194,0.8399757635785043,-1.4977856049331646,0.21810382065939288,-0.5606867786472959,healthy
1.317652176005165,-0.9931054142672816,-0.764827437978625,0.12274104540243151,0.024711220827863332,1.424690088752885,healthy
-0.5205784433035681,-0.5848116447053936,-2.1657367195003414,0.1563260529857667,0.24988559176216588,-0.3622658108820982,healthy
1.0340292356498797,-0.71294854109924,0.669921543236243,-1.1393824745499168,0.3119606966908699,0.4187372604188587,healthy
3.5441233001673473,3.5542931136086082,3.514385438243524,4.178433896234668,3.852472755697539,3.1888024746308226,diseased
1.7888366900220696,0.8704334283821108,0.1876911695103255,0.0510959339084936,1.7513579481129395,-0.9462259567737072,healthy
-0.7648929555202142,-0.40614158559758673,0.09671799432932998,-1.1704760418537006,-1.1702773699142448,-0.1085827579001268,healthy
-1.471158097691097,2.8790124975636022,-1.0794447891526988,-0.20983183445547335,-0.3603891654367212,-0.2810976214280731,healthy
0.04165686390338389,-0.10632329377078427,0.5317762204008692,-1.453545298008678,-0.3122773171445598,0.49036253259352475,healthy
2.0510108031226757,0.3251738318299273,-2.0584314911637356,-0.8361209875707278,0.06466692130559458,0.3555636436097853,healthy
0.6199677677731354,-0.6094034586430621,-0.5617975923340306,-0.8315811012420066,0.9522735598158206,-0.566832834813701,healthy
2.371206886477661,4.512471044274198,4.393663629243945,3.947113243301725,4.8740634798752165,3.555837076115937,diseased
2.2472787436994395,0.605779141138385,-2.9929816204288446,-0.29019976256709457,-0.7365762178923174,-0.2041467778064034,healthy
-0.6285427878650274,-1.3291010474101146,1.1920353327508753,0.7120029949357032,0.46993361389369576,-1.5087958752945372,healthy
4.838180573078632,3.0010665667361787,3.529995637033366,2.2503715763583694,2.873169795104209,3.02485720438383,diseased
2.1542475069508535,3.8051750559700523,2.7669466028281433,2.6319249323811866,3.8542120000797295,1.0932511674359549,diseased
1.3012042492292906,1.9031528866625007,1.8031682386531052,-2.0555366046304795,0.7694821209364507,-1.9162902011151035,healthy
4.607824221403998,1.7848905120421439,0.12032145847894338,3.1665491972531625,3.700674273435529,2.591582990552175,diseased
0.5050903334063788,-0.565143695869421,-0.45103189309874464,-1.8228280374162729,0.10817367141345895,-1.497922017285047,healthy
3.802500683094011,2.226086312993898,2.460959829353882,3.662178759788128,2.410701962017044,2.801658031526387,diseased
3.353634214348635,2.0070591398934123,4.070043780094098,0.37106374652397545,2.614997374417846,2.202759385919238,diseased
-0.14409032957792836,-0.1729036003315193,-0.11131586156766246,0.7019837250988631,-0.12758828378288709,-1.4973534143409575,healthy
4.139257313405734,4.964587457610711,2.8052415189524535,2.203944432837118,4.885247893957574,2.6795836056376303,diseased
-0.2778301838497915,-1.0377557310307788,-0.39453885605867073,1.4849516297738241,0.7482882570363897,-1.6173972079315573,healthy
-0.811960110052185,-1.0425058091183637,-0.10139554713329421,1.8276512775213283,0.36166741716219963,0.049851407405626005,healthy
4.520877363860947,1.547827172639295,3.096933483864471,2.7754529504801386,2.2369422154943712,2.7256107122224305,diseased
-0.43987459031473214,1.1128982532234954,0.5266278326595085,1.7389102567877968,-0.9695776571266128,-0.2256360343878611,healthy
1.5713467346667445,3.543893393055861,2.7529049465153848,0.8674881831256562,3.8101365057331287,3.97209331628634,diseased
2.523845816612831,2.690335198043742,2.9097255200708956,2.9549272788547762,3.283734439359295,2.9644892930197977,diseased
1.278978307558204,-0.6283151880367162,0.32325734304049125,-1.1476638497082268,0.4843782644284401,0.46272803082578123,healthy
3.397422340053751,2.326762924370593,2.405813376390577,2.8300010007821683,2.4574983206041376,2.2158524116203973,diseased
-0.28342185355946525,-1.0311432003003655,-0.2637208269105223,-2.581185965408421,-0.2287020552019795,1.8028564715788176,healthy
2.4308949861494424,3.0923514375884653,2.523730621549016,1.6720859763939837,2.535247922041339,4.396939691015902,diseased
2.822471942895066,0.9080243757792985,2.3972255790635364,3.558457491434279,2.62145854513419,2.5881028596388425,diseased
3.5515996017948748,2.0571879958973076,3.2746646197301277,2.99280816268846,4.652670379191978,3.607396407114989,diseased
0.0013762158163019207,0.4657647909141831,0.3905326673115421,-2.0391513430346153,-1.1583197436135844,0.7726241585745918,healthy
0.05207118510394829,-0.5216496504181594,-1.24817971784272,0.19542276490297042,-0.19169676899531105,2.0202673380796417,healthy
4.009685684389286,2.7778098494624053,3.0872514871462404,3.197816548675396,2.7949572402411484,1.541401475009282,diseased
0.4880932721923791,-0.5775371839442981,0.4003521905346774,1.015064936192444,-0.7126666356857019,0.3808900274015926,healthy
3.545804978064998,2.504626285311768,2.0361689762110418,2.3979551733179045,2.656337135433142,3.2176368849906054,diseased
0.5435233447378405,0.9628387139793324,-0.08008198185377954,-1.7022831013102921,-0.46646817538216817,-0.15067794022659223,healthy
4.445744564245944,2.432179730684952,3.5294697824079186,3.291358996440636,3.2896602556324406,3.218936063463164,diseased
2.5110196990374867,2.372511245349599,1.1250963540195233,3.6763593436242354,2.132182116144902,4.007531153019839,diseased
-0.5731563071506868,2.340808887791223,0.49148423438486033,-1.1644260642443258,-0.8342861967831583,0.24337247139381338,healthy
0.9707354190544935,-0.2611572476979568,-0.08669599005183458,-0.3880239635487064,-0.5121199086543016,-1.308199926863865,healthy
0.18047678307435738,0.6644320239800762,-0.3118948485158634,-0.4944023694095982,0.18196725856866128,0.3506440670398949,healthy
2.5660976894942955,2.322626163733497,3.618054411710609,4.674305195320518,1.9589485381282232,0.5841272926029015,diseased
1.0264959693424798,0.04115723682228777,0.09833786013320965,0.9170178035099407,1.092750141981459,-1.732129061205441,healthy
3.4521664397793463,3.034047041121655,3.863234412466618,3.6601506587754393,3.1558804506772593,3.8011796544199186,diseased
-0.4264487668592376,2.721173739044832,1.8210445299157296,0.1969069797714716,-0.8321947285442037,-1.609029451692822,healthy
2.3446962635419815,2.1795114071529795,2.339130133998882,3.6487288310421997,2.985918673672035,4.12122102935294,diseased
0.02657489683448823,-1.8186341132448633,0.4279337998879703,0.1774568412105237,0.44622878505572994,-0.4634969334998664,healthy
1.7340287011737314,-0.805007701528497,-1.040997301485229,-1.4320658005825042,0.5336624593453383,0.6256307447469265,healthy
1.9054178923668588,3.6518535742720504,2.5852727871199166,1.3742736256897559,3.418416672435905,3.4863466701475967,diseased
-0.8192925421864935,-1.0988745999021583,0.7684735154696964,1.4218499813434655,0.5056926908392599,0.8358173459676733,healthy
-1.4358472999438883,0.46678946561837587,-1.1476852168989529,1.699892339660947,0.270094204767006,-1.4032843996500628,healthy
4.6561045662969605,2.723620195093251,2.4806486456583903,3.1137086223516866,3.864011375022602,0.9270352741199157,diseased
3.546491389581265,3.600880128322648,3.1060529932637966,2.868233392340135,3.473483162930109,3.399526684771406,diseased
0.41772685492077233,-0.6189706209377593,-1.0333397780175095,-0.6455434737566845,-0.6835953070360038,0.5249960083345708,healthy
2.886272316983252,2.83585222798155,2.6162054950482987,2.035081256986341,2.0808866955549785,3.860351184710021,diseased
-0.7939979349424935,0.9707546485937223,-2.1980076082042093,0.21223976403409497,-0.991498891475379,-0.01491055849360696,healthy
1.9876829725453835,1.3438826066766656,3.4799527084489306,1.7062969303499815,3.6061345880109306,4.037427935689632,diseased
0.7799538165262154,-1.440977405082379,-0.48263044132040345,-1.1233094506905685,-0.6378305722889597,-0.8333110049758257,healthy
1.5739146565876951,2.2327876728349185,3.6850057269036807,3.7147527812107977,1.3293102633119354,1.777393634870441,diseased
1.463330967408291,2.7753546501142585,4.216465857470584,3.8294176477030217,3.0082359581456344,3.921120012445983,diseased
2.6526804906252557,2.8655307007549142,2.828949471587507,2.3451373122446575,3.7333123684804335,2.913214340901669,diseased
0.288816582066866,-0.2956657266256853,-1.4733715929359021,0.5122384083312601,1.136703353702554,0.6073760467131242,healthy
2.0482665125587736,3.325852614530722,2.5768460002022686,0.17778277420464406,2.004583232204224,2.316518085778455,diseased
-2.23496202878047,0.926203056277368,0.19145303768298497,1.078483069134095,-0.1361797331462486,0.18846661891450603,healthy
0.36980249547513916,1.900374138065587,0.27465552733290877,-0.8949684760421813,1.0270806701892,-1.636037287846117,healthy
0.8226485065399656,-0.7882340919654517,0.8048777645556339,2.448647492101617,-0.6230764610587125,1.2992751069068902,healthy
3.088712084744423,3.0810572320956187,2.1387881999003504,1.7405065703490856,2.618373547774747,3.868355432455469,diseased
3.9341328283065664,2.970786667005405,3.882062582933974,3.9359150364791455,1.5971141504075146,2.825408327745128,diseased
1.130473400858816,2.2495743664943504,-0.31896719363576814,-0.0361431764313115,0.009783565123339721,1.9421854507084564,healthy
-0.584050506346426,-1.868344849270662,-0.9981937374931927,-1.3906695302272547,-0.12677959099357683,-0.6841994053517984,healthy
2.9000427361741887,3.232995551922873,1.9951212628032478,3.60395810447414,3.085064197012485,4.093335370754228,diseased
-0.9077721403129143,0.26250934748061183,-1.2936379539857008,0.003169944639415076,-0.5172054145801547,0.5670558451907819,healthy
4.04887375009427,3.4261251453279375,3.1584954103489915,3.284392314001177,4.815972656389589,2.8899273035995976,diseased
1.8803702713941155,1.2440986693492615,0.9675829707767721,-0.7285043171366192,-0.29343513784914554,-0.9197246627937408,healthy
5.32233192858328,4.024351824025867,3.0165287135822476,2.569952690563176,1.131915222944652,4.194422250796144,diseased
0.38523261923320196,0.42911911519047446,-0.019417543876177737,-1.3642239554257414,-1.0899868119191238,0.6368240335314885,healthy
2.198378996305104,3.28714390459378,4.1923122356894895,4.301341465986039,3.3664131268609734,3.684084616040118,diseased
4.679387969743912,2.875719516540099,5.093776649186836,3.9238617787154833,5.00098061093037,2.8188102461362305,diseased
3.725778161938027,3.266003962852997,4.072523319273731,5.280624197831893,1.9551055549452747,2.2472655186370805,diseased
5.74755565068576,4.165212244779811,1.7382939455611488,1.4632025356028795,2.889720622667304,4.5719875037293525,diseased
-0.8467661486901819,0.24402130101373667,0.5814198502426856,1.4329300628070527,-0.6564185452162635,-0.3179918232523262,healthy
3.292018430035244,4.61476292635238,1.2373371595389173,3.7480366611945586,4.079975731811006,4.214274224835837,diseased
2.3201337433814255,2.964350842112465,1.8393314348757634,0.841628179425705,2.7816927642976763,3.252881991579495,diseased
-0.15167485760614444,-0.264493598094959,-1.0700412930966852,0.8271763562614096,0.8460124298546868,0.04089368451052054,healthy
2.513878139578006,3.4331351695013206,2.2897100519443585,0.992240999379018,2.356774404142496,2.3096903777152376,diseased
-1.0900979849886712,0.1814832299213445,-0.945369035582733,-0.7453702060845657,-0.648391176584059,1.2159778500722835,healthy
1.6982920801240322,3.0773735742026025,1.9003151736529191,4.3623282412713795,2.7084923152805613,3.641754309980346,diseased
1.4903212544653002,0.27927288336798406,0.32415745772594284,0.6150950323864863,0.31173299002213195,0.7479483282893075,healthy
0.7298529681182292,-0.3282967826986917,-0.42836452002759823,-0.6268224058773053,-1.4994967085559583,1.5601817370926783,healthy
-1.3041347358059512,-0.4387098303357449,0.7371086090410185,0.44355769183504495,1.5930653836247564,-0.0040534266147775125,healthy
3.6610165564815245,2.5065843569581516,3.4635291156131296,2.870455584075236,2.749192063559516,4.5250188147147465,diseased
-0.7520033792581955,1.0981241985488952,-0.6752465960330831,-0.8052392575398221,-0.0011923511051287392,1.9319897429765716,healthy
5.059716954775251,4.010480687434103,4.381670614492801,4.087611029579423,2.8651190748774953,3.403438191199377,diseased
1.1547505008320107,0.8218379777534848,0.7540378265510653,-0.7773319565853868,-0.7451515753835625,-2.029679887663501,healthy
3.2383439174223785,3.5701027983438594,2.030513839061809,2.9154389668377814,1.8511557467903355,3.5538200281084924,diseased
1.5313629841763554,4.283089928485337,3.4461955659157435,1.6237830536379796,3.142296272656737,2.5312784504265506,diseased
1.6682832523198987,2.151159345897351,3.327569663781726,4.051415655679721,2.9992067621958207,4.534104404206353,diseased
1.1153261444867018,0.387797071428739,0.2880017302178219,3.214390971909234,-0.16900019082095039,0.16918574977841397,healthy
2.1127330028586413,2.498405476996551,1.1629280891292813,1.8335706906222342,1.8129487608669503,2.6011164064184418,diseased
1.527687216214651,-1.1861350466098093,-0.005400131000477191,1.4198589871443197,-0.49099443350484123,-0.16240854473728508,healthy
1.1550445713591535,-0.19244915469604434,-2.2717792326401027,0.03535397368653716,-1.7841625220166666,-0.21714942594408118,healthy
0.095289372865937,-0.3802719084945578,1.1403778702663592,-0.06670794013480881,-0.9651711380260342,0.6938055010962784,healthy
-0.6846880440425576,0.4818473093318288,0.7278849488997008,0.7491178322009753,1.3996946711966503,-0.5504819796364079,healthy
2.982749920746441,2.993527401679253,4.14543759983521,3.7359903197100692,2.375237976405995,2.420170145543301,diseased
2.358639148639592,2.0710110301253897,3.266481251667986,2.8491515199838737,2.840657645635583,2.495648237811957,diseased
-0.4349007930065365,-0.6563461639510355,0.9031513713838886,-2.041668271032885,3.1491642630593284,1.1541207416445949,healthy
1.6046964026433914,3.1629628178584883,3.9663054387575776,2.2214307614419244,2.1077974869745377,4.50626255233254,diseased
-0.700495920687974,-1.4359244744861313,-1.0311973812721096,-1.6065852366477575,-1.4972787191167518,-1.5596750312674383,healthy
3.5074503315165693,2.8348863420878945,2.590150089066331,4.385001073811248,3.9624590911147313,3.6170014623829174,diseased
2.714758065818847,2.3071431252049126,3.5896251635987264,3.549212838028023,3.3713964774120995,2.986770056853396,diseased
-0.46397327906010694,1.5928795615958418,0.23981410787750204,0.47537832699466753,-2.586039943876386,-0.6537344894045286,healthy
3.9120829566517927,2.1292698349308417,3.9920722655575376,3.1658623317052226,3.0392285775324903,2.5849040065892335,diseased
-0.4672710699218704,0.1290510134157261,1.1153697189785832,-0.7565006082748553,1.1972335181812708,0.12407530951196799,healthy
1.806537363550771,2.0295493405371747,5.037225902523248,3.50649168569526,2.6391183785996715,3.6420887720513995,diseased
0.21225727998240002,0.8640072720207901,0.06883232560278287,-0.9739183937649534,0.023848354455931614,-1.8884153915394422,healthy
3.31418243699767,2.7393110851046254,3.111514010717474,2.66413432702307,0.7951831150048774,2.1586283938787716,diseased
1.0847411134536038,0.8933551987382066,0.27369331540754227,-1.0109443034453118,0.9033853143445947,0.3810471279557522,healthy
1.1222257801376632,1.3077771471889748,0.010605824024726667,-0.534469340741795,0.5546941798955465,-0.02462144895322172,healthy
-0.6110248279848474,0.3203918452051127,-1.5690014196757296,-0.39546257832617854,0.26114788009109907,0.8239600125195051,healthy
1.4974242235626711,-0.8575588837952521,1.1311908103964154,-1.63163102797135,0.9376658315988395,-0.2372459046795907,healthy
3.616058607159732,4.377513511521197,2.778346063493681,3.3714197495861216,1.9855839730233416,4.302979869006592,diseased
2.9764910953269426,4.121493806771789,4.313876591612088,2.4429835820974724,3.7113232010339567,2.624491116478671,diseased
-0.07787119892940478,0.20207488682861602,1.1171041340040986,-0.4003373621477374,0.6808757090562668,-0.14463533644795523,healthy
-1.0577811251432885,0.2059394620941099,0.13017946960180968,0.29755730301390676,1.0625371208893997,-0.4124959652003135,healthy
1.8660687360114856,3.132283579064164,3.14493681769826,3.575038765586739,3.1065772766375064,2.8154875247343165,diseased
4.130323047656638,2.9909672695697487,3.1504659505832153,2.05755605798474,3.287111565021751,4.695776285535388,diseased
0.2174391162949263,-0.38529643595278734,1.3461097503412538,0.9342888546843545,0.48249426079874763,-1.1801404150533439,healthy
1.7073865242058321,-0.40682240351132803,2.7290195018569747,-1.5279029036062397,0.3495055479493255,-0.38630186958968893,healthy
0.219562310680947,-1.615318854579781,-0.1492427416792045,0.2615793111329703,-1.7566256994238636,-0.5225029255109357,healthy
-0.10680060337740549,-0.22967986894639247,0.4572003101059361,-0.15427488198311298,0.8615394691474236,0.10299852806451576,healthy
1.1964831756964511,0.6655320669543341,0.7346713338464687,0.3216666235060605,-0.8451779772276554,-0.9356271421283485,healthy
0.4854617015970859,-0.11791274245121647,1.141795661244427,-0.0030704777281344614,0.06335675260431281,1.360403262304348,healthy
-0.5337884972152811,1.4310037397396016,1.125391924310959,1.159102568442908,2.31213507848428,-0.7707714920749512,healthy
-0.6906880126178839,0.06248312645153182,-0.28257152534910235,0.20249158398642758,-2.105027867724164,2.0024676886095993,healthy
2.559909450652658,3.7944236867042394,1.9577715175287485,1.0323814541914407,3.421430928663114,1.622557146886814,diseased
0.6566365067986689,0.11050717744383194,-0.7383216023448206,-1.014662367487717,0.24634219521120196,1.3110808272040482,healthy
1.0720154753847566,0.29469203327758237,0.6436642845364944,1.1365670086877253,0.43643476808828435,-0.9025375331001769,healthy
3.3997242866199824,2.5965178816378653,1.0019128291977415,1.9122149460925926,3.537815394524304,3.1268959335741533,diseased
-0.39290684184968,0.2327493946858871,-1.021859374191638,0.06850001191677457,0.24605487522907746,-0.0773554207887332,healthy
4.183777253208744,4.631262953421153,3.682006587848414,4.4229498993136644,2.2468922974391443,3.4166058354471893,diseased
2.1036219717088205,2.5714238381145984,1.3474120890953192,1.8739876386061092,3.015126792651474,1.4369464252000932,diseased
1.3180780171264908,3.313701464766,4.203422636406583,3.2580661451937387,1.22653523438263,3.232317253790521,diseased
-0.758756759562809,1.7866837303594123,-0.15964608029769015,-0.8299301146835644,-0.3728983906951256,0.9543437080453698,healthy
-1.7969280332746063,0.19330085492571836,-0.33375059399774476,-0.7711303644799203,0.3152129542921461,0.15558461727451872,healthy
4.235122051510187,4.738945995115714,2.7633577861224516,2.6425345231838677,1.1220647760627818,4.715117269540001,diseased
3.524878523064393,2.6099260759542906,0.5759185135866338,2.7878311620041436,4.241046147031798,5.172447965420012,diseased
5.585314920636579,2.398077442807829,2.488251670331446,3.1562183636529064,1.6756356668912817,3.8087644630893838,diseased
1.5656393156917285,1.1128985884655478,2.98871243806219,2.4222766075924804,2.1314830922384163,3.2275095691617843,diseased
4.2893104616606585,1.466137666428041,3.1441348965445672,4.549851094126515,2.310997338732855,3.539536793819332,diseased
2.77954869245622,4.14212533699083,2.849155456404698,2.5710366939417613,3.365053454025829,2.605833457230144,diseased
-1.602250759500302,-0.43502980447508566,1.2402226948017574,0.46566265317129135,-1.9569387853750035,-0.0350515116881563,healthy
0.7698529690098654,-0.5166922695242262,-0.2618841417402872,-1.8301271358594364,0.2917505618925979,-0.673765913490036,healthy
-0.40237739797281896,1.1674728080056607,-0.6076827531242488,-0.009825594514960836,0.5402154018682239,-0.20760171202737612,healthy
3.1028199053146888,1.9319256747843598,1.8375683737025799,3.9003501977073616,1.7816056977743753,3.2009269569054153,diseased
1.9684226161757907,2.4809950022437928,2.0668005686901116,2.3898260963876217,1.2521808660586988,2.3696582165626805,diseased
5.63758963382576,2.031825229308857,2.4953690011126373,2.7479389998751858,1.0015349664411017,2.1317333229222415,diseased
2.407187066889711,3.2083047585970808,4.39215807740446,2.5351698709701433,4.598453936825487,2.671442627628413,diseased
1.2156668893105802,3.169590913352246,3.5929868954424213,2.3013968273172365,3.482985531108635,3.2831906341192636,diseased
1.2064206485316313,-0.17861069581218178,-0.09475811147673502,0.450456882026013,0.24711818395745414,0.6746373502585463,healthy
1.0572654174733929,-1.7846701659189486,0.8808591942234584,0.2129248467187966,0.054214374395357916,-0.527255138315271,healthy
2.1153291725783805,3.0559774358242153,2.273762202775297,3.198455835840013,2.7583634999727833,3.164511866411615,diseased
0.13104036890904666,0.5273080997465787,-0.030922472263587825,0.8912922446426618,1.656008484699485,0.0804930425261346,healthy
-0.196817358297354,-1.9760123510226113,0.523095800724527,-0.08159020676334972,-0.8823509559363621,0.9332403438508771,healthy
2.5649128672792623,4.75702103544749,4.031944354497594,2.805568710442924,3.436247104730064,2.6678417299663186,diseased
0.04774542744237301,-0.29491926709078753,-0.051990547101837564,-1.562178729028218,0.37175482357017836,-0.9151915603012377,healthy
3.3766022374695033,2.247410597702717,2.5906718343217223,4.560487524667729,2.2534236919532433,2.483177698093507,diseased
2.3537818206265126,1.7870632913013336,2.5169804311085673,1.7452986922649263,3.145167058469781,2.3920988427024015,diseased
2.651125870500587,4.732467932574772,2.5778871373833296,4.111329932101876,2.9503187905514916,3.099156689368936,diseased
3.003536513149113,4.104196427010939,4.35916429721407,2.2307457704948908,2.720463813513669,4.841412398367256,diseased
1.830666142658778,1.0370469142715002,1.093976189914738,4.6267665840627945,3.855957850022173,2.868961637449041,diseased
2.0406455591552994,5.007961120492929,3.929074964292595,2.66543112518783,2.210517700206066,2.7960401300589157,diseased
2.394159145079676,2.5592367398380373,1.6704099723424468,2.592412689817772,1.252942065164659,2.3392314819792674,diseased
2.270797305188964,2.0484698631085227,3.374903475201546,3.5986581314532007,3.3337402480604363,2.433634260402565,diseased
0.11441985746092122,0.8186363115437669,0.6384137907924435,0.3498851018692087,0.6499480978062986,0.4784920376501184,healthy
2.246151495261433,2.500836246245878,3.40049805464054,3.3796385690346997,1.6704017534724442,3.7845830508658427,diseased
4.385582920430734,3.210421672335441,4.432350140111902,4.310359139290938,4.137846918706311,-0.534826277379163,diseased
0.19853242993776873,-2.477620876439257,0.023414350590219842,-0.18196770659554123,0.7106682338791255,0.3210541064788131,healthy
-2.579582644851874,0.4153769684854302,0.3551664168161738,-1.6933760502015254,-1.4122758293094115,-0.7492891453695645,healthy
2.63779036543044,2.779037955529223,3.2974296524558406,4.094886472158594,4.977535977144446,0.8274245031608722,diseased
-0.9330594546872397,0.7052054431518636,2.3584677409501467,-0.9924186997796605,1.829214895003395,-0.9170294093756378,healthy
2.902402582695577,2.5090831078433267,3.35750098597904,3.3112588812186785,3.211684257434805,3.6331275079038283,diseased
0.989459025753689,2.993969500178504,2.380331079317757,3.5697964366307744,4.850407292514174,3.653894022312109,diseased
1.4481016868281007,-0.04414817632926931,-1.1172448790608862,0.4578503994915399,0.5169870984137933,0.49165834283826976,healthy
1.79862827668223,2.580022067051803,3.0717938270589533,3.070219007262123,1.9806922168915775,2.2916745111411316,diseased
3.187979024918009,2.0946623893365817,3.7327941026602556,3.021047539886102,3.9091017268159556,3.82730060787003,diseased
0.8435208164928834,4.917483385830243,2.084683515516003,2.2035527377916084,2.677701427812213,1.6899970723754563,diseased
2.9083141796366823,3.727639152581765,2.108225244852891,3.404550417233611,4.539396926446336,5.006452646179779,diseased
0.34521937611451436,-0.7696747778790584,-1.2242376759060625,-2.0230450575793495,0.32918735874743676,0.37005395848777656,healthy
3.69746733094063,3.618063573150578,1.70952811022381,3.159978100377155,2.482975590792785,2.098078616113936,diseased
3.898965960130645,4.577794589778865,2.2627711617172004,4.204945371003032,1.2495096481282684,2.154174624981354,diseased
0.03353132078726135,0.2532373593420619,-0.3155921648136706,0.7236319863680966,0.5807797415265663,2.321408516900731,healthy
2.7691197817448416,2.2171845349419894,3.012498797758137,3.3842652660222785,2.3112405343236544,2.406010610389844,diseased
2.165503637875662,2.3574760010967193,3.509518925135241,4.07921432576841,1.9644158619923828,2.6487082008722744,diseased
1.969757582071212,4.210519619951666,3.5326658716861923,3.4897921650738417,3.598507763959797,1.5202882790466903,diseased
2.881522677828433,2.735938891707143,4.238257316228797,2.2958963172069087,4.023216176089566,2.7109626822475072,diseased
2.700955944965316,4.371183348643821,4.29602537420171,4.402511563671393,4.452290402673615,3.2635505736803756,diseased
0.18805716900128577,-0.9042206521399764,-0.8664300835441683,0.4185486310884882,-0.9130141402775723,-0.034210884256722016,healthy
-0.9198550223813338,-0.0026920482464905175,0.4643679239664105,0.0722411574384575,-2.2067945233703887,1.2869049513116337,healthy
0.5240148795796721,0.8115132728378954,-0.21038579732682744,1.0034122333710784,-0.7115439859527487,1.1470587467683069,healthy
3.108117657240583,3.067936428264423,4.013987961395357,2.9132808110361497,3.5807016025548206,3.5996573392054207,diseased
3.858749799402837,0.7821673528373534,4.932568834019635,3.845360433009544,2.6054172600445358,3.106949313167016,diseased
1.7095001419088596,0.508219294296325,-0.26085995051958866,0.9335153435389998,0.7509155366343595,0.9752641947374724,healthy
2.5715061045901213,4.484818939800811,3.237454322875242,3.597281958695183,2.0649650691727333,4.327498245778643,diseased
0.3625051167411656,-0.23669921987108264,-1.1059105499737532,-0.5559250524055706,-0.3949125162879612,-2.315775631107071,healthy
0.5703148900153162,0.07343142983148367,1.044049544722134,1.0601927908888367,-0.6453380077771519,-0.27431596094510047,healthy
-2.00111994520767,0.26054244674376786,-1.2493542213517603,2.1755789256379185,2.3416035359052696,0.22630129321375733,healthy
3.9600188215540832,2.787485745679926,3.6483017489562966,3.1566145230611395,2.882361023768229,3.120479681196372,diseased
0.6796496534340393,0.675180566507227,1.2673074611463526,-1.055313326575193,0.7798816293547256,-0.6077883445070497,healthy
3.7328036915543703,2.2832838461462335,3.5875171560298043,4.45763877994694,3.3220501635188686,1.726531232177054,diseased
-0.3902191773644836,1.09760525660642,1.7117123424087934,1.1980695233928118,0.7236852620320248,0.8277969278090205,healthy
2.7396435613776147,3.1622951715397174,2.9366788374146657,3.866279152498418,2.5761106383565417,1.5556026030437153,diseased
3.548783343710931,2.461763366644328,2.6918693655220265,2.9316663088777206,4.472011586594601,2.950779566665589,diseased
3.1438413304931387,1.92782953266912,2.9797095669964655,2.7396971846382376,1.3347426144455175,3.418269261619673,diseased
0.3433284201270193,0.49188566484212837,-0.6930048353471445,1.4109898381177775,-1.3495241610180455,1.958563370279812,healthy
0.042323906609705614,-0.673358171552496,-2.1832358374254084,-0.697560188163781,-1.4324506747879238,0.5868544072685127,healthy
3.960755686302172,3.5966386971873616,2.8673065790482983,0.46212632653756947,4.250065133576668,3.6677387418351377,diseased
0.3174051682614164,1.8141883405999772,-0.8269602989702713,0.21064867605821866,0.20200164095007708,-0.689702188878588,healthy
-1.0314241710934378,0.6867171468628693,0.6654789549406667,-0.15035665456683686,-0.28110187570445544,0.7326478451249915,healthy
1.4484327618030435,2.0010297076625183,3.920462044784,3.726395543793744,3.2146738629665776,2.327462713997904,diseased
1.539712916648304,0.08994684204626592,1.2190384290220666,-2.717651358181704,-0.4702924181212981,0.2497114029648015,healthy
4.502220180564238,2.9452125442585575,3.1095565639731872,3.864178680960241,4.158649094104746,2.666896938664105,diseased
1.2987879766961246,4.5075301874727876,3.310065639931457,2.511161447004391,4.489012834112159,2.976197363603089,diseased
3.1441130056836966,1.6967967182595012,0.4660253890555346,1.9032201584612816,2.561411496330532,2.2040552405256886,diseased
3.616926860653482,1.1055503552450812,2.433834407420856,4.456688451189985,2.466913190639408,2.919663932111,diseased
0.33231834406771527,-0.2673374784971682,-0.216958684145195,0.11588478670085507,0.23229773690672087,1.163558686599143,healthy
-0.7422110777829337,-2.311978744242185,-1.1854991346102983,-0.5007338495333347,1.125553478594442,2.753154910386689,healthy
3.0171067738065034,2.5037228185517626,3.4992153529544043,3.876501944325904,2.4747877134735754,4.5704075350728015,diseased
1.720256265209947,3.3851773614616,3.1248238527663537,3.9788705992907167,3.5219489986938624,3.423953244202656,diseased
5.5047301331045295,0.8736280043049431,1.8156254237217313,4.797302378731623,2.590452051841146,3.4998299468178242,diseased
-0.18149656923346952,-0.24015520254893147,1.4963985538770754,-0.1546653543189482,-1.349969833075344,0.985772986611277,healthy
2.7592411005280333,2.3645612525254034,2.2232933658607132,2.063213672156631,0.9923948830597626,4.238408750320632,diseased
-0.7002876991747331,1.1333843975868878,0.08789591090451496,0.6998246217159857,1.2740732400944477,0.6092723205658512,healthy
0.600065431845032,1.1981009652707955,0.5349658627619147,-1.4512051846420955,0.20511816799995095,-0.12308765966528928,healthy
2.416119522136445,2.421109446433616,4.030968033444121,3.5881410721139666,3.4801751878765153,2.3515608988342684,diseased
-2.6532517180506723,-0.7611940999464197,-0.6358403045852818,0.7817715507811523,0.18848788103748826,0.4743980894695074,healthy
-1.6997670434500198,-0.045459677942810556,-0.5580926962117219,2.9537792641399316,-0.21300837995416544,-0.45562459224058205,healthy
2.17633496929132,1.326783436077404,2.6290656648538775,3.2797737800889335,1.5302454885591805,2.8934879387336707,diseased
0.585030845605586,0.7202453713222604,1.5167084512000626,-0.3121427356736696,-1.0464949240388077,0.8442679692407903,healthy
-0.6871802588935974,0.2158792456483957,-0.5827850788582554,0.9320941366718141,-0.3861797863089442,0.22515672822400776,healthy
0.5145915490404178,3.8975385177474404,2.7982508084075124,2.409250931162895,1.8450775165003765,2.1873937491821396,diseased
2.3381497332956247,3.893829193567074,3.815883077600726,4.501954226597524,2.5863721412769385,2.681481109388036,diseased
3.2576504306414167,2.173560441331174,3.867519657802819,3.298689599405154,3.200557922554825,1.8930813159039694,diseased
4.57729218468866,2.017493695705493,1.7261218075746176,4.274550031697449,2.717877838129742,3.1004565024975013,diseased
-0.7664094160622363,1.9993798051614897,0.567373662750663,-1.9027283028945088,0.5528598865958085,-0.4074118188900081,healthy
4.2508971902453645,4.025628053926218,0.9653737720035753,0.8610190524736341,1.480394998749887,3.156535355920759,diseased
4.532476546975339,4.012881295596315,3.4143308905434555,3.923349638891172,3.77429305127726,2.813130411846376,diseased
-0.6152441226468611,-0.017589832719863276,0.015213084468816439,1.0730402468735136,-1.1292666384327423,0.45186088404208596,healthy
1.596073831064355,0.6681822358497356,-0.8041942973288516,0.219027668829904,0.6419463362638245,0.18129265639183836,healthy
0.21736126979302767,0.12428970989642983,0.057696966014573324,-0.8291847976306961,-0.19316558314823537,1.2269369409446935,healthy
1.3911385208609213,3.172236502872641,3.97728362165381,4.201907253837789,4.313816232698682,3.1524753429385908,diseased
2.127440112969711,2.6188111208384446,2.5719010685655284,3.9669741307656174,3.751445044501576,3.0228205933418018,diseased
3.271423232546917,2.427433771178782,2.578517147338386,2.339077941154101,2.8520776547362012,2.0959750751463924,diseased
3.752890952424875,2.0851425543658997,2.5015467554004225,3.2748636075835234,3.934876856645356,3.646554887475884,diseased
0.19745867587461846,-0.17758946211056764,-0.5501830842433428,-0.511325336637067,-0.28816770123170904,0.9894389971659792,healthy
0.630105928122933,0.5759750148379863,0.628005643302478,1.40366303600116,-1.0384543624201212,-0.0707392347503584,healthy
0.35557485860682503,3.2626659455657454,3.0385389933145204,2.6910259877274982,2.3340999678073837,3.8797267449290493,diseased
0.48810659292943503,-0.8240027246128723,2.7277445986992355,-0.9410028621366266,-0.7901255402876283,0.19400337485364944,healthy
-0.22325259441131012,0.09522091980203824,-0.7767329173504803,1.292361598433893,-0.49531385690178353,0.33973288757600323,healthy
2.330809912809706,2.42452504637967,2.6937047254952873,2.625441450204302,2.632437873557532,2.9460364791309344,diseased
0.937431622571106,-0.35811362129496604,0.6824649303212347,0.5026342333516453,0.38315502696855025,0.4426789850524319,healthy
0.8472950159292573,-0.27380816834534455,1.724795567821819,0.026803500773852018,-0.1755423789338502,-1.6108279532522898,healthy
3.8473565193784998,4.397886208696939,2.2497693808326655,3.622845118205981,2.9146657475245115,4.043987246844516,diseased
2.1445476456247996,3.773078491756321,2.785922032948113,2.8252381136955,2.911381019017949,3.5502474752349773,diseased
1.945552933136155,2.740448192080106,2.7976668313139657,2.62326937055599,2.3441858153737254,2.951339307245528,diseased
3.728657341359587,2.5579013873159235,4.001135144925224,2.6276809204308615,3.9131952362293707,2.8996486608319247,diseased
4.489324193581286,2.0171690920855774,2.8986231303348093,2.4965511186081617,3.8232521353212423,3.718152872218667,diseased
2.43703922108846,4.241454092208404,5.049887515075823,2.238662645819044,2.6363907459092464,3.4335884148083515,diseased
2.1728183175304197,3.3599814568459467,3.572483797706326,1.414669647697699,4.581906673943496,3.44150645609566,diseased
0.020507037263192668,-1.33442809071426,-1.9177404614444131,1.7115593639849593,-0.21640796052680086,0.5043991507993695,healthy
2.3219644417686105,1.9565472525569578,2.0734204380510324,3.791465939019538,1.7338367324336288,3.0194992965784726,diseased
4.665958885796101,3.3420522189325235,3.7895903244870124,3.0747096418001596,1.592813256072392,3.855722627926341,diseased
3.0766730603553922,3.205165630622156,4.97846363411031,4.289688209245259,1.9480657566473012,1.4180306534593277,diseased
0.18257375944692528,-0.4595593462194918,0.8433259737174407,-1.1734047006751551,-0.2648523985038314,-0.5375442589546039,healthy
1.272386918252629,-0.0008030414838557247,-0.5486864004053322,0.035759598795011616,-0.43227620895673813,1.0062079757863194,healthy
0.8332555696612187,0.119847106147557,-0.5798033569867375,-1.1118935209405625,-1.824709271360341,-0.3711119224385391,healthy
-1.3392017148152446,-1.6003595209168955,-0.7413496518504449,0.25835712948528516,0.0010809661253421395,0.3747044468043356,healthy
2.451561851689748,2.4681232009328755,1.0993741617566655,3.5053140524018955,2.896588942648491,2.9710095334053648,diseased
0.37535028261937037,1.1323575308822444,-0.3045049241513605,-0.0001490498648908829,0.5865133672130857,0.6826819134624046,healthy
-0.4187385865596868,-0.14263593827157645,2.2069293491528925,-0.1074515188872195,-0.48532144229114593,0.11991398387495637,healthy
2.7134841967197407,2.8619946051918292,2.6600973989589707,3.249602297415348,1.27590498571269,2.9802496739752447,diseased
-1.7196087076014055,0.07177701662830722,0.7222542762282802,2.022969253473468,0.04935669838375325,-0.7483148368816033,healthy
2.485776634836912,2.8630163436573026,2.381576307699421,3.8893946029518447,2.4898553783153052,2.345011205165906,diseased
5.055764709116938,4.064259050453346,2.076048757394158,3.137097024344344,3.6235260960792974,2.5120387352495333,diseased
0.2524614630050099,-0.3609810112184397,-0.10337333232262819,-0.6418298464426032,-0.17320876420470538,1.486506903619689,healthy
0.5338957718343611,-0.08722657039841221,-1.0421058704108108,2.1907750313906424,0.2639578863553554,0.8274152256554287,healthy
3.475173116341424,1.9559565407929758,0.8672444245200035,2.0411526857398288,2.0432709083027736,4.1726228698401115,diseased
3.3865650485993175,3.4611574241050374,4.27101182012592,3.6687615544105716,3.1540321255671064,3.624572187013384,diseased
2.9127589199332067,2.1752660247568505,1.834125286321413,3.262903481510636,2.0586921689102837,3.713387587231056,diseased
4.583684294551366,3.18613017765527,2.570096919269977,2.3058741071115323,3.937429528269691,3.560361588741322,diseased
0.5758031475475504,-1.5536093306337848,-0.2616882513082929,0.419807198023843,0.5359207882174326,-0.12726336289101695,healthy
-0.06901518324670536,0.6270198155852067,-0.2517774914632372,-0.8220673267654407,-0.05919977985202037,0.09351148585756956,healthy
-0.9226779694002419,1.442008824241391,0.9651635963398251,-0.28133739204335284,0.036164361969480724,-0.24256723925782622,healthy
2.062290591860823,3.0975441818508846,3.225126962984109,4.134364045966532,3.886414597207252,3.369523777675174,diseased
3.1075078955396327,1.6281956859713513,2.86316411665704,4.2866662723846956,3.0869756063987555,3.7216936619636507,diseased
1.0690254394207013,-0.8683604129657693,-0.22745765928141864,-1.163512760179894,0.6109504782247451,-1.1019615245008139,healthy
3.186425262962842,4.084990256132077,1.7074963939963717,2.486844036687141,1.5575740491995422,3.2458297020685367,diseased
2.114433220713039,2.8344381529522793,2.5418138552876366,3.3628423289952964,2.467907175197434,3.764420136074234,diseased
-0.3125957472915193,2.357320388809078,4.258576621204931,0.4787527557934146,4.48463600783813,3.0822068816966,diseased
0.013465896299126338,-0.6511429259683605,-1.0849176059960057,1.3634054909427085,0.5973419939485671,-0.6707393502626668,healthy
0.322500143639209,-0.30237118185260453,-0.8036354538106663,-0.07909241046296576,0.8839859058325767,-0.3737557427776634,healthy
2.701047583080738,4.8629229896716755,4.092455604896673,2.3490407103761966,3.5269190269992934,3.243421334894968,diseased
0.9808160763437178,-1.9596757620790584,-0.32994968720006074,0.969860946102532,1.5439697955424616,1.8610238233126282,healthy
1.2175365846396569,1.247439105076407,-0.24534357630852416,2.071282198645538,0.03277080289936971,-0.24190413912377645,healthy
0.02667109233694199,-0.4422875371588646,-0.9206615370302526,0.8726054709082737,0.12932788545356033,0.0475869285655146,healthy
4.9249263357439315,2.5686815870559476,2.0955613073134765,1.7972921668960307,2.8772177689851475,4.019078105362384,diseased
2.598925517770286,3.0602672029971596,4.296656656225203,2.0920642359379507,0.8520968921912231,2.9716375949917184,diseased
1.5836817994910326,0.7118680737856397,-0.6558659237277387,0.7315329796359693,-1.2432916297202024,-0.5589679376978514,healthy
-0.3429164910960217,-0.6964691720754596,0.2508671269142992,-0.014712760831985377,-0.9050533851783099,0.620139245438828,healthy
0.013261885283804235,-0.10106411678041247,-2.1864617615483044,-0.715783231287305,-1.9495889195944887,1.2910565269664827,healthy
0.5797023621298565,-1.0216418572185815,-0.24840280567022194,-1.1663606187184874,-0.27826355350057475,1.8769245287801024,healthy
0.8673373942012389,-0.6651554180197803,0.5331910186557777,-1.3512508965598733,-0.49364101718611164,1.0234404294173223,healthy
-0.9023809671624451,0.8276312306042161,1.8014163467567794,-0.3876198041095915,0.1727710412144404,-0.5177596662834922,healthy
2.473455315420617,4.467258822057154,4.040465451304835,1.708322452543721,4.088589918262395,3.168305718982769,diseased
2.6382542446332145,2.1285602629993847,2.5687822161991223,1.946967102181195,1.6376916121331504,2.9801009624264863,diseased
-0.5328285867746178,-1.621312075740941,0.6752171454008716,1.188794788193607,-0.006428391274197309,-0.4931922184490016,healthy
1.9997127879808951,2.9844420624210093,2.758606875890287,2.4290453320495375,4.531157537884976,2.7723304371808455,diseased
-1.731219722734932,0.48576797020739826,-1.4708313674484383,-2.581570782123187,-2.0208327914879374,-1.3817685557083725,healthy
0.18109397987624676,-0.6919273901409018,-1.0833365537522737,-0.1546853895195475,-1.8565042526126185,0.6985699904060957,healthy
-0.7983218437998242,-2.1560328090043934,0.16372576723074264,-0.691689535119821,-0.5264807044674746,-0.32926352845682194,healthy
3.0766094462954663,3.1786772919304127,4.075874496933252,1.645429790176611,3.112484947320051,4.593881949851953,diseased
0.04621508676410812,0.9701810376804344,0.40539089281124296,-0.9131798676764139,0.9722463264132091,0.8451494124356657,healthy
-0.9897072859524271,0.6356010152932335,-0.4981221024798703,-0.5532395591916419,-0.8604921533184503,-1.3310691289984613,healthy
-0.34551279853133976,-1.3726464186558747,0.2758394684840067,0.47305391760552573,0.18331995909350843,0.6558303518022676,healthy
-0.8138571479878205,1.603052652443563,-1.392073939878003,-1.2767228586553112,0.37612003170845065,-0.20748288424464334,healthy
-1.3147060769008603,-1.2375821375347569,-0.43267271509082084,0.7924251658823569,0.7922641831578515,-1.815911224773823,healthy
-0.18031175679170344,-0.5126417054614768,-0.9935866181667308,-0.883504579768057,0.07052089074637315,1.4870595256068533,healthy
0.5085960400447783,0.8665007596057925,-0.5298975006331764,1.457200576700915,0.1452028054382397,1.4526364883699292,healthy
1.7883065786501922,4.605446695916347,1.8567426030931335,3.0945922821651064,2.0636211192956493,2.281076901210002,diseased
2.726879079052716,3.540105197928467,2.917580008397424,3.4980737543016476,3.032611121722902,2.8700906209230705,diseased
2.095319065487546,1.948902683928989,2.8064349414780856,4.382840183141372,3.0754076383451205,3.1829907101612016,diseased
0.11592996031713133,1.0124758995708458,0.5725877615354216,1.3107661680598732,-0.221623872010695,0.1006804529856824,healthy
3.1059537675004103,2.8875645337740297,3.979365706204515,2.518094651208865,1.8903102479170892,0.6985922901372721,diseased
4.583176453148766,1.951196856200133,2.7231379873461243,2.503639910110743,4.010631623994896,3.6421029799468787,diseased
3.9290418140261982,3.9934344080008723,3.997887019345014,1.1159428587117564,3.2252749782656207,1.5701363144579594,diseased
3.156315297970153,3.2291266608348446,2.6636732175486153,3.4299204821684715,2.1134501758992355,3.979449971974762,diseased
-0.973942795593724,0.8372659403012491,-0.05740669551710561,0.7744016887233798,-3.1625958705076944,1.1101087356885349,healthy
2.934594461452113,3.2601013851800946,4.472126229674931,2.2248609170263083,2.8142912201523393,1.7254838550351448,diseased
0.3002148052585635,0.05409536881569749,-0.8266330811652837,-1.0180189553829169,-0.9933885629183765,-1.3878980226910025,healthy
-0.49979899960401775,-0.4356722536299252,-0.8304368517851731,-0.5432805934319569,-0.1904682215580429,-0.6515540595996824,healthy
2.291404777246068,3.356001887145724,4.179430081190623,2.584527011003544,3.485630059253767,1.3077835734675323,diseased
3.539964342167031,3.171398476269788,2.8438069742197274,2.7754377027851804,3.900279885168226,1.821568439243614,diseased
-1.623270295133161,-1.2255304483995895,0.6416016025185526,1.5674077665995356,-0.20564890732406377,-1.262715857498158,healthy
4.11778393681541,5.234367801729876,3.434676595682957,3.2032358969860226,3.6729906378057615,1.4194458740532887,diseased
3.1542932629453064,3.498315398747013,2.8754300628728204,2.672139887467118,4.278027624870522,4.477506574562668,diseased
1.7699918258097418,3.912662746689613,4.704676983482628,3.6753801178114958,1.60541043677704,3.207074473176995,diseased
3.769300287024446,3.3642993818605205,5.390590762304575,2.1326004235437503,4.317169785302731,3.921022763452657,diseased
-0.85668081168761,-0.13831895369896985,1.023592283566227,1.9534378919694737,-0.5126552424803987,0.7822946119676119,healthy
4.060664365021477,1.0701842783151139,2.593806381187428,1.6139381968088349,3.040358796117735,1.7428607792876964,diseased
2.845847291422445,2.7447583469382035,3.3923593527201366,3.717106816931821,3.338141414133524,1.6545835899239947,diseased
1.9485993160107884,1.215983931039816,3.3148946530796763,3.54654426733369,2.2606548877709973,3.526191127034196,diseased
4.0091431287075245,4.226878272337245,2.915451712730696,2.5319158501431676,2.505606780592481,2.586525806015024,diseased
0.08003477556166226,0.06334006332975936,-0.3381582638110928,0.8820234632358825,-0.06605055615863155,0.5290869560935834,healthy
3.8190690460111885,3.3154570839100397,3.3894466836269324,2.626458571028672,3.4134733178990087,3.682488649218257,diseased
3.3240614581615815,2.8983947009402597,3.061765133599241,2.6201230315034105,2.3581128150416752,3.1218331315572856,diseased
2.5836496278438124,3.2147527273677494,1.485957642058934,2.6339518780832147,4.708514613750297,2.742850032163089,diseased
5.007747028142317,2.9088040394213577,3.9015786447267637,4.6538898273948135,1.56608366803485,1.946609094529935,diseased
-0.49172764486353404,0.2853098425182686,-1.195775771879837,1.174033031094316,-1.918759193167171,0.32223408808630233,healthy
0.6261825197612685,2.130981283917076,-1.6368295559072694,-0.5555824180790634,-0.9039060151078754,0.8417791693258407,healthy
-1.141840656789839,1.2538998985134067,-1.6213674818805632,-0.8146121697170767,1.52519274590198,-2.2395533380839603,healthy
3.490182190321557,2.47660384094194,2.2211017077845296,1.8875970501752775,4.729000112160195,3.1244330275675525,diseased
3.5539689464727187,2.7171305468973626,3.2548052491884243,1.8763944255215514,4.5834005386202135,4.4148997329024295,diseased
3.241022483652103,2.0502777014308755,1.6061234794470345,2.1270694216793444,3.111897862837549,1.4593524953078791,diseased
4.294871829495394,2.802022759742909,4.237378932836549,4.445643910236692,3.4547624906712713,1.362022538468826,diseased
-0.4037869991833171,1.7448396601192766,-0.7289914132183756,-0.5807680557235481,-0.9104008234735304,-1.0540560866599389,healthy
1.919072992231536,3.2183590348653603,2.3701847310474227,1.557581553989254,2.291052387438077,3.1566148594235766,diseased
3.7079021166319963,2.4864844851472507,1.6818222673916787,3.422394607756896,2.5459715556610454,4.244514106355202,diseased
0.9942211438977457,0.4873979264626153,3.3302688635617717,-0.032341372526149416,0.6203496510288014,0.3075915525585113,healthy
0.05154998891241537,-0.016395711712792128,-1.069569983022332,-1.623899703077323,-0.06684619108957385,-0.46373217043701576,healthy
2.047302797615484,2.8671934729882613,4.183047602911071,3.331153921453572,3.231434915413441,4.785622849434046,diseased
3.2848051552051216,3.1745802675426247,3.3504901803518563,1.7710050923124259,2.3594980968194568,2.673839094339843,diseased
2.355477966041261,2.4222408781514626,3.6495948328312586,1.5599073729703143,2.411017786584206,1.9146291614442084,diseased
2.771224003005246,2.059605585766904,3.696069195129507,2.0684132676714864,3.4255876552341915,3.4983797869610673,diseased
3.5295122646230612,2.7666677313847705,-0.17677012412084814,3.080890849009178,3.0940869196467227,2.268817979018679,diseased
3.677808070600742,3.09754468827571,2.3440186642058016,2.840307726367291,2.234568299287468,2.887302332822774,diseased
2.2834314668477504,0.28084051353103473,1.3656894904327486,-1.303263971717364,-0.12213934352186545,0.32314565401410306,healthy
-0.011340683485682682,-0.8369735161386705,2.011971489356334,0.7182074136829244,1.121656573919517,-0.3283833210304316,healthy
0.3805952618816213,-0.9705589546398407,0.2089080413409449,-2.0640968549849434,0.6760940759111317,0.06667865592621124,healthy
1.0909050288895557,-2.344962289015491,0.17747519593537467,0.14328397410029256,-0.5708570545254728,1.3915745307593748,healthy
0.9884770070036552,-0.15603216950516802,0.2533421907477552,-0.8741159665377922,1.555228070446301,-0.627674675419191,healthy
-0.49148177270312765,1.4891447450457527,0.7618450919294047,-2.0841591413219676,-2.4223966069821965,-1.0013564105870518,healthy
1.9167770340325136,3.424359092658518,4.236966732380208,2.4044505812656305,3.5058693174922757,4.048269754354282,diseased
3.6571375941923048,2.4726774390643733,4.001639938820255,4.377351948645175,4.461740418273822,1.9335855902044392,diseased
3.2399277741838404,3.366249547994503,1.3015952935156672,1.432090327817585,4.4005908322616225,2.973359574346959,diseased
1.4504206575201288,-1.3736363552618314,-0.2900462932852064,1.742764333284221,-2.00783876905368,1.1884131573498202,healthy
2.8629210905464912,2.5294677274921047,1.4787706986798443,3.1773079582041506,4.016915400670118,4.262597265468041,diseased
3.2287334987028418,4.29107117129317,4.689368350917812,3.598015778007513,1.7639993879103817,3.1694159081918003,diseased
4.378052948631428,3.477481565447282,3.990686242895774,3.0519249209913224,2.7390065082078334,4.937547314772962,diseased
-1.4489902973985052,0.808232202493007,-1.3030241353673144,-0.3886373535670217,0.12955208833383267,0.6918500823133606,healthy
-0.23205013443001374,-0.7603200384884009,-0.004472405252050842,0.5070877079547295,0.17812523394876037,0.47215087449102583,healthy
3.4382410547587803,3.3088941130328235,2.2799832425013045,3.104130012214693,3.516484378888804,2.368061122174257,diseased
-0.972991604042695,-0.4416852134069257,0.7166162029289872,-0.16388247735637274,-0.060024834240342655,0.8678109997442384,healthy
-0.5972632802216176,0.4210805545678483,0.4077109007023292,1.9544844633557323,1.1103508858669717,0.41116869397762196,healthy
0.7962782902357136,-0.3268894213447173,-1.2655799233356313,1.2391505515789194,0.575847388165508,-1.3734739216837852,healthy
3.160866663861128,2.1261781364198766,4.335250351904024,3.9455179991625684,3.6637914958972537,2.2921211433547493,diseased
1.31335307429686,-0.16677002654309434,0.4654952947644866,-1.5387143314075462,-0.08820781182612655,-0.21502705543829606,healthy
-0.17523470020174475,0.2363247906446195,0.6384621945457168,-0.6795750166152891,0.8011581338869036,-0.009309986232615973,healthy
1.2676300198541905,-0.09310372586669181,-0.8704599607677304,0.7159370052169773,-1.85344367027448,-2.1202672506254667,healthy
2.407811266533641,3.1576974835478255,1.8431228411830722,4.735493229045156,1.5957598440005012,1.9299088313268322,diseased
0.23445496194829551,-1.084368351664796,1.4029130031627675,1.3895288823913179,-0.03429977525862107,0.013260676106867762,healthy
1.301508162131204,1.1359538731928351,0.42484515444013393,-0.8565276511003889,0.12844721483935073,-0.26173149286135133,healthy
2.1417168828333297,3.2797389269105395,2.176859396026629,3.9828490986805893,3.7023241629745978,2.679400054809316,diseased
3.4422427252047343,2.283534030574989,3.278239726713187,2.847911059407967,2.456773400778937,3.312312472675599,diseased
2.9286947388151487,4.020044813817671,3.3041103489551085,3.240407974319682,2.3346906162100733,5.330852597542875,diseased
0.12040728809317063,-1.2078342883608746,-0.5603352740963154,-0.5727839433678338,0.7250422211312412,0.3837930088122099,healthy
-0.6366747674434632,-0.7843626222105263,1.2309409725605525,-0.14647823454054879,0.4594382038647557,-0.1844567008929351,healthy
4.751180146373123,2.797482389855172,3.0761316786265787,1.1919316500349655,2.3931323137973552,3.2459447800638896,diseased
-0.40631613782556647,1.0186033766185785,1.7685216261060954,0.6605343187117255,1.770676590400743,0.9265989166637347,healthy
2.1470244928075615,1.3877862581055116,0.6728714206779861,-1.1222804798570638,3.7520587430653305,-1.1986571186719208,healthy
2.5738928457457844,2.8229239698955775,2.7215111361105007,4.206899418835679,2.4278280400605734,3.8549292871295897,diseased
3.817885987366341,4.1998885103892345,2.9551496857440624,4.9646153031523195,2.1538479057324604,3.440813868866681,diseased
2.882130592000178,2.9713298647309387,4.365465674855253,3.595701971942826,3.295416516043972,1.0208683338124644,diseased
3.9707426261697965,3.537304151850894,3.1495774707350463,1.5630947961489206,3.1260361351846404,3.253704547101119,diseased
0.22004170471554488,-1.5824436598466647,-0.9551882591441155,-1.2047707675356991,-0.5033170552041598,-0.4167881641539713,healthy
3.8103454298106163,2.8158364162471314,1.4585570467223807,2.785705895059058,3.574251170694252,3.16988423225675,diseased
-1.0544929590114476,-0.4653321773704069,-0.8415438703090004,1.259637231862847,0.43698942638709626,0.13717316709901906,healthy
0.8488585831285513,-1.090186484917704,-1.1135493459717551,-0.04948348466500732,-1.6694576939036156,-0.5929538129904747,healthy
1.1327328621819972,-0.7928535998113694,-0.3965398769992254,1.1960871730603653,0.8223754031111766,0.002097550598407143,healthy
0.539327847291872,1.1181676111568415,-1.5869192311313465,-0.2907764941934657,0.01424387974271123,0.08219363457393836,healthy
-1.427151790392062,0.3812902632740631,-0.22744983567638466,0.2812766082757891,-0.6846418980253619,-0.1504381827194402,healthy
-0.5988682318276521,1.5325057064680434,-0.02958840588968089,-0.5035134321128524,-0.40654116424555536,-1.5008971880876139,healthy
3.1900369620517663,3.4114456706630847,3.5368563710028607,3.5570952255785193,3.6081381838275552,1.416059280356194,diseased
-0.5211589342606382,-0.6836885455877433,-1.2264703976417448,0.47827087501953874,-0.04807588156959902,-0.431975952508788,healthy
-0.05819163020514709,-0.4013050158100976,-1.4869198852985548,-1.1157289072186787,-0.8445905993324864,-0.24810861102245482,healthy
-0.6486165056131792,-1.5197646058401793,1.3012769207885426,0.4141878759428833,-2.165194947578218,0.04452932136918665,healthy
0.8856782882003063,-0.6224977003701693,1.4975145658781384,1.570620595630201,0.4292103788753758,-0.7882673939716752,healthy
1.8537644298144036,1.0915945069114532,2.289500917464586,-1.5515819351090716,-0.5483748403923906,-0.26634458762537405,healthy
2.8956390296128367,2.2794781989369812,3.6816046598400956,3.9466737305151884,2.528246282020288,3.723982820112355,diseased
-0.04660231251040279,1.5701009775725303,2.2793298277051397,0.024222471072236084,-1.5480172023433727,-0.3814535315402815,healthy
0.19676979167529196,-0.283869641994323,0.9148655091683352,0.5505025211231368,-1.31174170271937,0.3956918759066964,healthy
-1.032043429172452,0.919712977160328,0.0217617250277118,2.0022607736457996,0.47866988329506416,0.7511262340245196,healthy
-1.3930633331594,-0.22794963621828385,0.5730227298492143,-1.6851219710847858,1.7413404722394699,-0.11610839828171284,healthy
-0.6133108128398762,0.7242639620470163,0.2945909670570727,0.6287316020446637,1.0923421235429414,-0.37270250458264037,healthy
3.014173666831191,3.1195300320172183,2.277824277088525,3.734588786049462,2.069547735706226,2.6278537624156932,diseased
0.21730491319659,-1.276541091568623,0.2830269957152605,0.16727859908564113,0.7621613837839641,1.1588495718450047,healthy
4.222316167415686,1.346102300425431,3.6436334575854588,3.1183766294579547,3.948145354502208,1.3481088415858955,diseased
3.2564953580753624,3.2882878376321143,4.5908200385208895,3.157517783585732,1.9322856878495742,3.089424249447271,diseased
0.0035948260408600282,-2.0127817747014047,-0.4753171130592551,-2.5851852844817746,-0.7517287068932562,-0.5491278494530036,healthy
0.48757632913140797,-1.4748078406694363,-0.08041295009333033,-0.8712945951901971,-0.05418315824336455,0.39027114673859925,healthy
1.7361238293815193,3.364282570866294,3.4018101209683795,2.815466053238235,2.707721960585358,3.913295192677769,diseased
-0.21057116858873387,0.2999116083596886,-2.0333427405438136,-0.5517492964661896,0.938073503891436,-1.2681807724163756,healthy
2.866676268005202,1.6718722895680567,3.4657237420517646,3.834494273969907,2.8385487176476674,2.7761872600002406,diseased
0.6491355508756196,-0.17525429657991645,-0.20017650608820767,-0.4928044699425399,-0.34589072903532786,-0.4760601289338892,healthy
2.7249711690118135,1.8159004517837882,5.320097126310641,3.059925351086009,2.482486065321819,1.7604836740634857,diseased
0.3962225626846912,-1.0252813667917564,-1.1009598156427736,-0.0918546545866658,1.0415833830758026,0.39535342348163693,healthy
-1.2606798948133977,-1.4172417810759343,-0.1552598388632569,-0.33570598872111135,-0.512816985743646,-1.5347237821642539,healthy
-1.1241588614917153,-0.313620692582917,1.8079031374875643,-0.734783105706167,-0.64135135526143,0.13063039730524645,healthy
3.3949443921575693,3.1816723464263563,2.595342574024229,4.837770642329533,3.7962541592272343,2.529157200428639,diseased
0.32816048821162896,-1.25297943824901,0.02841749723550984,-0.6205935725480949,1.3190309085105703,-1.675422496628599,healthy
4.440477562457088,2.250429960914749,1.2904150816143367,2.7443157755282432,4.259384677583119,4.588163050548988,diseased
0.4013576309743979,-0.255511727709156,0.4670008118381855,0.32304122103894983,0.4362761814423121,1.1422276144175765,healthy
1.8780111409391884,2.9105404723165096,2.8938650913567954,1.9599535478743622,4.734589016787284,2.5613800655001726,diseased
0.8935994230605493,0.7655751393663242,-1.0185070207997227,-0.6822099317533046,2.9152223158608535,-0.41121768135359393,healthy
6.194113035902722,3.871996917451378,2.003389636004548,2.8823440171358476,2.881152894907967,1.7282242930788776,diseased
2.416339761521745,2.7161456021923187,2.895880337782984,2.2984656215458426,1.2882709986211565,2.621501741637477,diseased
-0.6062841454651516,-0.6700166217709237,0.6951514754619285,-1.516073559416074,-0.332622429754111,-0.6310465274746756,healthy
2.153100339954455,2.028961444371048,1.5869661206848389,2.7901938366526164,2.661861012899456,3.8593799269414477,diseased
2.235670161044726,1.2499280177981325,3.521830694083875,2.9121140866682613,3.4296026504108137,2.765220976020535,diseased
0.20683944343940006,-0.37217996823866906,0.5502724957557836,-0.5062279591880949,-1.339308177819252,0.30194776978860705,healthy
1.088644709786763,-1.5068237436831335,2.005728695595723,1.5667084089962464,-1.2370858496374595,-1.4136412942470413,healthy
3.6682183943610243,1.6237590168091063,2.7937587110484903,4.25332646641038,0.8598704181866736,2.209347799690235,diseased
1.727607106829543,-0.06562011500223983,0.14948004067102627,1.818386334980022,-0.7910209232827563,-0.4876409777936645,healthy
0.5304618712530338,-0.3217312948341934,0.45924421697025325,-0.4192272263185087,2.998272743459456,-1.657284635810097,healthy
-0.7138414700864147,0.37180382435527626,1.7168705875476908,0.038255152504981314,-0.5076336072097064,-0.5914472024229306,healthy
-1.0689051640762384,0.4262773588426122,0.38916857866901455,1.3094697232444557,-0.6099712132874227,1.470444438145549,healthy
0.02794879375551491,1.2776939313762004,0.4224761804725617,2.6530626560608734,-0.2434279416564429,0.7892529213620024,healthy
3.1665075167454244,2.031807699197915,2.8253213872733562,3.305553557004117,3.7538209321973763,2.7841023310281665,diseased
1.0278654598955825,3.369318477535957,0.9205530540768407,1.7952236740207972,4.891993471540531,3.908021152450925,diseased
-0.11939102301213707,0.8696072200033855,-0.5284964171782691,-0.13623374831210014,0.18076040433328708,1.5281812827647787,healthy
3.4858006126044834,1.5742200157156514,3.4091299354990214,3.887626340846555,2.847501453990933,3.1876788021733193,diseased
4.745884048196151,2.3802993817561897,2.3161846833713744,2.1703219217967664,3.437039195925228,4.395840761874248,diseased
1.2744567043516994,2.119354859032629,-1.7297968892877658,-0.25179296345517693,-0.11040466733842463,-0.5942769888879725,healthy
4.002920593359153,1.452928389658634,3.2407850943883485,2.550386455274371,3.0860868662509793,2.248210089135712,diseased
1.2933671239448539,0.07539454890509299,2.229998540520781,1.7819852673818741,-0.6477226709721486,2.93570146505725,healthy
0.18551123846931586,0.6724239728526512,0.6097517892531971,-0.6518148999055419,1.289385341711685,1.7185181521648585,healthy
0.5148854567040885,0.7317417636581219,-1.378713630770589,1.2973127137701748,-1.4581184448190483,0.006399600046154475,healthy
3.4689629434804017,1.57045657656213,2.6315416370754816,2.6528027867670096,3.0278197915053626,2.3845046232293567,diseased
2.6391513157353916,3.93968881580071,1.5324824691785994,3.1006924281311483,4.0534784441368314,3.6791619415204977,diseased
-0.4935903527028892,0.6023319877887804,-1.1689879541233021,-0.09434109370116912,2.2969954397531405,1.638368221459261,healthy
2.2356319670764844,2.594919961111376,3.685302866247508,2.4483878683254376,3.284265009524192,3.7529384361492726,diseased
-0.9868611816170736,-0.5551605944594507,-1.0330552031207325,-0.2032746512998686,-0.022887083968737617,-0.8959881649439605,healthy
3.953007421326897,1.9059391458231172,2.7708024992127838,2.4499906086924748,4.729845858766415,3.86380345638918,diseased
1.3704030045911841,0.8175942409178665,-1.6805948250397251,0.12081959865251861,-0.5253197596706631,-1.3417925949959038,healthy
2.479395187093499,1.6127971055642139,3.420117068505774,3.605698454948352,3.8435906403898423,3.223115053070042,diseased
-1.127373573562985,-0.7867445825106574,-0.7899916145469906,-0.4807322777896102,0.7828421108878142,-1.1438940480509263,healthy
2.399103213655825,3.4179496888976786,1.261402415285665,3.4569541330742592,1.1330595811676256,3.6313619321795754,diseased
2.0224487719183357,1.0112461909858252,3.451207699070064,1.4475563251716144,1.292671697436514,4.747916585984429,diseased
-0.6355232251350402,-0.8287418391076249,0.9808901826693291,-0.04405519010159131,1.4874068545664905,-1.5915195936984605,healthy
1.7457209183710487,-1.680915938020964,0.9906196798088226,0.5913540138159165,1.53354619573813,0.7123855180787204,healthy
2.2065076175796072,4.203152528442478,2.3811778057958413,4.190251907404555,2.3705848702680976,1.1853399137590712,diseased
2.9916700337481883,2.1572796554520606,2.4041918064272503,1.1059641662941149,2.4444451562591203,0.7253761946235566,diseased
-0.47162828426325093,1.0168856077002486,-0.08270112761350111,0.7503217358086836,0.6794777611506858,0.4731679155145285,healthy
-0.128077627084407,-0.024856286369587668,-0.6329512669598814,-0.8714153945717722,-0.2424045605163555,-1.385421682528003,healthy
3.519360398201295,1.9143711325100998,3.467306540618122,3.725954512993898,2.4605341348593743,2.976952973506178,diseased
2.5596066632809698,2.1180031024075223,3.678459892838294,1.9164220348194103,3.3340113933550266,2.9743284558707503,diseased
0.5982497666025951,0.83855075480801,-0.769538984575906,-1.827429936489406,0.3935795273051473,0.23843245888763168,healthy
2.0329397003591443,2.360878619056347,4.150761723662498,3.4808395585312955,2.5615451459200838,4.15526591621761,diseased
1.39816809132213,2.126548136950435,0.5616866387847775,0.3093023127995021,-1.240205667985729,-0.8432428739675053,healthy
-0.36408524416704513,0.7654014831163175,0.9131854237589454,1.1510697836854031,0.1529766949851929,0.8314925300419136,healthy
2.3575163022070145,4.449980456891561,3.2091231701259613,1.8626820338423504,2.5759149181468173,2.5424817054930817,diseased
0.0977763472886767,-1.2412893766356956,0.21994543015001286,-1.2096175969736347,0.8851983103581446,0.0031808227579895546,healthy
0.1503329624493145,0.2916222572092636,-0.063564176479005,-1.2204164921552978,-0.030971715777287946,-1.136884761914945,healthy
-1.8785319339207485,0.36458646424691954,0.8263529209141244,-0.4934074057272609,-1.102380304666846,0.6619878044822564,healthy
0.17826313396986762,-0.34117128893601334,0.43219001352027936,0.7405598049078377,-0.008498930533113933,-1.2977608263818279,healthy
-0.5136576840557472,1.5174924509227699,1.4525402156357885,0.10454912052202897,-0.12603357810633276,-0.3352481386980251,healthy
3.3256826929590257,4.960071232522536,1.3608132908213704,1.5189252493738283,1.7921905722383435,3.972920577875786,diseased
-0.0059002387550951925,0.41337233629749925,1.2359807763139525,0.15127727739709215,0.9281398211815497,-0.000537514191408415,healthy
2.8267889830607613,2.5259549202259968,1.6953975387108273,2.8971121903384165,3.3360016275198294,2.50745525970689,diseased
0.7881462464150731,1.5489678835906378,-1.5039602882516212,0.3399184584315507,-1.2359493747154482,-1.3452580019083729,healthy
-1.1609736833209554,0.8656072166240774,0.0011974481672618685,0.4907452935681658,-0.10568678053148799,-1.1710269672218692,healthy
-1.060410803627005,-2.231995170382012,0.853315686011954,1.0689533852881405,0.052025631062613036,-0.2610193119246841,healthy
1.7740843458473485,3.3043946992060356,2.9056398005948956,3.3613503497492987,4.3116421091286,3.9305124642046985,diseased
3.9265394154721456,2.4390309893348685,4.134033627563168,3.17913690051787,2.3504118651000523,2.999778341078211,diseased
3.721749048709241,2.0929801093069784,4.337757067247255,2.963548109990181,3.4205569589470777,2.3087415913204135,diseased
-0.19051428322037997,-1.1632594691967817,0.3279260980839228,-0.053368568328445165,-1.7628493853946647,0.7355449884640639,healthy
-1.1504101096608723,0.12185711246740445,1.265529846451242,0.05260881697827562,1.2244285322908544,0.09134206751589977,healthy
2.564164364633958,3.85999095977731,3.0944587652911757,1.942938101993578,2.7931643811280225,1.6463693081718536,diseased
-1.1077995297251657,1.7374255072341147,-0.24280325098961422,-0.7666266458493499,2.4272205711517914,0.15502163312524783,healthy
-1.1446779564621028,-0.6341550753296669,-0.9388977479580628,0.3328448731734556,0.18648370088106528,-1.319679357898455,healthy
0.8748974068133323,1.5504213160135774,0.7754687735448101,1.3952850221761692,-2.2245542177124547,0.16360011702392324,healthy
4.762008297100475,4.396958419813615,2.3367380014498265,1.6816879774859312,1.7165782353876875,1.8852147327007232,diseased
2.0148494161612787,2.9745531821368854,5.20681829373885,2.7141783471530436,3.062105042877536,2.2028547664708253,diseased
0.7141934107186635,-0.04388348915623074,-0.7814232766358062,-1.7763387305154212,-1.1239649623130736,-1.6259299915699765,healthy
0.983197602618346,2.677574624881043,3.2787993561116906,1.8197815260506836,1.2126757554779153,3.5608174386651537,diseased
1.6747048805181866,3.5229401984540414,3.3964365695363115,4.579263420464857,2.193496959386965,4.185519551518125,diseased
0.9929936703557113,0.7907956879792326,-0.19071558093694238,1.3492609627534853,-0.13636691152654942,-0.6608363863180724,healthy
3.66190560399438,4.982885053378226,3.459062211614686,2.4703572208257496,4.074050253858791,3.9223377239011725,diseased
0.11871248688680022,0.5193776551392121,1.1957314403321633,-0.5128586102268294,-1.7265697692536455,0.29942315221644095,healthy
-0.07534841691644348,-1.488442345152801,-0.2504932773030516,0.2869463091418843,-0.45942784619737587,-0.7684259229128562,healthy
0.01440987496422436,0.9217248810889792,-0.37776911154063514,2.3237042742558933,-0.07647958605993008,-0.4833437594075619,healthy
-0.03187070750064483,-0.3572040941264915,0.4408339320696138,0.5199918729810443,-0.6692956022405149,1.3125565223689,healthy
-0.305155313314902,0.04734905160179651,2.0352851581382057,1.0265499061752679,1.0384276626818627,-0.7613455151170644,healthy
3.6521022919661776,3.7527364796777336,3.369264896250357,1.7992726487997757,3.5403972642139143,2.8617353997312747,diseased
-1.387744560587586,-0.3276948581097786,1.4735216504512167,0.8712125278212387,-0.5136613406111515,-0.783064045176607,healthy
2.8268019457600575,3.7395019665948146,3.8157143067264814,1.703536516565573,2.5316100675101407,4.606910029647249,diseased
3.5387172191133196,3.7777853308518887,2.249573336608161,3.3670109323956057,2.288993409444255,1.847555197662461,diseased
-1.2358775777497444,0.7143615737723078,-1.4046115068751779,0.01731584864875917,-0.6180538501501635,2.4279444867778137,healthy
0.6100117416593372,-1.4408877550502122,-0.4055256717738244,1.319809368650454,0.4620427891633347,0.27228033549216907,healthy
0.6478936227652526,0.09705028180989633,-0.9437675047831234,1.762016104898851,0.7916149965898025,-0.1671069450225316,healthy
1.0365230881216112,3.528441941740456,3.3179916078583758,1.6397761737562504,1.9673652507352248,2.8526238010108917,diseased
-0.6213919884429843,-1.1707717953642571,1.0433723671435184,-2.1325920863862113,0.5671632573670581,0.45935509657016216,healthy
2.8846393679244433,2.672029278128322,3.5512086099290068,2.791584955825213,1.84504638564592,3.673009476057394,diseased
3.1502553124610135,3.282703918000123,2.3736646804001986,4.662685693527614,2.4112210526714395,3.1663140807190744,diseased
1.2261183755300331,-0.06530372651108185,0.41821438071088257,-3.9372745929484667,0.4532431593823444,-0.07476776989435119,healthy
2.524825220374414,3.164130608050496,1.5445155726895305,3.024023118904926,3.8240130209951824,3.619847608474694,diseased
2.9354863272805267,2.927286342155124,2.7507236105146986,4.673936320811813,3.8322807776421755,4.48298999358845,diseased
3.8469876578256734,2.9649201236319174,2.779693241508475,3.6732244887757095,3.1291378549325324,2.835063547935524,diseased
3.95528146873287,2.5197574475971285,3.651515850308544,3.27747804021233,3.243089329366716,3.1337185366272466,diseased
2.6372526397681857,2.5419402913447615,4.137218917571298,1.4106357545291663,3.2689974063302714,2.711430888812764,diseased
0.9939196053310577,4.86727093031879,3.705630232999319,3.509990780557728,3.8246726896315857,2.085334915331226,diseased
0.8722167729005428,-0.7733368759254712,-0.9091426503738707,0.8676873805849975,0.918442159332738,0.6799657912946181,healthy
-0.5082197082736116,0.9823609378503485,-0.15450372868881837,1.98654938354224,-1.4061176897476757,-0.24736482573051818,healthy
2.0288281660941134,3.663919161036349,3.6762879796722765,3.8762211175925847,2.9603836354556896,3.0838906986653822,diseased
3.1946956773428914,4.815184797702662,3.8465966075564615,3.5515913701030692,4.416098991959521,2.1967676308146835,diseased
2.1407595220366114,3.9239980372250955,4.472930476193834,3.510791730293421,3.4057640473913193,2.148195676504829,diseased
1.283770148370829,2.179031729039474,2.332010556634863,1.977193852247266,2.7684314070086335,2.2667611297631787,diseased
0.6362788678712624,-0.8989167148423329,-0.7465499515010231,-1.2228889627133084,-0.1702705994069669,-0.11910320666188712,healthy
2.0887905609705526,4.016007234943659,5.082462388128148,3.993936218482339,3.2981089021316046,4.123983793562011,diseased
2.4751598050182224,3.199413812567887,4.7735326114487595,3.513779510118961,3.300822374405167,3.919642996968982,diseased
-1.32529671809268,0.6568730209019389,-0.40518339271927395,0.4087580832902805,0.33000516778113,-0.17344315574593555,healthy
4.167236066946691,2.1879084409760847,3.5633357683579403,3.0006524812638498,3.728466445198742,3.9923370789992507,diseased
-1.4952997731082656,-0.5465095353366406,0.4724884273226057,0.6933400400612962,1.2903666880214264,-0.2570123983933152,healthy
-0.009154711877947863,-0.7582132835490957,-1.7539658490188335,0.4264173789597557,0.09902380238715182,0.11938279134079255,healthy
-1.3803252772326713,0.8016801858570082,-0.05362922040087924,0.39912286959972,-0.8234291504865576,0.846427358226088,healthy
1.346147316118024,-0.7357369142984359,-1.7025759043782354,-0.47896604798920384,-1.3499098134896834,1.6416177730920019,healthy
0.8821674262169477,0.25803616134093266,2.9514642745077437,1.2500004473316089,0.3466973246304833,-0.15110956038353035,healthy
-0.7246980923449928,-0.13736830258665825,-0.35102418380112477,0.017595425266469764,1.576791021638059,-0.030128998562307465,healthy
-1.130629051300598,0.12176034671322958,-1.429692919193387,0.5852017686785785,-0.3545559707975283,0.7670688477499573,healthy
4.472094020221094,4.111543580964276,3.257166359472406,2.1499827800952134,1.952743379597039,1.56897382364486,diseased
0.3421967162658897,0.08746449151496341,0.2904687531589333,-1.1526235457290563,-0.8148997212980255,-0.8523104333848104,healthy
0.0027557504813070922,2.266010310650884,-1.862302970778187,0.6952839314064626,-0.3062450197812156,-0.10019754882983263,healthy
-2.375872573091198,0.7109642045700387,0.5558524109198417,-0.5499262844053271,-0.6273843661803962,-0.002310451813581064,healthy
5.1196571417648,2.2829630957917284,2.40849351226223,3.4107863995127023,2.924177027213592,2.4750725441470456,diseased
1.305347523026586,3.1111401484907857,4.174776773258358,3.7254120145624685,2.320652155767501,2.2440360692451216,diseased
-0.8357364497674116,-1.4806299853682712,-1.638790797076638,1.0057794381356229,0.1824188380472171,1.556613784443566,healthy
2.170397858875621,4.7011830057099795,3.548179876736301,4.399337646063546,2.4708030835880743,2.4594642571613514,diseased
-0.8664315256792297,-1.3415486022819862,-1.5182564386057238,-1.1798042502785644,-1.7205495539871147,-0.7268767879223045,healthy
3.521258590402353,2.0173212676155226,1.7821731271866175,3.6451766810405415,4.136218677637162,3.4054117652707485,diseased
2.8578481973347265,1.7495107298704164,3.354582608895555,2.735940000582906,1.8546488004098327,2.231777053079803,diseased
4.230552239394292,3.7716500383431164,3.7864630283479346,2.3232831126012057,3.607429818266084,1.3897855866968376,diseased
3.365658251284937,3.590810554070355,2.2627154387719917,3.531708715392842,1.5319258367722628,2.517110603154036,diseased
-1.3984263405326625,-0.27626020994059186,0.9770496026857499,0.3344578549171757,-0.09375738175076066,-0.4507126034465222,healthy
0.9825871324379862,0.44951201091392656,-0.26111853733096213,0.7576835306606204,1.1165542180070642,0.411297981876631,healthy
3.458394297678009,4.08571359768817,0.7950763333525619,3.5959640626123415,3.747076157172831,3.1014846238788962,diseased
3.545659813522896,3.403071982805455,3.5691707628721745,4.437145916819155,2.7171643866154924,1.4067397844523868,diseased
1.930167140280815,1.311860836790615,4.995796745986423,3.240393981810538,2.5716305550258087,2.4149642493195715,diseased
2.824678502782992,1.0426317188157108,2.104289591382659,1.602544759933896,1.5361846314790129,3.510494907609462,diseased
4.21900533338698,3.719496827189624,2.94943853757155,2.4532307140340652,3.558236642072146,4.494135212642256,diseased
2.504832328508032,3.183038899419805,1.5249861650913068,3.274314848761553,3.2615897541919914,3.205361070760255,diseased
2.1065218817888516,3.072067291017257,4.011208201742519,4.052911912251414,4.124453891104806,3.8174500476465054,diseased
3.7496254220416523,4.628969297860322,4.169965390998001,1.4366670089754812,5.929494968341467,1.6743975764071917,diseased
0.5597331386976768,-1.0653963023523108,1.2720571237057474,0.7711621237366315,0.21933114193041292,0.5049387118143887,healthy
-2.1710067840058747,-0.426204327182512,0.3733101463429235,-0.674297767097434,0.5186088302423606,-1.0227499750553697,healthy
2.259315575836879,0.910289420520676,1.6028825745362827,-1.5106385510916758,-0.7417989506465258,-0.7511149556782155,healthy
0.9577703515028766,3.725590765768403,1.9474264289123495,2.087189986749873,4.464646133092048,2.6131018419679464,diseased
1.7723116893364887,1.5837926864531295,0.5441039499176215,0.6719858863417023,-0.6541923388313116,0.18857866835902992,healthy
2.170993289982038,3.4835951957069704,2.5189753644201276,1.2002486904786374,2.9714172443338756,3.28668486554609,diseased
0.28651602798177056,2.152795235100524,0.2437030409721501,-0.2959642327720814,0.11196703758302992,1.482768668437135,healthy
4.433122938367365,2.5054873169085896,3.992398162733742,2.369570298034538,3.5071727391778746,4.549860500573555,diseased
3.117619467038804,3.7820813778012026,4.546769508119757,3.63091549460344,2.7901841601480433,2.6323230012162955,diseased
2.726877535556057,2.247027231201484,1.7979891940614439,2.7936946885322107,2.5406018670234896,1.702799056029515,diseased
1.6136007285419953,0.2533494028220485,-1.1411687879770391,2.00990094709114,0.6439708702908716,-1.8911488889514725,healthy
4.427219996875797,2.412420805476674,3.6817297440647834,3.776280891161101,2.401829052696399,3.190683220371237,diseased
-0.1961049589025753,-1.483025270207281,0.45295023306596854,-0.04521462667939092,-0.7452828991898676,0.5229455868967482,healthy
-0.9569615679966009,-1.5881262039021504,1.161001630661401,-0.1406091012972051,1.14949198238,0.27230168184814785,healthy
2.164866803595938,1.9733739756931812,3.4079066568496468,5.306711401365304,2.9627159948630677,3.2102936325054685,diseased
-0.21680703129531062,-0.36331744678200245,0.36963815265672956,-0.05936779252416777,-1.1739686745612512,-0.19395772977111753,healthy
3.8282408220613524,4.910039376336741,2.259257598694779,3.7947771682135176,2.9066623665765547,4.114666685882962,diseased
2.7560584576151683,3.8414554303793187,3.3747045701561644,2.882562979396489,3.466881195511923,3.8505850773503782,diseased
0.8727379309639394,-0.645215908855314,1.2891030882261105,0.7932062567348767,0.49563664662603807,-0.724194178723068,healthy
2.919184808390682,1.1827410929291284,1.3263159063744365,4.019801871150247,3.340739962867913,3.7534833895844515,diseased
1.9880535613709924,3.837340619917006,3.5064551533270403,4.425438251014451,2.471877863443928,4.1875660742800385,diseased
0.5094148386522042,1.663784596276787,-0.5008168854177154,-0.2949435637059992,0.5740279926141961,0.9619860539592223,healthy
0.835640668792203,-0.03839730591109033,1.45129634214403,-0.20241644121068042,-0.19793592747244393,1.2766815477335414,healthy
2.2007865385719603,4.305917410490158,3.5368813778236037,4.139381833346893,2.1197955467892347,1.3299312287374623,diseased
2.939862673863579,0.7485948689297719,3.1613299936030628,2.8781255271811177,3.3491345437964872,2.225272629478538,diseased
2.795577568360192,1.3803768112150845,3.0187180208221243,3.8902523320201343,1.148459470452891,1.9901664487016832,diseased
-0.19295637243760086,0.7648027670148331,1.826551977023387,-2.264797629743517,-0.19226037889365327,-0.4039483615184071,healthy
3.1246888898051974,3.681473462794634,2.5344427707916455,3.8236051414158116,3.329233695767109,4.638765712601057,diseased
3.2727502738224628,2.22580999646183,4.322780699244987,3.283564312656144,2.2775818092370654,2.9279833963860344,diseased
2.994756715711055,1.9641956830405265,4.124538869905502,3.8781153754803714,2.304723511825613,3.862687627060347,diseased
3.5711358731091933,2.0236943410110277,1.7994197861183372,1.261434708883091,1.9904553454357874,3.5787231339380874,diseased
-0.24350825707543972,-1.233522100628583,0.4639046527933113,-0.029842761173669113,0.8043818191113484,-1.4616263678929025,healthy
4.257785023133383,3.349570319017535,3.746660165096345,4.195207302636518,4.263960637382308,3.317689278433132,diseased
-0.6735248747306768,0.7549537519938414,-0.5948834668152313,-0.28121780617759695,-0.3691832141706423,-0.12827610461057184,healthy
3.291442886897015,1.7802056744225683,3.1280797865248022,4.468550456235342,5.04019598247359,4.086709859621388,diseased
4.754934817892235,2.2446043572328005,1.8152471488898203,3.1275441611853694,3.5494994004588705,2.7031152098248348,diseased
-1.538378199155153,-0.316968558483206,-0.5660630458678035,1.749995274006127,-1.0133440989579459,1.1016633372597648,healthy
2.305963702669853,4.038114235798985,4.312315957931356,2.7556865081182904,1.190632090187059,2.366485847995695,diseased
0.7199731118721369,2.1410631770472484,3.6433147287429035,3.5919608599627804,4.1722707069070815,1.8941378460862448,diseased
-0.004150296173177208,0.18092523086431334,0.22039921162634282,-0.8927828911915724,-0.1504996201351866,-1.3987332518431757,healthy
-1.17764392228478,2.3745786530316004,-0.9908907808932206,0.6809434559506826,1.4601298902601427,-0.10920040700467308,healthy
0.865654077373947,0.33870280751079174,-0.2414410867603152,1.2204166448235072,-0.6966638711552233,1.3963575430520505,healthy
2.847032107748715,2.9480301635336765,2.988268970078612,4.3921167031633646,3.3901234975369867,1.0175613642885777,diseased
-1.3053134891160654,-0.5599177076003232,-1.417362936850548,-1.4088707900688275,-0.3988565596959592,-0.4101283732824781,healthy
0.10082543006853853,0.5525408685957296,-0.15805143515754672,2.331165182486843,-0.9138410809898123,-0.49599873735205025,healthy
0.40154546435054106,0.5274840785806093,-1.352093704595329,-1.0138393659935512,-0.3493463357508016,-0.5176006556319437,healthy
1.1258052528212672,0.7452427958666733,-0.4446800773703152,0.8805109402769709,-0.2574857377902735,0.9566044952368202,healthy
-1.1914138260298779,0.5616598270933244,-0.6303726994832307,-0.923884828209913,-0.6481342544285978,0.24649403990044358,healthy
-0.12117985080724364,-0.19378340374814312,1.7589821689866296,0.1647154399018857,0.06701020107735467,0.8820192770324551,healthy
3.2068406453732137,4.1093754176045625,0.9068833847285429,3.205719566606411,4.406224265805861,4.811512747772449,diseased
3.5533708418242482,3.0886155477275135,2.6791888534378794,2.414232666573806,3.000688666182182,2.4076026077329913,diseased
2.6332094807771558,2.500909989416716,3.1773007622271465,2.0802649858759468,2.4634155314705337,1.9758116229177833,diseased
-1.1269817427096593,3.6462723591105863,-0.8800501288066617,0.2875827811631826,0.4377551156407507,-0.9821855380220564,healthy
0.8901665586471822,0.31173284682148955,0.5408695884672243,0.03260762524033265,1.0265089552451092,-2.3633195893018804,healthy
0.12720913577777657,2.205353791976543,0.6919219776107886,0.8705628841074635,-0.01918727026696566,0.7676270130194687,healthy
0.5469056678489389,-0.31848302355871344,-1.220189789314534,-0.7250334179615152,-0.43684901912440166,0.022731528940041008,healthy
-1.02347634604681,-1.4113797177192944,-0.9697343781372793,-1.3661477186468038,0.6337078105192584,-0.20761468569829772,healthy
4.885837948730604,3.115354320681661,3.00483735875451,3.4418405277762605,2.1442856705126108,1.3539967721123825,diseased
2.7583972968603208,4.491404017758251,3.0322521621343173,1.9679155857460986,3.241843175839912,1.878002326533048,diseased
1.809652730611071,1.2150101057594436,0.6080929078593647,1.9458026892783649,4.22470671683055,2.0623053886696967,diseased
0.27980361952050375,-0.7460328990089631,1.4531329512332039,0.6166362490192825,-0.354945984261932,-0.18551870544883436,healthy
-1.1681951212278803,-0.039930531266928235,-0.41347738842926557,-0.9505155491785762,0.619968559122598,-0.9783836826097586,healthy
-0.16856427948129626,-0.4915033719195106,0.7871858824407155,-0.8546790776627818,0.9105021950520499,-0.9369733942604651,healthy
3.818295896474405,0.6314500191245602,4.304184179803074,1.7139309885383556,1.6279644979909071,2.3020649563735525,diseased
2.75054182910723,3.0271648390877823,3.5616883530966867,2.7875227467792327,3.4499070629879154,2.6266281995742933,diseased
1.710710392288273,3.3248195579579196,3.48987207386232,3.0850228963837756,4.291422787153203,3.5836298729087983,diseased
3.2784776309434025,0.9829331233717982,1.5368517506186155,3.989518851173748,2.233010493361786,3.8124489654586324,diseased
-1.0993056555807936,-0.6638615693816969,-0.2450025435542981,0.4480156689893388,-0.8965378486453056,1.1770740713435708,healthy
-0.5483807806982125,-0.3666974718827937,0.6670558611612393,0.5307912980750714,0.852597525301646,-0.28401077751565246,healthy
3.4744282405673355,2.5119183133940672,3.2216665600110845,3.7248558958840423,2.5719471240584886,2.605074940074955,diseased
0.23809232553354434,1.1992920077190243,2.2359448580140033,0.009602401223141729,0.15877977675500227,0.504419295957635,healthy
-0.05869269759393822,-0.08761085924956588,0.010390211327113649,-1.714539490281463,0.8249855340256519,0.6532058713319675,healthy
0.015265812818831473,-0.49135700723292003,-0.738255810782413,0.347886269511483,-0.5015990127218578,-1.0401567427730807,healthy
0.48686120031480806,-0.21460162008759756,0.8313971814009989,-0.9945853121559562,-1.0052923963461624,1.134340610239355,healthy
1.7340930915713035,-0.5084253162339523,-0.2070889175460573,0.7971391463071966,-0.20601914651240552,-0.8988681434364175,healthy
1.9339264704243584,2.090084859059611,3.104810567696385,3.7340559630879957,4.523261062736117,5.174609750063118,diseased
2.3178189825919815,3.0156274145805635,3.8180278174359783,2.6345027022911935,4.492175758121735,3.0256729626928593,diseased
0.7414876465549203,-1.3535600800467034,1.0058591594818873,1.1972658813934152,-0.09731132465768487,0.0325664659560403,healthy
0.5131236157951996,-0.3633283991924872,0.9452812793881263,-2.6602860751466295,0.3623115116648414,-0.10753766667097661,healthy
2.2176398879377297,3.8770935663572037,3.3812512028450343,4.505772102945165,1.635716520268384,4.411205104097461,diseased
3.8488945103287824,4.150888387449973,4.348682230549347,2.3950587601216595,2.8400173178951014,4.543605901624259,diseased
3.268949392105247,2.546489803346915,3.470606290177994,2.5203947879693014,2.545906417142286,3.0418587871869303,diseased
3.502055163139829,3.725958645203508,5.203661944668449,3.7291311102093276,1.899063462352706,2.0218855009275964,diseased
0.4271700552528818,0.4007029926343052,-0.7317930836771686,-1.722303247782847,-0.09400320606811419,-0.2710988833793442,healthy
0.8890342984703947,1.2470822250051201,-1.4604754563615618,0.9219951214159728,1.7828221484006088,-0.9725291279578072,healthy
0.7439724211177066,-0.07551526569496889,0.27001874618560334,0.5254710258843971,-2.3461154771154575,-0.9263181527157239,healthy
-0.12379996122706427,0.500259480149979,-0.5829889570612002,-1.4374612477128943,1.1026120608754852,-0.4152476431845003,healthy
2.9221273897661013,3.809431424669145,3.0249391039288263,3.3181152130160934,1.2773420602593388,2.1658569144789515,diseased
-2.6770342430781464,0.0736782726815642,1.3924489928118085,-0.535316878876664,0.1954422308839413,-0.8540541967696919,healthy
1.4140424167382613,0.2431480977794328,0.7323352737477155,0.8380678807185794,0.9279857809906793,0.30335675135911666,healthy
0.07129967505097183,1.00128393951411,-0.3990040717810922,-0.7444039865320907,-0.6743930384374659,1.5273357819018323,healthy
2.797893274703865,2.787030415211754,4.120599746096616,2.5351799543053644,2.9703087499892216,4.426259311694682,diseased
2.552922038000559,3.1020673261957254,3.129271592874518,3.2525389651693497,2.546505239757177,4.740472172626216,diseased
0.41441169469434314,1.5065666925786185,-0.3787160550962224,0.8452578464582505,1.6290727571493573,-0.7208128462835177,healthy
3.56694590439366,2.317904625087997,0.3144943170811243,3.405391557745226,2.2282631623472158,2.798829483852776,diseased
0.5035828386788038,0.2853044072125119,-0.3380637758950518,-1.376740795973979,-0.056682608259968535,-0.8708420713804792,healthy
3.384983468891442,2.801207639120153,2.5044717724684795,2.074714899401518,2.490644365638313,3.7169760349502767,diseased
3.0710087047241097,3.2170324002540958,3.396388879447378,3.730045009526731,4.677114800440489,3.948749752790069,diseased
-0.1769671627562583,-1.011867399093296,-0.3261452556134624,-0.4784926733363041,-2.589989637458934,0.502663526953067,healthy
2.9900258432364857,1.471973721494206,2.783919277800615,3.964714075858899,3.6781015313735574,4.112945971850474,diseased
0.852012897691245,-0.053436099246713865,-0.9937821745519041,-0.9453688204139012,-0.15112305346823743,-2.4237337311695524,healthy
-0.3368930074341903,-0.11107709022961969,-0.10106213935840815,0.5338676461567843,0.6489810333627515,1.9744457032773453,healthy
2.139589566010009,2.161527073473001,3.250256501213611,3.894380590877394,2.7695214908841974,3.5021446498784434,diseased
0.5610959353166028,-1.5015559120508,-1.4616537565063707,1.1198838265349822,-0.034638428394259076,-1.3136878789643385,healthy
1.7831344005235534,1.9135677504122865,3.0090944936747244,3.3854831331880377,3.1479930741707958,2.1285170648182232,diseased
-0.32027330478769567,-1.0525266594013305,-0.8701066201327001,-2.096334606223154,0.32979399768104145,-1.3613242892821982,healthy
-1.3096689509570159,0.08687007729730782,-0.12134915963300655,1.0270899332263699,-1.3531296008020126,0.4210120285829481,healthy
0.6312769520562472,0.5302164622767119,-0.09881499080804336,0.2967992294103342,-1.556516358130969,0.8579252643871412,healthy
3.5830840130649375,2.2365148395935623,2.429162764812094,3.586611084291804,1.3616743158361715,5.215055367629362,diseased
3.781697566441332,3.5361655899369158,3.087031738771887,1.7573100484409026,3.3290740539529007,4.68343250725152,diseased
-0.07074978270633413,0.4135401052282568,-1.278265976698565,-0.44570942673369196,-1.3553630887139845,-1.0871529026066995,healthy
1.0365328921808046,-0.2267960282057418,0.7721250344909129,0.05124656438664501,-1.2067983307836017,-0.08107463852694614,healthy
-0.23400107574901624,-0.980419737782284,0.527211196283874,0.276762685967314,0.11350831680232691,1.8938068316904375,healthy
-0.6104101345698859,-0.32525354225734127,-0.3941018148821879,-0.5937343536013119,1.5024969120468332,1.2149022476324396,healthy
0.4429935928939486,-0.9098172653491918,1.259169029698878,0.6324586664200144,0.5365187653532374,0.18787849130978576,healthy
4.257856901112752,2.7275812504247567,3.210621295774014,1.3299923684009476,4.075498317321793,2.732763937669924,diseased
1.042568287591463,0.7869380920960765,-0.12257057645196298,-0.7096237838522766,-0.2996621201807654,-0.016632830776802082,healthy
4.0327358932903845,0.8797481848879021,2.7628733485426245,2.521929715379524,2.82354878591626,1.9050573554428625,diseased
2.9743028901138198,1.0811605844963112,2.56606029479947,4.88951601231143,3.435673328081383,1.8644232679374277,diseased
2.462842269616243,1.8892818905694533,2.634439883903271,4.344078421839256,3.7437348984840653,0.7063061773299837,diseased
-1.012213287592923,0.5473737791257619,0.6742900156589524,0.35388543026848024,0.030007091808962966,1.4003348730343157,healthy
0.8567895485492398,-0.7882589329114236,-0.4210375202050225,1.0821869973678317,0.6137905827502084,0.3909171263749945,healthy
1.2484971322146905,2.5541815174604237,2.108648828017015,3.3409139584900145,2.9476173208495124,3.8490232119938326,diseased
-0.15679971455166264,4.35681852859784,1.678572733707762,1.6410783612732445,2.891100654466084,5.195903001228702,diseased
0.07989468325418829,0.5381529978376386,1.706738572598845,0.899078253382037,1.3815511554204174,1.0189647244587277,healthy
2.728832308881601,3.2580656042905765,1.8650073573311896,3.557585770602416,2.8570611406124873,3.5182374972412447,diseased
4.688774978226755,3.4562234338562474,1.6694756565150815,3.2084153549730523,2.7008369770711274,3.313017731611254,diseased
0.8734043853794468,-0.2406296726551354,0.3765998586879102,0.24821344932841446,0.7823268087036421,-1.1132222142481727,healthy
3.4346525683709603,3.508041200992417,1.9074900601177738,3.701134854665531,3.9210958788171846,2.387643784882618,diseased
2.4378182407389186,3.2799546029066167,1.8967125975892989,2.238788113330683,3.7990401272480794,1.6713710260791033,diseased
0.41630127953499063,-1.964998337258153,-1.0968198966983351,-0.14873326311395055,0.3452594335425641,-0.07939577220284907,healthy
3.4753473703044033,2.010749605223455,3.0761889575322128,4.276436727503461,4.617386520368741,3.1265036757920153,diseased
0.44025342397696143,0.8734516679613615,-0.3380428067986851,-1.1283045171918837,0.9060008153461884,-1.5687643567462615,healthy
4.17777629920891,3.379674790413877,3.181968816744311,3.427395566195118,2.8093137189962802,4.573386934489181,diseased
-0.9508027663214393,0.3926222752782189,-0.32871783189517306,-0.6590366806742368,-0.7691650364151525,0.2812988486575179,healthy
3.4374195562883316,1.7188239355248196,2.194537197002798,1.7213963609450644,2.7380474317739028,1.5639895290610024,diseased
-0.5677364121918498,0.41576098851667154,1.1934932724432972,-0.018466813163711633,0.2613642791998029,0.16796936854723213,healthy
1.9714171371302196,2.9888266802982377,2.083668221270234,2.7264838573972634,4.283797655099937,2.823320710018767,diseased
3.904549635895386,2.575851551366933,1.319221473132878,3.464966272396391,2.9010678479697685,2.5328110010322766,diseased
-1.7717113663197739,0.10229024372388522,0.5902530107990708,0.39066818523619623,-0.3058285551611547,-0.7985169796081666,healthy
0.06987748465396224,0.21112652239076496,0.0367879149642805,1.1348480762194146,0.22806303463200753,-0.3149922512172181,healthy
2.258578830727412,3.038943616293389,3.315803312376686,2.940055531021796,3.2450377895117786,4.414840606109308,diseased
3.319602817387719,2.808741488089654,2.23226739331058,3.650723123334487,2.629909922697374,3.7138038497734573,diseased
1.2884997799132312,0.7090854303742485,-0.4721952334895974,1.2738777053993517,-1.3680624871013929,0.6850213170639883,healthy
2.9461768347790738,3.9895734487758667,2.271807566987343,2.222429399625154,4.487384193028945,3.1584500635086563,diseased
2.6492035770602618,2.1260448028616175,4.417753144056176,4.6026803366905416,1.9318510016307853,3.0989243241021462,diseased
5.726798808030312,2.926066782915837,4.423432726737769,4.838711155820901,3.7581751710148765,2.5650921819815773,diseased
3.433988230107763,2.05321748126714,1.0415046704416955,2.555573176494767,0.9598111233174018,3.3254421975893558,diseased
-0.7898843116016183,-1.4472497710144514,0.9828479286400185,-0.3470668083827981,-0.028133580718402725,-0.5787200519143751,healthy
4.801529998144478,4.004583307934409,2.9699994253612116,2.6655719251823853,4.411004853980435,2.4952316922584736,diseased
4.079665120514848,2.26246137003158,0.639600785295865,2.771144260346243,1.9315047560088991,3.0626456187033173,diseased
3.369753483295022,2.6861159724731705,2.0772674366509922,4.038834478619916,2.58778940701139,3.464192382048785,diseased
1.5965773341210034,2.605452593879662,-0.056550418380157286,-0.8414068818360764,-0.9694817709901686,1.6074807889844713,healthy
2.3600561338909944,2.731884409713632,3.2249452610805265,0.7282705202521997,2.934392085128775,5.552996221572054,diseased
0.3091529530728036,0.9357847820544649,-0.7317977213101007,0.07749745574279869,-1.1765563699870865,-0.571106373339119,healthy
1.3799484536963857,1.0280001502907028,0.7981663311394539,-1.094335919776077,2.0808451646333332,1.9801652655572652,healthy
4.7206859301392345,2.0262894996603578,2.598848096686516,3.678627972707363,4.188435925175041,3.843942137308364,diseased
0.5581167804822794,1.0364524461402245,-1.602823987514767,0.7066798465574406,-1.8089367993045458,-0.7943835410373827,healthy
3.783258585304928,2.816051227368824,2.4837411349833602,2.5924175044662676,4.182520665902677,2.440948851622771,diseased
0.884055433909044,-0.9430523456034778,-0.4491305134880514,0.3229426895242536,-0.16716743733737296,-0.18528023098144103,healthy
0.16702018413550748,-1.155423766612398,0.04717833215527393,-1.6884855418139904,-2.155110359495152,0.7166636395955764,healthy
4.439231476136418,2.830439648979714,4.143672734124269,2.6935008211955394,2.697567392396251,2.171220244804923,diseased
0.20851243688529744,0.29028252717784747,1.7047238315946285,1.2968035024879467,-0.8768569031977257,1.3178986165036368,healthy
3.1516940119940826,3.3438205640147207,1.9634906397379426,2.9665114091466362,2.572632199090738,2.898715046237389,diseased
-0.9958611253815084,-0.2730663422746166,0.36221639746740714,0.8757520928615222,0.05671693599624948,-1.4002224259808547,healthy
3.1994474033850917,0.9498908931763022,2.117191425864161,3.5293035789155915,0.8177556599387836,3.8167059284740095,diseased
3.8627411719816074,3.7468230159489004,4.222283125223416,2.508478200169299,3.6637073714601067,2.825599084426196,diseased
4.611851915163453,3.5908806219791307,1.9359681349501032,4.505298534080569,1.258644816745101,4.007487636321376,diseased
1.4263449774421624,-0.0940274760163039,-1.4229589331389771,-0.5320765483187126,0.9528957573165765,-1.4436784060782881,healthy
3.13133848778813,3.237075951205877,3.001616901093216,3.0239167698702856,4.862806755367458,5.8337084584814525,diseased
0.9612354626909689,3.047037010708903,1.6069196448679952,2.8178946959282904,2.291891709025882,5.546279246038802,diseased
-2.121032105431511,0.36076315321198915,0.17390961970994287,-0.584526402437006,1.036927293450356,0.6114404236927575,healthy
0.7831832150420476,-1.3484470698133797,-2.255561587021803,-1.9063669687617821,-0.07111146334121905,-0.10320317903967742,healthy
1.1363739576155818,1.3540701033107998,1.2535236917029877,0.20891898377787882,-1.226164118362896,1.3237650837810244,healthy
3.0188114215934156,1.766935883517014,1.861329731338283,4.071967734813862,2.4470710326356517,3.089037574206315,diseased
0.3740578220635879,0.7925321169656073,0.41132777248914776,2.086389201568732,0.061977159629830594,-0.34192762474990074,healthy
-0.11660980066118065,-0.8597772404265872,-0.9401199905438056,-0.7407368201407702,-0.9844876432848098,0.8657964212540513,healthy
2.938829008291271,1.7178132708894394,3.136374705332093,4.7461964093047095,3.2487048823220257,2.2148338655435253,diseased
4.067860093276414,2.8254946588870546,3.363370924817517,2.295873165885557,1.7522023157024162,3.719308043402859,diseased
2.127752150802092,3.926362415157979,2.9796881649525453,3.8555916354174715,2.126351312845663,4.296785990576989,diseased
1.5958522447330552,2.857233069219407,3.7901634312150545,3.252877992769363,2.3167019450072397,3.509419295268958,diseased
1.9015889763832696,-0.008573151260794101,2.2409437037755677,-0.44214796541354673,0.35051204134810954,-0.49084750167489155,healthy
-0.7855994441390646,-0.32737156166738923,0.5017794618250152,-0.019184119536144097,0.12374466247159174,-1.3598195068017078,healthy
-0.4799583539738183,0.7614303774911797,0.5880753458049396,1.040596332300466,0.90071902882521,0.7843528239572451,healthy
-0.22188569012415993,2.316171347771517,1.5066048030371135,-1.3994796346205545,-0.3998463222852154,0.4283365383682873,healthy
-1.3411595411169084,0.788253888107948,1.0775839283249449,0.613995411968149,-0.6012319089477326,-0.5371281027862845,healthy
3.0587509843715064,3.316590517368982,2.8846247289701576,2.0076517325218504,1.732983464563252,3.450620045889879,diseased
0.6919029953839423,-0.1431425718356058,-2.152870376856211,-0.9404804131972656,1.049131649273991,1.2786715113534515,healthy
2.481662791765336,2.480156152368869,4.168533525505042,2.8392645630469415,3.5316156101784504,1.7025895946939646,diseased
1.7248762631487318,-1.0551006994223244,-0.42780503473628484,1.361784750350584,-0.4461507994277505,-0.36425147586094014,healthy
-1.901609890389712,1.0431869588150116,-1.3319377679886037,-0.7773423635754164,1.0585811348526395,-1.334470735974386,healthy
1.094151751865899,0.0183966792131484,-0.689757651533845,-0.46126504597235024,0.18194574186008516,1.5562003749969304,healthy
4.830643588581905,1.5639126327682686,2.741129465405091,4.718472511920869,3.5006359909678695,3.3973360523095,diseased
4.3572882963285915,2.5635958335982414,2.8683531687077344,2.5118567502516767,3.3271006457387644,2.586096505733148,diseased
3.310029780267935,3.235183542104382,2.315472189360836,2.670793801238566,0.9920209523834829,3.7103710068573075,diseased
-0.709019940363552,-1.8065494916138836,-0.4611993194121158,-0.7108888926347918,-1.186214899347432,-0.13283910319029893,healthy
-0.07945503537323442,0.07425608108048992,-0.9985568133328433,1.342933001549973,1.4987783023244174,-1.9716175035949517,healthy
-1.8513770746404312,-0.09007984706598965,-0.1725347384110806,0.8242934907117544,-3.1545431461243822,-1.9178098128512968,healthy
-0.240192956823039,-1.442157013194299,1.690719464084124,-1.1282788050680386,-0.6612831040067043,1.1448990480585721,healthy
1.9441647540410785,1.8587536567603968,-0.5732087444487923,-0.467394370223271,0.6887819993238358,1.061285612072863,healthy
-0.1868413340423335,0.46356484022827815,0.7227529674460641,-0.42053510001203787,-0.5286775889912143,-0.4638853479879945,healthy
0.6755957782622037,0.367143500143,0.6419696650433121,-1.0860860579650238,-0.1746223857264095,-1.2124733597387285,healthy
3.8483002808629214,3.356817450040565,1.7814751785111633,3.1057138346568345,4.128220248078468,4.096204014499732,diseased
-1.623537444586506,-0.7138359429967399,0.19544198106754554,0.35542114521006973,0.9572348634493512,-1.0086355502545346,healthy
3.5044671510107834,3.063198824544391,4.727428963249475,1.0984284275863418,3.41289288732626,4.24300656914608,diseased
2.273687975857963,3.6584811012172835,1.5849549943750625,2.587745886512928,2.36222426622753,3.1015420286589,diseased
0.7417221786678901,-0.0925432507186592,-0.9331120255863701,-0.31140795947916294,1.0507333277452064,-0.561686810300669,healthy
0.48636831873409325,-0.659217416319285,0.06570753973556404,-0.7954659408712335,0.4676057696719486,-0.3164710983237507,healthy
-0.37180290351912026,-0.6998891942285705,1.62689186152306,0.4202400754758032,-1.427124962853585,0.2675871772612252,healthy
2.370876450856201,3.029651069206806,1.7862884739876992,2.0035400946817945,3.0557753758631763,2.9926894709145317,diseased
4.9604846599627415,6.012376933255444,2.1270574450274733,3.3266511036154567,1.7714316520024054,5.831485274246632,diseased
0.229734794523969,-0.6080101785608144,0.8710863810424168,0.6075673769845699,-0.9949924215994163,0.5182184440212028,healthy
-0.3368800787803611,0.6757772924750197,-0.04962668226204786,0.7312040068446839,0.05857627564784104,-2.4811914853053376,healthy
5.138860903142798,1.8604395213696907,2.865944894084262,3.0194510516048103,2.245670078673287,3.352443884044765,diseased
-1.0046101383842825,0.13344603462109247,-0.4537004224688771,-1.0685970433971257,0.32950201508388843,-0.20997820637102263,healthy
-1.3830333961679573,-0.37496538762347165,0.24467164863886215,0.09462460132282483,1.3757537967745386,-1.9786353403291244,healthy
2.8160272773696073,2.876860647901798,1.9989726789568167,5.790421688187538,0.735050403160165,0.9720857361557957,diseased
2.8950712391989373,2.922608457542178,2.972839274986533,4.808217785899673,2.108028164785231,5.455272621400682,diseased
1.6222110819821878,1.953469157020444,3.8138118808143004,2.814274853063086,3.667189291574244,4.3602993279241815,diseased
0.7931997819986738,-0.9902639006250883,1.4085930707925551,-0.8456602041156787,-0.7705719432063498,0.4276107103151994,healthy
2.2270076852146015,3.4634547900200787,1.6768153615096706,2.4721140532612673,3.6685785992778754,3.0475374668190494,diseased
1.2838550640677127,0.588647904010331,3.035714298111556,-1.6458940359794758,-0.021674753294791394,-1.066654491033784,healthy
2.9776231887225304,2.2855684624073778,2.525553696102255,3.6301559347224988,2.6580039240779216,2.2705256217487704,diseased
1.4122558190122982,2.829688135549829,3.1859804727320773,2.1760711090634137,1.8021432866671507,2.5070165239029194,diseased
-0.49307644032833137,-0.06336534569112102,0.36586964228224156,1.271293016796746,1.0052388017895395,0.6463183205729617,healthy
0.3142198753896684,-0.7234440328459119,-0.7705485599851617,0.5831268650353936,-1.071826954371577,0.7183421955712772,healthy
1.680435895492572,-0.5612984855728218,1.40341216312086,-0.3541183841038174,1.206949398020405,2.339720148480521,healthy
-0.5162690092455027,-1.1284478727923954,-0.15103055153883657,1.423321026167184,0.8163744966147283,0.688883864266003,healthy
-0.5660162936337811,0.036895040275987105,-0.8932168544591137,-0.2208669765531758,-1.18617316681054,-0.4012729672717883,healthy
2.641467248746951,2.159395793541958,2.778387341165147,1.6343211905282458,3.6111336477938547,3.113071189848766,diseased
-0.40923001241477897,0.015962241731200106,1.0304723575092511,0.2636197519566236,-0.33322598635705175,0.6821333452657441,healthy
3.30144797237066,2.6958952548709902,2.849664637218014,1.9266100079876642,4.8025080452459195,2.9160987448683033,diseased
1.376824475897778,-2.490614832223641,1.2692073153447934,1.3637989611753547,-0.9800758966533455,1.0146747268851577,healthy
-0.013373475508112846,-0.04466473382085757,-0.527954524498501,0.07748692204363035,0.22498409716055148,1.4926964719344709,healthy
-1.2335095276125785,-1.9760146141547035,-1.1179883795830254,0.5684144769378178,-1.3113541166252445,-1.7496423367360299,healthy
3.1269813384524356,1.9201901117595497,2.64960793295925,2.6431516931484627,3.4560867093159744,3.495392789903111,diseased
2.3693781745491007,3.5739161501217804,4.204611127829525,3.3188480968446465,3.6969836087199983,3.9540114240191833,diseased
2.9545939831535923,3.579158941780977,1.8280495017215113,1.279421029744201,2.725228344533985,3.702092650053493,diseased
2.5854182994134915,2.323626656209536,2.5721225488857744,2.665364283787005,3.228509426369756,2.588350970763618,diseased
3.111461195229115,4.697053438917446,4.53261178334506,2.026758958171221,2.673213249398725,2.24949870526758,diseased
4.242720870030415,2.1727597898456548,1.0696645283287314,2.911218114122095,4.1028071881439185,1.2775714559685116,diseased
2.3198095893142257,3.608717652547823,3.5226683043064146,1.7692472348575656,3.2287311881859675,1.9555893551385335,diseased
3.5355813751932503,2.1933423225033892,2.1760194235403647,1.9048252405475088,2.856546828111204,3.456326492244278,diseased
2.385171271007713,3.099705822889924,2.8572039872274178,2.7397027093931037,2.497326770613289,2.35312630232858,diseased
4.06809050355494,4.461355836893471,3.523607473347024,4.053812851530605,4.94503946605631,2.945746138158367,diseased
1.6019589580246578,2.689028060275865,1.7638107321907108,1.8630359505690175,1.665737536985627,2.204023769916126,diseased
2.683314008003825,2.4769283788922336,2.328923196210208,3.8373452603514404,1.5193974370866923,1.5776444020412888,diseased
1.852437694520952,3.826998856224102,3.4214803564207608,2.8884559087706325,0.5135478670208178,2.450338910068614,diseased
4.179230744200318,4.466995582463395,1.4716524480272657,3.4786237442837162,4.315962594581099,4.133576630933668,diseased
-0.3664191156646492,-0.707762707706492,-0.6059815438875954,-0.9810884288009163,-0.7464415668311316,0.28450243761134175,healthy
3.9578853663287417,3.583487559491524,4.161979075975805,3.3466288514571874,2.531512419818046,2.2720917417734,diseased
-2.8890981522643574e-05,1.4317344185030516,0.8942461977066967,-0.9042249335038824,1.5459043652157056,1.162061328999815,healthy
5.663462995104616,2.737553344949627,3.1865240648879976,2.515248258031138,0.3568936925329562,4.380903752300071,diseased
1.9397142696305496,-0.4144198369822065,-0.4509957424693251,-2.759507465661304,1.7689338244500405,-0.36899829117537003,healthy
-0.010038274251463825,-1.0916403769587453,-0.8409976297559635,-0.18250647964381972,0.4051478101302095,-1.049714506095244,healthy
-1.6520145776078716,-0.3786964985785043,0.27673937673079096,0.6411624595913326,-1.5980033627401076,0.1591782538180058,healthy
-0.7436298076544051,0.7866198535183534,1.8726369639932994,-0.6012429598064242,1.2344628506279733,0.8892640592794231,healthy
1.9852962174537219,2.6461108295094027,3.2574050999453004,2.8702187850784435,4.568854273763841,4.139355227624056,diseased
2.7604663688361737,1.6812631487832417,2.694156558486166,3.5912933402331184,2.60620016578888,2.2043635219967586,diseased
-0.30702663057136353,-0.7076248109417969,1.133250429620587,-2.3470527842730435,-0.7307828123056779,-0.9027638509435852,healthy
-0.6236948005171222,0.2951986124107851,-0.21816408319046576,1.864651597657007,-0.6880771570816544,1.11880976014106,healthy
0.21415714680240683,2.8339969772372413,1.0267248540137002,1.8102651102140084,1.3332936479899247,0.8312383078578685,healthy
3.753835989857554,2.519841210524482,2.3431974088404557,2.821499594465363,3.8044475129257362,3.954890915511763,diseased
-1.0510040962124318,-0.6878031941924819,-0.5258074968078036,-1.149340078072441,1.0646668027850454,-0.3238427912437991,healthy
-0.5291817822923829,-0.30636589590490504,-0.9581242311464521,-1.0078571307469861,0.3065132438008009,-0.4752480390629452,healthy
1.5801867143823993,2.95425204364733,3.177424983425147,3.174929554025348,2.0657537582979817,3.9644702982601214,diseased
-0.8113749663534245,1.3044394247585775,-1.1501242352594518,-1.5795983797213584,1.1876239439866794,-1.5850551157963375,healthy
-0.07026077370059765,0.7493026192896751,-0.7234629906514067,-0.29365796361771856,-1.841286265603916,-1.0824786190387132,healthy
1.803989786697739,0.10664198726433499,1.2239784048273419,-0.8751393783314361,0.5900987666308313,0.9042166751969641,healthy
3.796605542609552,2.846032441067776,5.812788150483019,3.558086826177628,1.6536519558278233,1.6278446026775286,diseased
1.01214557856611,0.6912224994756002,0.6647408959923149,0.18208490561077104,1.4129765562660128,-1.5408007845310363,healthy
1.0364922094314446,4.1700525102330115,3.696350580866991,1.863117848816744,3.151773593260209,1.9162682443701333,diseased
2.3816191970535145,4.649483722449965,2.6200574939191847,3.677765369496891,2.4665815738507284,4.8777528522227955,diseased
-0.17486879820850382,0.16631505033886193,0.3754573325600648,-0.5103196715944552,0.4215763724924534,1.737696573143212,healthy
0.4184023317712546,1.0081731465237387,-0.9640596957234715,-0.34530484646468196,0.92199450763843,0.15353283567518972,healthy
2.8834299955150433,3.6189048035944547,3.8897528592807284,3.961185500617246,3.061589952520819,3.4545748182245695,diseased
3.5357953607937387,3.257675122306083,3.1191095293009186,3.86485678059311,2.797280138794499,3.7625045260107743,diseased
4.8703917320505905,3.7809378772699693,3.2689676689121048,5.412382170506938,2.3669976287656125,2.187401454561319,diseased
-0.19401191453756295,0.25706805218789175,-2.067728271529583,0.06635686450734092,-0.6382574745409534,-0.9298385392262319,healthy
0.45248667149970156,0.3871823101979803,-0.7456973521885583,0.19689351577592681,0.6374254086910659,1.5039905960636601,healthy
2.292079873532785,3.6759288054070054,3.2525500702286925,0.8084688842546561,1.6545950296459653,2.4128509622546623,diseased
1.51904581363305,3.3795443363801896,3.686108105047917,3.051049160371699,2.225138786366262,2.567601875811057,diseased
2.0092327736624016,2.7932272097285047,1.8081917775353502,3.7206739462001694,0.4214309785352257,2.1987583334401575,diseased
3.664709948487385,2.7873734063179905,2.842474013808806,3.4618155334981324,3.3777597160559436,1.3072017495144241,diseased
0.23229550813689703,-0.10265217081063333,-1.4387967148215497,0.9275221197205532,0.27485751749402,-2.754706785130989,healthy
2.5200965261932344,2.687903327419567,1.2848018746800407,3.597458306079945,2.8902613312390826,4.549540426484091,diseased
0.2105707825451485,0.15480875799999516,-1.2737560690934626,-0.8986213938188805,1.5664249130887766,0.494597580478903,healthy
2.680756197365552,2.138409004637367,3.6781532742677587,3.7125067068177864,2.48686603933325,2.68033567377664,diseased
1.976953180409848,0.03522570904641089,0.32427044329810384,0.41635889052149266,-0.002545563200592299,0.6192887662137895,healthy
2.706772864138536,1.2498099035893926,3.8704872260199448,4.654166503012059,2.5145126146094134,1.7828547890085893,diseased
3.9062202564187336,3.965835314665828,2.971768264060853,3.8954545072989912,2.854668299694761,2.438523227431239,diseased
-1.1165947007376287,-0.27306883682938937,-1.4896092009408795,0.6382375252419706,-0.22531918924715497,1.940733059659233,healthy
3.0950783991915953,1.0449043131315394,3.2548410408273827,3.2172998764576906,5.16965766695124,2.2790385950109004,diseased
0.5747856629329532,-1.2534941165597333,-0.14400012480290983,-0.18020321070289202,1.6972042117047923,-0.8106034414835802,healthy
1.4947506342688603,1.8075545120578442,3.346658362699549,2.5739980753814033,2.241250785673034,2.8121935117258197,diseased
4.257375641252812,1.6398190150359422,4.532782426695422,3.1325912356643753,3.8369866004411595,3.7038120046976473,diseased
-1.1601934603236257,-0.5981359247121436,-0.2617974840702203,-1.006469240395529,0.15386107357095694,0.1359449473427494,healthy
3.261993457585102,3.6374381973303604,3.736681485429145,1.5307387550732292,3.1197854178431177,0.9941816038639262,diseased
-0.09853318032359196,-0.35079890881473486,-1.0458370377122912,0.6860521833164603,-0.5876453742470404,0.3436850178678997,healthy
1.6728406262620343,1.5247550588511807,4.9107548907264,3.9093984525425447,2.871640229915605,3.2237102287617945,diseased
1.9157788450391458,1.439942993617511,2.033588432679919,2.8984491906245378,4.006371213769683,2.3366037346167676,diseased
3.7749247005642235,2.9876760184181825,2.1355379577553104,3.485437953782753,4.530746337564581,3.3453852685538097,diseased
-0.719911183404855,0.2726723583426293,-0.666114018184255,0.08806775356544921,-2.257285851068713,-0.5581222757399072,healthy
-0.07487166161865964,0.50430630616938,-0.43477945054773337,-0.875244066355259,1.8327329958645378,-0.229650104410584,healthy
-0.06975643814516222,-1.2647655710414423,-0.12526068819807962,0.06118226433678073,1.84467868776619,0.9434737641133749,healthy
-1.6339691673702201,1.3663857682669938,-0.824651829575122,1.4621639029858144,1.905213993186392,2.3015530387572984,healthy
2.4627749235880803,3.802954155530239,2.4228563604197637,2.852330242279716,2.283785590579413,5.132925957721426,diseased
1.6809646513888514,1.8742755423557873,4.149782213928423,3.1132825157279225,3.628363917178136,3.025082250954926,diseased
3.656183764587235,3.180879141948334,3.79210580998197,2.4812930178611765,1.918734581537567,3.208557066946505,diseased
0.8871216387294311,0.4231009153278338,-0.05605316905276165,-0.4614976400807611,-0.7997656981946477,1.9019604228189215,healthy
