feature_1,feature_2,feature_3,feature_4,feature_5,feature_6,label
2.315109434085122,2.078663683101851,2.3847018034059837,2.364422238697878,3.204333939221507,4.72116780292486,advanced
-3.3249268219786274,-2.232336009390708,-2.5586116057599946,-3.0275544577001545,-2.704762031542592,-1.6734115012561341,beginner
1.4599935191849882,-0.381526283395582,-1.2698514621391004,1.4651453799352478,0.7268988408070237,0.7752983396572494,intermediate
-4.9571122631348805,-3.429637188099108,-4.427055887762761,-4.268256394770354,-2.8063721646626605,-2.2835607720431046,beginner
-3.5649992812796563,-2.591808179084187,-3.4013988768515233,-2.700353755473508,-3.4601163213322703,-2.047390193092724,beginner
-1.7662205264968818,0.17778490861517623,-1.4725705871824488,0.45162694544227255,0.20075328200845274,-0.487495625193862,intermediate
-0.8748952379564247,-0.38676934212177666,-0.6460497193821085,2.3272105929845273,-1.0759617239587664,-1.4226501196254715,intermediate
5.684753141977751,3.1427345654462817,4.513034946947703,3.349856638309833,2.116010549810531,3.1753783846550734,advanced
1.3373847499741631,-0.09604555577753951,-0.6553574728133136,0.19491485590952448,0.06573647299493132,-0.6692548077268081,intermediate
2.1054590520472303,3.635096141700984,0.7610794002915551,3.1007728902203056,3.5531379761026844,4.250090930189026,advanced
3.4050890425860483,1.9271943219754524,4.035447217504074,3.2664976120944345,2.2530033287448368,1.8714526316979723,advanced
-3.438430970759551,-2.9874108415968723,-1.3152099800854156,-3.9174633405661825,-2.9968373476188725,-4.165401963066014,beginner
-2.9848567295479786,-0.5287524492472926,-1.8280405068932686,-0.3979810997289288,-3.1025157915794126,-3.0000858881113457,beginner
0.589138358481894,-0.7844798187347127,1.0284040144067124,-0.16600740095929692,0.317010295058939,-0.25766597878110875,intermediate
-3.354976375965984,-2.3391058259683075,-3.2962997571436734,-3.987887566884596,-3.6595237155961797,-3.7106072293721395,beginner
1.7905331083488065,3.056838590620929,4.520252891274868,4.076850548477695,4.587739987961008,3.781776823143926,advanced
-3.2737034606718476,-2.8324298757538156,-2.2521766022496745,-2.5535677987658105,-3.630707428709859,-4.056405069749044,beginner
0.8377575407561466,-1.5263522375474528,0.4765986786319918,0.24006447439605197,0.09822798179305854,-0.170379695364313,intermediate
0.30540588771586713,0.22748292324808161,-0.4280002741354739,0.406900480509433,2.2266372641806713,-0.28301853739986904,intermediate
-0.5518506007383003,0.528695786907214,1.4375123641555483,-0.3149356370527368,0.1807733275468765,1.5519188469953615,intermediate
-2.8888523282261667,-2.300120410946746,-3.558436676956224,-3.910276605831799,-3.9234703040043186,-3.3688901277943586,beginner
2.322673940946255,2.8779484778880526,3.2914890694314862,3.4799716626486514,3.1423516391923694,2.064431038065621,advanced
-3.3038064997950882,-3.8099536006218027,-3.5599311713192128,-3.6598153268390563,-2.668629644894041,-4.214552427173402,beginner
4.45525600485154,1.4986914347945146,2.9058373557803074,3.6254760904310763,3.260731738632673,3.0205043337923474,advanced
3.237348313542259,2.4994623293225318,4.19238961931333,3.4148799415854207,2.4542773861923908,4.006517576984633,advanced
-2.231431445436669,-2.229273202543249,-2.4105147810572825,-3.543401029266718,-3.7871649010701596,-2.67551003763315,beginner
0.8564629910742538,-0.8081859545688456,0.789643268244975,0.19695320535860186,0.5497256523395672,-2.2971913371967645,intermediate
1.3224923566518765,-0.1615256856370956,-0.6156100710014177,0.45501633904438815,0.06957130241145708,0.04973816314162725,intermediate
-1.3490213971924712,-2.9039100211356104,-4.153815932165952,-2.672670087396296,-2.466194577555044,-3.2743202442477113,beginner
3.9813830229875364,2.7897098075356195,3.7483885762282005,4.078373982306328,1.2208961954565833,2.4874647362301796,advanced
3.3143656302966815,4.200129738079378,2.7144779551343223,4.094512494675396,3.865325114308908,3.3880410434074393,advanced
-0.3019043687388007,-0.028574769285484938,-1.0680059551621695,1.447706879421688,-0.23132513532908144,-1.1967180690674457,intermediate
1.1779581131405163,2.267910295793166,-0.17462659717612156,-0.58809532937918,1.7871610612755482,0.8654061124238884,intermediate
0.12228247973334104,1.3724046090480315,-0.08427616826485804,-0.5941022110243596,0.8399598994286851,-0.01296969316825732,intermediate
2.7187126804852277,3.0507510661402306,1.9798603900253213,3.224531730463281,1.585784222700567,1.163661805283322,advanced
4.730060254270633,1.5213116944298313,1.9694116093728793,4.662371215229696,4.091668245358487,5.900051310146969,advanced
1.5944395614224411,-0.613294837370101,-0.08034551217292611,-1.4755143566642692,-0.6014279209544,0.9575722443529557,intermediate
-3.4159713249197297,-3.870486770939517,-2.9618853998834584,-2.5977759203007413,-2.7515088525997276,-3.236575241986843,beginner
2.1894906569806794,3.4003008087864153,3.1650766681686417,2.2885404206861324,3.8356570322342898,3.975627902976324,advanced
-4.433294149985063,-4.006615353826051,-3.112694729863856,-2.817947804262298,-2.4991647075599137,-2.3520896365129325,beginner
3.115796398342857,5.172903790141962,3.8223776833948717,3.0669103942974534,5.041981344674898,4.075346766212733,advanced
3.058885060860362,2.9991221015987373,2.6178570676874022,3.6763671688947372,2.281481253570997,2.0809298470539326,advanced
1.81442232899751,2.641706834972418,4.535941259131658,3.3065858130697725,3.1863270092554776,3.4205405581507686,advanced
2.4647061399192065,2.5126104900927455,0.7713624507754773,2.1301376021320326,2.9976112587514843,4.849851781792638,advanced
-2.0469116578097415,-3.981605026740316,-3.0532883936403103,-2.7290954301652577,-4.475826713140137,-3.3520540807956807,beginner
-1.5746669681668874,-0.981472771338252,0.2518637717533083,-0.48974243922260546,0.3765516321600173,-0.43846684987125717,intermediate
1.2213726967692493,0.6704645497698396,1.3525092975646849,-1.03968842789347,-0.02696550899503183,-0.41069377893224257,intermediate
2.795620689225584,1.652965524506561,2.76499814880648,3.078159717765236,1.7386099917350908,1.6713314403423813,advanced
-2.1102251769709977,-1.9942222764295177,-1.1671352062957703,-0.5661846595938389,-2.702417806884825,-2.5980735901532253,beginner
3.39566134909426,1.497597469200328,3.621272923676151,3.272154118054379,3.146437247027437,3.2141510573383862,advanced
-0.21670116417773572,-0.23780509228302504,0.5232603596976204,-0.6129816355832499,1.370116854273919,0.7572112501268552,intermediate
0.5919030346086311,-0.13010972341261023,0.1419988572465789,0.7605996983170036,0.4789172859738058,0.868457505981959,intermediate
2.520324848825465,1.4053930112850417,3.051874175133291,2.5165716764587374,3.1679163896976843,2.8857650306216382,advanced
-2.868089814306346,-2.882666534135719,-2.934751684689104,-1.9888627721282675,-3.2494139118763266,-0.345752816973127,beginner
3.0205467413681344,1.639582574564206,4.55581590007227,1.8489143053683792,2.398901563080443,2.730162861749948,advanced
3.05074600574326,2.8437663387353207,2.3136047068087584,3.7462503608565854,3.704242131039622,3.576084971380197,advanced
3.4409503073828196,4.438107291852468,3.69576728250921,1.9260112764327928,3.9038346540940614,2.6537551085473843,advanced
-3.920865042835568,-1.9768627530162286,-2.824043320719615,-2.9310592810774785,-1.3913566357813567,-4.494986280515071,beginner
-2.003883731119528,-2.1658968550798345,-2.921418297530651,-4.067365242168711,-3.723052722550376,-2.085370755561895,beginner
4.241922336141197,2.7968272900503783,2.069605997965811,3.669781617783846,3.019608672908447,2.348352002696845,advanced
-3.5844101708029426,-3.8537401071269417,-2.166846347613454,-1.7611531505991964,-2.1880772136272717,-1.5047725506647944,beginner
-1.8775998896954966,-3.0252834938923834,-2.8079959150159506,-2.703189485361138,-4.6083818924998265,-2.4482444031705923,beginner
-3.234494308521619,-3.3989341737784775,-3.785891841167847,-3.0117449838390247,-5.1679766400966045,-4.606396133815061,beginner
-1.883790195188289,-2.0051806193597956,-2.482907345141034,-3.353882298809171,-2.2417163696307476,-3.1100316031018016,beginner
-0.6559132291953906,-2.0354811558098693,-3.1375316260794492,-2.7045380713803904,-2.847661786561527,-4.12901349088715,beginner
-2.839493590321839,-2.601486204716388,-3.1112383609217655,-3.1159752256097724,-3.4310367169641136,-2.421486559158237,beginner
-1.7765668495509124,-2.62859745636657,-2.859360093850473,-3.0206712549440953,-4.040488152910676,-2.9086840892278594,beginner
-1.92576040882092,-3.1336588266443566,-2.722772228684888,-2.974729252041119,-2.061649542004531,-3.1679054862203184,beginner
4.092574632389903,1.706472884699398,3.319461309685834,3.829113983647154,3.6110345870262823,2.573299429668338,advanced
2.9268016360276605,2.031557124916235,5.075753354794282,2.255298765696381,3.1630785438995126,2.915868771012604,advanced
-3.900311749004201,-3.0697967861702113,-3.7354857403468076,-4.2755716319952395,-4.545066141444554,-2.7302168139949154,beginner
4.623684453552581,4.60010928918738,2.8176175369653076,2.4180389832296534,1.7557623072734094,1.609374970138034,advanced
-3.1670500870776808,-2.3276179684019067,-2.5642498312240516,-3.1833303921986182,-2.1970902338386615,-4.467020346853641,beginner
3.9453551359220347,0.8354054021316744,3.8643921855763677,3.534591544071905,3.2068749170192565,2.9258205777154203,advanced
-2.403850897130839,-3.1648766988140187,-2.3761147144447565,-3.3958781289251054,-1.7851384412038545,-3.0684362081972316,beginner
-3.8391760327773916,-3.201833058983939,-2.57377727983296,-5.743506501664241,-3.670255293283939,-4.792179214118179,beginner
1.9984464362250451,1.1011717642338825,1.4669500071173214,-0.28886470900093875,-0.12051726104588048,-0.12055456271436958,intermediate
2.3274383031347927,3.099611385458817,1.7613986874442962,3.473146466583821,2.4796996165113683,3.1615342499278114,advanced
2.858581491215083,3.1132079739628495,4.464081732856565,4.415711780930738,2.4618115347217118,2.4982171519153744,advanced
-3.22344153317403,-3.498925893141892,-2.5876055652639227,-3.3587509828088877,-3.5287450195434116,-3.9781540798717323,beginner
3.7037040632671,3.0683100952523503,3.870536247387826,4.845706434294412,4.364664031833963,2.973818646722083,advanced
2.2471494079956797,5.2371103795043865,3.4520073705264127,3.6560189287058766,1.03492471423701,2.6942644915965723,advanced
-2.229229833196833,-4.465391562670755,-3.606563153708826,-3.8261321475113985,-2.7918467038910557,-2.814804241111572,beginner
-1.5421909171859065,-2.8166526619974834,-3.1160143405232232,-4.133189791454623,0.4179776052236921,-2.0589412377472165,beginner
3.4477390983023506,3.548770336327681,1.675478296845283,4.3389795296931455,5.080020155952798,3.2729755301786825,advanced
0.3231057693203067,-0.09032139972009574,-0.29143123842157376,-1.7817046488179784,-0.010923735680153172,1.2709597168432525,intermediate
-0.8111742205331401,1.4098860696969313,0.02489456341897007,-1.4053322118030769,0.7504980788038087,0.11287363182324954,intermediate
2.045129057882109,4.37780426601666,3.926698108840981,3.5349304624716757,3.707151451421449,3.4290973585969575,advanced
2.054596570947934,2.9742540734912684,4.4751024065400395,4.301020628268459,5.259717578828039,4.488532695189524,advanced
-4.372868895128815,-3.0697841274567934,-3.518485131710297,-3.060301499473547,-3.0863412945321507,-2.0993874355337723,beginner
2.531486722354135,3.945612437188838,3.2568658175854823,3.4161326778773704,2.2486462683995248,1.9540974819611896,advanced
3.504098777889935,4.191089770759278,3.1339853284573094,3.4599595985062486,3.7314876603922964,2.5676289270621666,advanced
1.8878308501254173,3.347785264074966,2.1789911283765035,3.7195794455011506,3.6571956467584275,4.001803579799116,advanced
-3.226655955960753,-4.68512118302156,-1.786181370997398,-3.8711893651461513,-2.8206721462079405,-3.9368782516133236,beginner
2.016400012920055,3.9744122550691072,3.5762390208263835,2.571822376769804,1.0471907642900338,2.551960587977803,advanced
2.890920805832062,1.2478785542412412,2.0073581609247375,2.827255241005978,2.3242260142256552,3.321326291340567,advanced
-1.5874484147403212,1.2864510123826867,-0.8470754672048851,0.585851933180355,-0.9039328987427798,0.2224494580068878,intermediate
4.572340618334493,2.279565440232576,3.392595364267499,2.8140054808661406,2.9716106955018597,4.037721158345616,advanced
2.0008405593467,-0.37156686675238304,-0.5410634285855198,-1.3673555002148639,-1.407843972318995,0.223270341894514,intermediate
3.707931041215824,2.77174060964398,2.1568602003457977,1.7056032848881229,2.2570388886705337,2.4917771042160815,advanced
3.8801569586326825,3.6069773906699334,2.696226769816412,2.63343777803405,4.365889724473403,1.9249713206945136,advanced
1.4239650820896084,0.9537926557495109,-0.35383559227351397,0.7026850594580727,-1.3115364077180347,0.09815479922710996,intermediate
1.9170963635564688,2.5672637241046394,2.723726236637403,4.111635988175897,2.681414415394573,2.9669711730400588,advanced
3.3006433487605547,3.135731285577115,1.9029546751970126,4.210304096479451,3.172140288717497,2.8648619051513853,advanced
-1.94993581062232,-2.3989459100348283,-3.8487806206213917,-3.205368093268616,-4.288918050131961,-2.9210674561444585,beginner
-2.796128852421553,-3.714107410900205,-3.49317963808438,-4.387690736111145,-2.942294564577135,-4.878558133929115,beginner
-3.9849184914118063,-2.466871092426727,-3.1880490410347813,-3.021522370881265,-3.283255430793403,-2.852105460906426,beginner
-2.886582336457333,-3.2771101938553886,-3.2324570692437393,-3.292511365855571,-2.497805041690091,-2.4965236385641867,beginner
-3.5206707990269983,-3.74174069107762,-2.6683293624552946,-3.0367595189446677,-2.470649376471941,-2.923464196633718,beginner
-4.928330088514892,-1.711851256714414,-2.8842223114956282,-1.6888331583851781,-4.116398070781489,-0.45840928558809635,beginner
-2.7870841783886875,-3.566293015572136,-3.6474396216649074,-4.5194514393385,-2.447294665303785,-1.847549025866111,beginner
2.457476989909871,2.3407052029916513,4.632845997494271,3.4063456411977278,4.095200046204066,2.715251932589443,advanced
-3.138310454571247,-1.6080780516552262,-2.3945653853571827,-2.588692303661149,-3.4036481790037056,-3.877267335439856,beginner
-1.4134397623245571,1.158526208845095,-0.30764078970930964,-0.6091294674274486,1.0956864228331284,-0.11307013057967379,intermediate
5.8043857035875766,3.319072407715616,2.735615430548768,3.054987994423803,3.5836677397315393,3.2493981279907023,advanced
3.1768781510476938,2.0386327077387008,2.9295945024704824,1.2914399211479723,3.8619128221704013,4.101007821443478,advanced
-2.86684937888482,-3.065605647494646,-3.6993336945222133,-4.046106689988536,-0.6993581963627045,-2.380832256814789,beginner
4.024225517093648,2.8001771535098214,2.015675430447698,3.8779584454827365,3.168497949070144,2.471454109524477,advanced
-3.5457889699036116,-2.304896242990469,-3.9050641442263343,-3.2937870621130303,-4.325253801556229,-3.9423744667784577,beginner
-3.4658226959690013,-2.734227736382526,-3.019005876583794,-3.607581707803998,-3.620886228624234,-3.7445533436650615,beginner
-0.28317454745844023,0.06628765664178922,-1.9265094444191555,-0.23219389187280146,0.5494728571051681,-1.179551179044384,intermediate
-4.155014978201499,-1.4266442405481197,-2.8865296333258503,-2.064721574515546,-2.315544432127514,-3.3448321069088256,beginner
2.130658600431032,1.308502094346965,2.6182256152385115,3.818917827703419,3.7711861684395993,2.781840648670022,advanced
-2.5957715667753334,-2.861988607351696,-3.3985847224936054,-2.7372520109733975,-2.773113451338631,-3.1622456419566465,beginner
-4.312815443973951,-2.974907178551074,-3.2370385999376516,-1.6404112513580809,-2.526644983677568,-2.3977193138715367,beginner
4.073635556577757,1.530336334041958,1.187138275314015,3.6093394968639916,3.898196551703864,3.2508442878621535,advanced
-0.5056555446378446,-0.7045075604697256,-1.028072152004946,1.5237474763462724,1.0765690355733624,0.3363606727979463,intermediate
2.426555126958122,4.371876147612147,2.2472872133714534,4.160210931783574,2.287553059524641,2.4909592271445744,advanced
3.7946975926679665,2.494834856405465,3.06642946031296,4.06943597194999,3.4208595095494747,2.841570790570768,advanced
-3.7857589840436714,-4.019367634024732,-2.7038882729251923,-0.880511571409095,-4.677170559687389,-2.7277429289253687,beginner
-2.0493276970241294,-2.648404238930465,-4.43404691118292,-2.906918583270345,-3.018310498255525,-3.753060017831042,beginner
1.824534622720257,-1.3368267826327107,0.09502185896332513,0.23676576221361942,-0.16789525603266628,-0.8727985309749076,intermediate
0.07596084047394222,-0.11439849492663474,-0.44729969672290665,-0.7297154232842729,1.3898328896735956,1.6005549943268613,intermediate
-2.3074058618909863,-3.5393887988931523,-2.813656133103478,-3.49598530394728,-1.3301390180933936,-3.6121282212294226,beginner
-0.637559645918801,-0.6865639029247409,-0.8394246517927078,-0.21561628765421437,-2.623006846217285,-0.6482528563259755,intermediate
-0.9739049651638871,-4.0898161341877275,-4.004285987876923,-2.5786102295295263,-2.6850684403114013,-2.9183465172830205,beginner
3.5295607328234677,1.1763379463144195,2.9695218930189706,1.4074934799878787,3.391543418983773,2.9444712076471706,advanced
1.1455449199082772,1.0640711270854037,-0.9572572084156988,0.8141290794749737,0.4433380449743424,-0.2727427640233423,intermediate
2.3492747348139797,3.1359172596496703,2.3026134179563353,2.6957902523850708,2.105650610080345,3.640695699675789,advanced
5.427242566344839,1.958110028667099,2.868972608272925,3.404288476103364,2.513517631270479,2.4644000112469717,advanced
-2.4643972065821207,-3.1692494415710644,-2.5707972845509386,-4.5753782907619875,-3.0338434504101697,-3.3822314685487793,beginner
-0.6881374550043714,-0.06601170852684043,1.6711939390566966,1.6755576283036335,-0.04168459485097901,-1.3336817885301826,intermediate
-1.0093328098668122,-1.7656768027093237,0.07063530052983176,-1.1380523270070064,-0.01829991482771719,-0.8620625940749295,intermediate
2.804468811237362,3.3831137726032745,4.71017636989976,3.893188845205418,1.4873455266352003,2.591534843553438,advanced
-0.17190697514785755,0.012228111063769892,-0.16823602233313453,1.7890277708082598,0.9511005906446174,0.2736063831667883,intermediate
1.4569216709182158,-1.0153571004312167,0.36898015544370405,-0.6173700861742798,1.3815660781749834,-1.6475131602561675,intermediate
-4.0642529404819605,-2.7512760458843144,-2.523765851934741,-3.194836139467046,-4.056423650493666,-2.2708890374835184,beginner
-3.5536380853046867,-4.883816509216591,-4.972082707796545,-3.190736605458438,-0.8492852807468316,-2.8986720372615618,beginner
4.414346008021745,2.6955259824786655,3.810702463561146,3.166027968001112,0.9105090633133681,3.0162190958842667,advanced
-0.36362355926456746,-1.0871970146150718,0.11339412644635721,1.82506591475458,-0.05648219740515085,1.2523484166646761,intermediate
4.696483418516651,2.5961548190423445,4.4418933117278465,3.9922602884045033,3.532303112827431,3.029651087700137,advanced
-3.5062955461761076,-3.2968222934744325,-3.36635190078122,-2.9932504476951007,-2.0407780122235897,-1.940827866489834,beginner
-2.4049936107088388,-3.69352536877075,-2.7144737989686085,-2.044768118493974,-5.02450962312299,-3.8365046277907786,beginner
-0.4285991936203591,-0.8418130871593791,-1.1249031527098197,-1.0642118357635006,-1.0897181275506964,0.47382813891596126,intermediate
-0.00041807091230815,1.6839018673124773,1.1338553737614807,1.0699265895941763,-1.331480772834122,-0.24901152566644708,intermediate
-0.0224829557285526,0.6822747189203041,-0.7430625732070371,-0.06116103025820825,2.4300615044310745,1.4753191637897896,intermediate
2.5333888675583616,1.3912269235252956,3.750252899846763,2.927535621257685,3.7790015778273736,2.327222392564126,advanced
2.862814462888009,3.0827042318221247,2.995490239443623,2.2349277936210705,3.2650238268553116,4.139947575224493,advanced
-3.0943245145031293,-1.2409109590368108,-3.5934311088654476,-3.0360132382019684,-2.265270678308135,-2.335627869188552,beginner
2.796615772126042,2.4088216115937695,2.233856712425189,3.015440973187695,1.4005645980554684,2.2324204342960408,advanced
-0.43879341548089906,1.1208029331554614,0.17022883963311147,0.07286918180170854,0.7528751340566948,-0.7168976537475727,intermediate
-1.748054340692087,-6.087922152405303,-4.139895781677102,-3.5685000843193753,-3.816230803123372,-3.7389852502253365,beginner
-1.0468117641701882,-2.044163062259802,-4.315343972618185,-2.6792145801110423,-3.5515877878363598,-2.8151299326297208,beginner
2.3724271184631323,2.524010489154068,1.154867483769205,1.2745743566767107,2.5271486514215473,3.1858984685067635,advanced
-3.3463774480452795,-2.870752548551239,-3.213065186726615,-4.054186882062489,-3.508896494048293,-3.120095578202796,beginner
-3.898753940826129,-1.7606032260783868,-2.0710934734423576,-2.9808154148471755,-2.919823962477609,-4.440105590021468,beginner
1.9613178811321428,3.576722812770269,1.9304487298967137,3.1999020184001172,3.5425943548686525,2.3506116978855554,advanced
-2.159321810434534,-1.3221367555270735,-4.1359988612850405,-1.2519170260875025,-3.1045639455411878,-3.975416788471862,beginner
-3.9557034913583675,-2.8915878750727795,-3.4217382061890533,-3.2270665747797804,-2.7725854982595437,-3.728329150402165,beginner
4.052106005493636,2.4670805553359516,3.9877261302733853,2.01649380189145,2.679314652878838,2.964199391911964,advanced
3.361051133712868,1.650005927730544,3.823162094964012,3.0562913283332453,3.5619885245919014,1.0870363245662675,advanced
4.299518720740135,2.3512100917596586,3.4826978122526198,4.097669481078478,3.850805924717434,2.240703600136235,advanced
4.454616383485494,3.4267696152725704,1.5734533203338315,2.567451769927429,4.507669165534328,2.9035366919777603,advanced
-2.765028485081276,-0.8846804673547726,-2.3763288624229952,-2.4238326030483464,-2.919923615444396,-2.8372775343415517,beginner
-3.258724112803675,-2.224344549108713,-2.6423963566775517,-2.9323501655902136,-1.49675030073801,-2.4062549867783436,beginner
4.096502777760387,4.023723779107792,3.4632770495498986,0.9170724869647309,3.3826055781969178,3.8945818264638374,advanced
3.1172706994919492,1.929891344899224,2.1938504925541276,2.5957421433677514,3.995656059072863,2.8161743066214546,advanced
-4.238389507016199,-3.5219598643731715,-0.18688538711542346,-2.4727365900503786,-1.3085611031943782,-3.762501426039547,beginner
1.8654572143202757,3.0168013936297546,1.739913188820171,1.6774085153804832,3.3387529578737105,2.4214672281200915,advanced
1.727229525990455,-0.8421354678422583,-2.229386312564064,1.7584459060788744,1.3632421594747677,0.878609233385119,intermediate
0.16175991600437217,0.00826620063988089,-0.7038798432637831,-0.7799682911334909,0.6510759538010242,0.7619870694815368,intermediate
3.5594592231676905,4.523609362244719,3.0204278639853133,3.8342994117677245,3.173154863290875,3.8479175118498965,advanced
0.5480491929357977,0.8149817439223775,-0.6601723587654114,0.7317511296315016,-0.4608427586483284,0.1423097548290856,intermediate
4.235659502386373,3.079580725962117,2.1631706530386356,5.055294448907033,2.1487745464280765,2.6543091473698244,advanced
-1.1905582687806096,-1.673219109612423,-0.15303963744937607,-0.3942762315409953,-1.0553604603594824,0.7458311631073098,intermediate
0.5458980940769828,1.3982427199971073,1.2423392296581095,-0.19877497895924703,-0.13412580732576987,-0.2914235570922647,intermediate
3.9470862319839544,3.6248749879193225,2.3533315001953996,3.7483623505568775,2.9007475312148787,3.589670515297839,advanced
-2.996884980839819,-3.300427549094168,-2.5658604356547796,-2.5092610717939197,-3.0372314858865668,-2.069145722458363,beginner
-3.3409003085479774,-3.613911514363064,-1.9551070839288882,-3.6870484866963915,-5.091389781418274,-3.603965552085152,beginner
3.0568824952294764,1.9767466270677616,2.7201641002355865,2.2237758333313398,2.8181362987258702,2.6219763037852255,advanced
4.134972598961168,1.7543625358988428,2.3407286138827543,2.2641987492771203,3.2825001799624776,2.7156013394401484,advanced
-1.9981712791758215,-1.3656867991435793,-0.8235947728755861,0.22323118288823768,-0.5482697790685351,2.1013585408459727,intermediate
3.920480247810466,3.2713793042106643,2.7002610715708544,1.7030129761222412,3.401127949177808,2.931757788293789,advanced
-2.0944689767802536,-2.924491201519744,-3.8785826209457572,-2.0919158615052886,-3.233196856702296,-3.665409830639968,beginner
-2.8029236361780914,-4.398177285155462,-3.144464111879433,-1.0765025825084429,-3.4061006249384596,-1.5671204290652818,beginner
-1.3875045386297897,-3.1621030993478407,-5.434287066087873,-4.928240303271102,-2.9658637813530966,-3.784841321196478,beginner
0.3538528678800522,-0.28675501070188886,-0.47984621136510736,0.960866581373286,-0.5787634595952587,-1.1452668688269534,intermediate
1.869128076069404,3.3502244057559696,3.3469761444408554,2.230841826657675,4.599104530586436,3.416108558196359,advanced
2.486192014497288,3.5971507794844184,2.9931271335504914,5.067844132598573,3.611031114007747,0.8492819701451162,advanced
-1.6793949433008482,2.0127489425511254,-1.8452007103345243,-0.255821117382999,-0.46874568674532907,-0.9571711307080273,intermediate
0.9490046770167598,1.2578866388222916,-0.9213971438626883,0.015859681892700917,-0.2575857610989034,0.3829879108735068,intermediate
-0.9058855776099686,0.3435275684240731,-1.1519915555077056,0.8260448888565172,-0.5786411087103515,-0.9680504013531659,intermediate
0.8830553742043008,0.418961186615622,-0.18595285502124445,-1.0391718228032036,-0.37667196423125865,1.7321950826014392,intermediate
0.9898548280940997,-0.1753151189102296,0.13454484714519066,-1.4576445736761419,-0.42812397239108746,-0.6280012308784145,intermediate
-3.9090298577528135,-2.470515937291485,-3.916690009001335,-3.7302417979992604,-2.842317376208624,-2.7342522520505845,beginner
-0.05716626283125673,0.6745536877231336,-0.2260090602421108,-0.3153607155902621,1.5283825544953558,-0.1710080656392506,intermediate
2.470907657087962,3.852849950374373,3.8112747416625323,3.502814755055414,3.5324088312382917,4.193560761000318,advanced
-2.2572865224612655,-3.1133002904672935,-2.613039076285023,-2.3067285393929713,-3.2421407865807748,-3.221220249209189,beginner
-2.9982429498340255,-2.9422002266926204,-3.3943631206249876,-2.833084158359198,-3.3112729156586487,-3.2190570157199705,beginner
-0.2744856130120599,0.9078421789322383,-0.09807913905271065,0.6318918649627279,-0.19573151334251912,1.5511823102980336,intermediate
2.232061619081774,1.4163153700585138,2.7499878763843477,3.616224666033386,3.684805632430802,2.472964914706207,advanced
4.430798794158996,4.475443916262954,3.4139812867838883,3.360350260466222,4.519210107134498,2.9871736809631892,advanced
1.097988012988848,-2.0611239434235613,0.04502885898827572,0.008151018066688902,0.5824439150992032,-1.3640862323014409,intermediate
-0.2611266996946167,-0.008387255937318974,-0.31693789128129274,0.23582245458740161,-0.4389058904070696,-1.9289722873403656,intermediate
2.0103924743035986,3.092415779001029,3.373007429345231,2.49036884021459,2.439155404421916,1.7361813064823848,advanced
-2.650100869561898,-2.377959987241561,-4.085477765106235,-2.6356244489946548,-3.4353558582219366,-3.1225071766840773,beginner
1.0530666397444228,1.0594186472995488,0.34427546204036164,1.0397918758111413,-0.4185885956419685,-0.5762141349183568,intermediate
-3.323431526307379,-3.5617721219935965,-3.7460008829104243,-3.710926352522466,-4.0277485258855155,-3.4432810743630826,beginner
2.70298344884463,2.643305644121618,2.020341942296302,3.990505802371617,3.6366299146718317,4.061635375161336,advanced
2.444856723804387,2.658226657589112,1.6811772538993446,3.7342878061611544,3.21358119990854,3.0510506877864514,advanced
-3.059207641315938,-2.4079661733001823,-4.1820872912504905,-3.272114110553763,-1.7379514935411593,-3.0181014659555103,beginner
-0.41184113995893973,-0.10420767315406021,0.48980081644287243,-0.17954785067334328,0.9437716637704261,-0.006570224397827397,intermediate
0.13825523215102545,-2.070918313205105,-0.5754978435658614,-0.2393168456647106,-0.3328592801304929,-1.3742499902785519,intermediate
-0.9589028730014737,1.4443785206804647,0.48026244867408635,-0.9015862318842056,-0.5816354944978835,-0.9755261944432909,intermediate
-3.7893027725213875,-2.587828620352635,-4.00573658924001,-1.749026629814467,-3.2393627644500174,-3.137682575865547,beginner
-3.089572598032594,-4.479456845148363,-3.91365075131103,-2.2762586146978703,-2.783197570334769,-2.134207895497797,beginner
-1.4319338979602438,-0.9715326655491014,-4.189246996574257,-3.4162200360425308,-4.180694758707167,-3.257702131901977,beginner
-3.5174182559472036,-2.148655589011973,-2.0103466952416333,-2.509061610998321,-3.811154670043986,-3.401614195524313,beginner
-4.210639552124997,-3.5152419943331115,-1.4851090374952123,-3.3471128999364788,-3.066965152872794,-2.9992850650588148,beginner
3.604885332845078,3.7879035843057127,1.8805030645801537,2.0896368478762772,3.6176692957343852,1.5355448112855452,advanced
-0.7820221093340206,-0.26324895881056753,0.330940675521262,-0.4298322579633706,-0.7381102389579485,0.1043251889448854,intermediate
-1.2217478399046051,0.9972083298872949,0.06070493508883121,0.32852750258650154,0.31891559658455454,1.0664670366970836,intermediate
1.6758224608547259,2.836803951172048,4.682092096782559,2.5071548182935164,3.1650417107482824,3.1874124628835534,advanced
0.4932889890624694,0.027194768253886798,-1.2454944180038312,-0.5320523774118885,-0.18386487849391958,-0.5094448841813686,intermediate
-3.0374379081279708,-3.443606146156012,-3.180308413832614,-3.6528592673330103,-2.825224264901578,-3.159042669450479,beginner
-1.2722789640656598,-0.13652542674638737,1.4355475049470046,-0.6621960329905,0.293748833079777,0.5685365381727847,intermediate
-3.8205181767996708,-2.7503266974443443,-3.433281428789618,-2.6764094807749204,-2.6742578706193747,-2.2579699269213616,beginner
-4.233364707278765,-3.1455549972277574,-2.112972548032815,-1.8393912857446102,-1.50625504400625,-3.873001743290245,beginner
-0.8342323959463371,0.2862220431604726,1.1576736315053329,-0.5270454995524413,-0.9068159555698776,-2.4655861262486978,intermediate
-3.8714675209525407,-2.146904187460789,-4.648767964797443,-2.7806337331657383,-0.5653498398370425,-4.0028312742449055,beginner
2.8574734333942837,2.5299043740288814,3.4247745088791373,1.9764943460384248,4.287149434042552,3.844098735737438,advanced
-2.9836693663537384,-4.7503672821057865,-3.199783519366412,-1.0975774774265072,-2.0535680147773934,-2.101209087644788,beginner
-0.3695109659609834,0.5129961123104971,0.3771254613189472,-1.247718464864399,-0.46863442166298336,0.5810368521919489,intermediate
-0.9311732437885486,0.6168652035831187,-0.9191094781929438,0.6687101557892347,-1.5315574081587755,2.1062000475630005,intermediate
2.5230816605366764,4.392944946490535,2.903114427947691,3.185972164044758,2.912455417279154,2.5568916110578965,advanced
2.204612144325041,3.124599886904042,1.8960624960643522,3.1127994098200067,2.7678842056876864,4.434404304757204,advanced
-4.402842116708335,-1.3685501159461801,-1.1560934738460806,-2.3521139375382023,-1.9788988519466724,-2.965977589597506,beginner
-4.968077802133742,-1.327431424821451,-2.6069673410077026,-5.357215518594648,-1.7047491920398166,-3.742634989050025,beginner
2.062474461643709,3.422257006557845,3.2067014271262484,3.023343387967237,2.562685838380859,2.188605876622927,advanced
3.8297326981522035,2.0021519998231523,2.763797948123826,4.227289173421513,2.8964374615097253,3.5943755014147114,advanced
0.7730078089644676,1.2011042987814755,-0.23955230293018606,0.7390013814159992,-0.12236906782626375,0.9947232199605345,intermediate
-3.0184992316114636,-3.6654029307784715,-3.2532466584075515,-3.2869085393543123,-2.7391669195411676,-2.094940593200673,beginner
1.3808641456054178,3.656956346284055,2.6110002268345327,2.139209634405621,2.596588505647936,3.50981561081597,advanced
-2.0376249137103954,-0.3673008147181616,0.8104297669279495,-1.7012374290338028,-0.10557822715441982,-0.3146479271185287,intermediate
3.7891586553157786,4.320925230650046,1.5015183487827009,3.475997193996317,1.8717666887563884,3.085889943915984,advanced
1.6815341685973493,1.5087694148067081,2.091940411287137,3.419681739057285,3.323737800078943,3.488169473220114,advanced
-4.8141700029593295,-3.3863070393898678,-2.546883757249066,-2.452987558147159,-1.9600507950028296,-1.264763503326932,beginner
3.7317466205103873,2.386350465985733,1.5940825638404899,3.095523436046725,3.0837041108193946,2.5099791739100317,advanced
1.3199358435560686,1.7233067525364454,2.651727962531825,1.679318671483331,4.171055408051847,4.140752550935695,advanced
1.9596825521303163,-0.7418224706575578,-0.0852388613105464,-0.6738094134956477,0.5769790337066547,-1.4406311031428738,intermediate
-2.351773022756312,-2.2798546518464526,-1.976453385459255,-1.4267291311287205,-3.4192874913093503,-3.428356383686421,beginner
-1.026083983686572,0.2726187487856758,1.364631184559688,0.7257466439487423,-1.9691573630638135,-0.29182278679646084,intermediate
-0.8594170984349492,-0.8555100941233809,-0.9469651431537384,-1.569910412140325,-0.6554293807223718,0.9125526395900323,intermediate
0.6446389226871578,1.1638497659424616,-0.7022891042847099,0.8690807847925156,1.2595190143056298,0.3792653258628142,intermediate
1.81185491948398,-0.8338521884639503,-0.43717068466983927,0.2562622400651971,-0.0550631561265442,0.6780016693248103,intermediate
1.8710077282344022,1.2890346691646068,1.6386513005229226,0.8342912196610999,1.0107362702580998,0.5697013520101766,intermediate
-2.3246579804720784,-4.385652239253172,-3.130383708319018,-3.22229078949104,-2.2363728553096216,-2.2201703863915334,beginner
-0.748812024584189,0.8032940855974146,-0.4940118299371094,-3.0898942023654112,-0.4571361281061181,2.33522548864433,intermediate
2.331057419785956,3.6701748195926043,3.1236163570813527,5.117039669854343,3.578241746371928,4.313088765161372,advanced
-2.3430667291193914,-3.9204353543400074,-3.595336468966291,-1.7049810476358953,-1.979281294054484,-4.160857774707326,beginner
-1.8838756091371096,-2.454062247636917,-4.392835002283009,-2.826542588829343,-3.592377916740805,-0.7550631207520735,beginner
-3.1513313602347015,-3.0684682709073035,-3.34407071828951,-3.948748735922249,-3.508421341399784,-2.6803498526753837,beginner
-0.9930442479841994,1.7561176541440588,0.7594109558940366,-0.8961841772550043,-0.8992863935491856,-1.5462506007294226,intermediate
1.4599516409766862,2.6810422190871677,1.7181310695016663,2.770072901574364,3.268529009072915,2.8661954513770755,advanced
-2.214530535962739,-3.645777905558703,-2.5489398602881117,-1.962062824691989,-2.6231552887985226,-4.8657158133181815,beginner
-2.8458847509231533,-1.1671357371967401,-4.642956169774626,-3.0065683167722512,-4.6976304696599716,-2.476055858391788,beginner
-4.497296236054488,-4.136488044725791,-3.1784559346173125,-2.3408994360335953,-2.5880695983774618,-2.7702772774890043,beginner
-0.48420721133323386,0.9205083437328014,1.5823422534524794,-0.2877732971140759,0.10460111807197119,1.4086990331887264,intermediate
-4.422678286959879,-2.2383058198457766,-3.0529941267955802,-3.1493950681887837,-2.575572851766208,-4.168154220165334,beginner
-4.3850069988182625,-2.4364281133841734,-1.843935568681968,-3.1753216118474326,-2.4919898918034,-2.787552453007301,beginner
2.3806366607988947,2.14438346134573,2.58194943000374,4.6737590959246536,2.0436069830645773,3.508612279870002,advanced
3.7894691336963695,3.9747871195002533,1.7114237562205463,4.713007901459333,2.9422499182740602,3.2684641878575516,advanced
3.933644147329395,2.368718550426099,1.099206024701619,1.3811382963995185,3.7852635459856954,2.5281410557925446,advanced
-0.6823156998081651,-0.37481833624643573,1.3827764181177706,-1.8100325144031246,-1.037151777794565,-1.6972101496089507,intermediate
0.5471452489909594,1.293854444268479,1.9875693417138733,0.31822487823425194,-1.0987249153756526,-0.15780343266751234,intermediate
1.3715177937502252,-0.24710472563933208,-1.3500838203037546,-0.9199289945501179,-0.9906109176574306,-2.288406541488028,intermediate
-3.652549522756422,-1.7132118747540463,-3.107370315946476,-1.9297987305128785,-3.6807041674323697,-3.3282975402726285,beginner
-4.424540435815671,-3.805448834532529,-1.6673785372162138,-3.3683200951734693,-3.3971306658863765,-2.013538084704387,beginner
4.491875592139349,1.6686209167437323,2.49989172853237,1.8890921108662047,3.659992889072901,3.127926075340074,advanced
-1.6217450009589252,1.0856155294978336,-0.6570526022602747,0.9573343542847035,1.4385688011936484,0.04628286756336632,intermediate
2.496615026726596,-0.21447893428388218,-1.4758106039774148,-0.9663329080236494,1.498213831111375,0.7584712935412499,intermediate
3.0173635501520994,-1.0836525856910026,-0.11515073497223087,0.4496913013302267,1.2528826800536845,-0.5579103844946686,intermediate
-4.138326476613491,-2.039689458289028,-3.1974193894236964,-1.2288669753741577,-4.345157827408483,-3.7572173453214286,beginner
-3.4288164912991115,-2.8749196768085685,-2.3590020151560696,-3.343308342153957,-2.7805404130013622,-3.1874852407108962,beginner
2.703056550749936,3.4261627573044064,2.884378245253178,3.4306841850941723,1.7945840920073162,2.61438417906648,advanced
0.4124053229138313,-1.8049385256100956,0.45790206026338426,1.6467038058211771,1.7156825219011977,-1.1087902339286388,intermediate
-3.186454935664231,-3.274147217992737,-1.5596885074140592,-4.390478783944956,-3.7198091630629597,-3.154408958676308,beginner
3.238701551881823,1.2316708034822998,3.608728894723866,3.632309494836137,3.1654400748113933,3.0022415874023527,advanced
3.6576736620208576,2.1083461353100246,1.619442064257638,2.5839679172866394,4.266677023848786,3.0649347259616593,advanced
-1.6024205091116606,-2.238361180216587,-2.7323774153902214,-3.0641813383704686,-1.5778502901793907,-1.55478424695033,beginner
-0.6183568692666565,-0.25427187672639673,-3.1968455862788607,-0.19538737915943463,0.41592610741581076,-0.23610691425179492,intermediate
-2.9168591235762644,-2.624512655896615,-2.6978133372812496,-1.522842332393301,-4.514460003292626,-3.116698012621624,beginner
1.912281050486148,3.232105309717127,4.436851079296574,1.3714492207649958,1.9361779812908333,1.809906229655583,advanced
-1.7291317810665832,-3.938748389783068,-1.5239496220515145,-2.0937852774611763,-3.73221930062909,-2.6224524265971683,beginner
-0.05388529722862231,-0.13618638813558379,0.009570404740708544,-0.18920305837754012,-0.7583648115446775,1.1538538667517095,intermediate
-3.5422242581786194,-1.8806042236910407,-2.5198574651545083,-4.754437985793288,-3.310563229548611,-3.450776979318182,beginner
0.15320079129473899,0.9853171786865493,0.6915511498252432,-0.9807370241392079,0.07470880061195384,0.8622813704018003,intermediate
1.8200078058727163,2.5185343523306094,1.8461005031056656,4.399945959539806,3.543087382696525,3.001629720567594,advanced
4.366276805801833,3.9603389830060483,3.464211300621128,3.373101966032049,3.1158018388733364,3.8261027489473562,advanced
4.1438968061456825,3.158671348672886,2.4170152304445716,2.357324225683508,3.5252736723133715,3.0337202531476883,advanced
-2.7848170207659635,-2.196022320342093,-2.3686179012118447,-3.3531542302179798,-3.5150650388837152,-4.133597371013805,beginner
3.3178081325129742,2.0585906968621224,2.5438159931134394,3.0604282252655044,3.5094714056391485,4.254488694505416,advanced
3.5502950635528197,2.306972439794019,2.294966626438371,2.9236741688599266,3.9768794981755238,2.213324810829419,advanced
2.57811651691814,3.489406746216083,3.1584517914942656,3.135649029557789,3.6595305061149572,4.660406599017486,advanced
2.6049016689316367,2.0447452980048038,2.2497511311221743,4.908936990904923,1.924510809199327,2.516711761982594,advanced
2.0635106223506123,1.7553852025083587,3.980940191324304,2.6056247310625267,2.489953488527834,3.8696069727788442,advanced
2.8641688033699535,4.285171878239283,2.2237299520877096,3.459747112155808,4.499606803315366,2.1527606484851125,advanced
-0.4813688917516731,-1.0946051158277752,0.2764214292173955,-1.8781476129569257,-0.3608455521049217,2.663388447252435,intermediate
-0.35275039623340254,-0.39147822763198725,-2.1492517469017445,2.2266155610231224,0.47940335576881965,0.7037410781624581,intermediate
1.0982871054813026,-0.14212820562754266,-0.54251645880395,0.36490696707638515,-0.6382318104540786,-1.2013378517013418,intermediate
2.6744343378099504,3.024020344796076,0.8474833189150162,2.099198967780872,3.8835441847171817,5.17557490726063,advanced
-1.6366114552381144,0.5800246186560016,2.423607728392995,-0.13611230034688204,0.6914198359941883,0.5098315502742108,intermediate
1.0454606995493951,1.1886206933796741,0.9875179848056441,-2.398455821967693,-0.1303718751269783,-0.35029929278973587,intermediate
1.8856251507946,1.56387947492834,2.634186220254852,3.85145620987133,3.592781718907079,2.673247746610374,advanced
2.733866898122573,2.703020750575043,1.3170748873352043,2.1885737862633667,2.508532378408057,2.454349375528406,advanced
-2.6920080086414675,-1.6899828525257117,-4.484326130823151,-2.5105794015429788,-3.8477191202888044,-2.5551109488206434,beginner
-0.31764131515581645,0.709027722173266,-1.5213239427108212,-1.321994900357737,-0.5829624848866588,0.0358086213600824,intermediate
-3.271737296014764,-4.377954340325209,-3.3555556250517897,-3.632214500453181,-3.4708588636947404,-3.5527629490568597,beginner
3.3460579052964694,5.298089066897288,2.6487086163803673,-0.5535549075002466,3.31727861907299,5.39132517277001,advanced
-3.3847306350596904,-2.929587778313889,-2.5253466293659086,-1.7942931783772993,-3.21951699176751,-2.686659573645442,beginner
0.866942937503087,-0.38401857647044163,-1.2415700669696608,0.3917808087015654,-1.47166012904875,1.2644096101139912,intermediate
5.223769793296489,2.0484786995089785,3.8425691257253045,2.7636597384490202,2.2086831542035243,4.30491569926126,advanced
-4.169707445033314,-4.284659400196542,-4.049098961477479,-3.166572192206828,-2.8805377559968437,-2.718206429857204,beginner
-0.5020817087060301,-0.4411977216756746,0.7732312154120573,0.017121311266297495,0.10617787846738977,0.5151884370761088,intermediate
-0.5876761567404041,1.5693416373951787,0.5145507866831963,1.2758350826245215,-1.6357289648708673,0.4542665865906644,intermediate
-0.6153575320765846,-0.4506159914464204,-2.1249979202534006,-0.4057837945935263,0.12541666960625691,0.5282298107469077,intermediate
-3.6638517106750315,-2.1577525428528768,-1.5558763723307782,-3.3291023415073666,-4.423176399995599,-2.348140016263662,beginner
-0.10994965983159535,-0.1783603611495829,-0.6916495587974383,-1.50723328281224,-1.0693484179851565,-1.3685610501441785,intermediate
-0.7094700632671591,-1.003746501961309,0.18694435511242613,-0.8965332049267127,-0.5538323685276988,-1.0615838219606994,intermediate
0.2474998976945231,1.405474295725486,-1.608283282501484,1.2829176562421158,-2.8602439879596684,-0.7358258005820533,intermediate
-1.601958500669062,-2.2327359800360553,-3.8357293734467786,-3.69145897874551,-1.933711640835597,-2.176991235083869,beginner
-3.2574566939277885,-1.1449368983247745,-2.6842265060245216,-3.0061971194068624,-2.0010851806134524,-2.0307559894845593,beginner
-0.9095109662426002,1.1132181850432306,0.1884067394700606,2.11970604611499,0.755294875227111,0.5775362390154792,intermediate
3.097176722907159,3.985812308780872,2.8645862357936047,3.7327258580401677,1.753004032308208,5.289734874356835,advanced
-0.19972254510217005,0.35501134008278673,-0.8506201045736956,-1.759547319511462,-0.3755427375159854,0.6217092688107491,intermediate
2.1060097226880616,-0.33762677856438983,1.0441594354770638,-0.571146416778719,1.3544771022916302,1.6745946631874349,intermediate
2.644277748653764,3.0760896523350105,4.750635648747219,3.0751996851313135,3.5603908779434947,3.439426063836458,advanced
-2.837393614870826,0.544518983997218,-0.1734764474815439,1.4851620623517565,-0.045432664652773645,2.1900537061726637,intermediate
1.6694624306753048,1.702356295867157,3.7929032903756457,2.5923058942941815,3.951121826477598,3.433563847163786,advanced
-3.4192479540880525,-2.7963150285320206,-5.19065445661399,-2.921846909903435,-4.009532185663773,-3.9621086681360054,beginner
2.2634978725687005,5.940010996188665,3.9142631559245435,2.3726661621708014,3.4669382918438587,2.062929920316593,advanced
1.5474401893517264,3.5987250626252094,1.1654321836755377,3.392313823958727,1.0712128468258852,4.56069642164544,advanced
-4.237484186167838,-3.5620598859923494,-3.8249421454622468,-1.7996629489097251,-2.7726381483884346,-2.3338159098222113,beginner
-0.24265192508153796,-0.04536417933316613,-0.5698809053693547,-0.4652468223216083,0.5588312345604464,1.8851680213558186,intermediate
0.8502553286312517,1.1734885354831153,-0.2523005295585249,0.4238275893735122,0.6316757868134096,0.4584509767207627,intermediate
-0.31904251994128746,0.01786361078893655,-0.48747082366032357,0.7491800052978183,0.15853706840071738,0.9237065515214729,intermediate
2.5922365993107332,2.8209041318370405,2.947308272474444,2.937606615092735,2.2708933389937207,3.3785614399363553,advanced
0.15184160332258823,-0.5258694951256956,-0.574990404327101,-0.06778930326076214,-0.20968301546934717,1.1248332688852947,intermediate
-0.46030152980552946,0.6044378071174679,-0.7024769695751368,-2.2787746751249687,-0.4882053741636809,-0.25210825885721744,intermediate
5.340592223983213,1.725709143022963,4.964659137496571,4.54616146240041,3.4361211500050612,1.546252039274273,advanced
-1.7048783312830145,-1.6111188899087023,-0.7351100249280157,-1.111876208600998,0.2162281330758949,-0.8207570722550018,intermediate
4.0295218597425535,0.963524674772041,3.307878399279762,4.0356817835144305,2.0933897566072592,5.777006690903705,advanced
-2.4452031279898163,-2.5150578493890863,-2.943303108552382,-2.609029281205023,-3.192019326536066,-3.22022122080837,beginner
-2.2028938098453112,-2.1913213072455004,-2.938605708812244,-3.083004150727633,-2.8973559196501544,-3.412291939161143,beginner
-2.7670159729930557,-1.5738434422035623,-3.1750123579374296,-2.592772588105255,-2.4648857838201153,-3.532814475242172,beginner
3.3921298281480707,3.60924670447992,3.3273445598785223,3.9044096187522657,4.164694541705714,4.764652969875338,advanced
3.4562175800992327,3.9066822028232755,1.737882378355568,5.034055910985432,2.3417033884025447,4.4282006166620445,advanced
2.9814619314418307,4.20802452544743,3.410349368508341,3.29651923684417,1.2846688046231263,4.093588293500984,advanced
2.697697380289955,3.0230358613419224,3.42542082750127,4.121612443605735,2.1172222903577413,1.5921240876293186,advanced
-1.2495463901131008,-1.5275334218242704,0.10031949193734101,0.11569942152137018,1.1765382010135534,-0.09415489123923883,intermediate
-1.118028550911558,-2.3565108422389436,-3.960993192353457,-1.8653425859728952,-3.828137428736312,-2.5498751251085205,beginner
1.712241688398201,-0.6617176686192184,-0.20472905395152233,-1.7309758030072533,-0.4474127200381751,1.9787374048140944,intermediate
3.5315385777535173,1.7876962515348123,3.285281080939016,1.8277359232817663,1.2339846245194508,3.789057013019735,advanced
-3.056347203300415,-1.6739941315606601,-2.966020538238806,-5.188835177598282,-2.652424328358805,-1.9233289866511216,beginner
5.08099235404417,3.519623626000867,3.421355679164986,2.8394661734830926,2.0744936209487816,2.6196738511218634,advanced
-2.9601873127474363,-4.083393138692625,-2.878738148261733,-3.622473382309831,-4.517593125408613,-3.9823977593058926,beginner
1.2263335383982372,3.5632697267546196,2.1725984879342874,3.1118276606002824,3.7250978757104916,4.101608833294467,advanced
-1.8500489249810839,1.5095313187471622,-0.5136639680368694,0.5726035682506888,-1.5919824654735364,1.5071015394749223,intermediate
1.4052928045968265,1.5061795235072557,4.355577575864896,2.200575917492375,3.2989186624569733,4.555795080284468,advanced
-3.6988828411569457,-2.9142151911833305,-3.343178782453288,-4.390841855297393,-4.1477592513311885,-2.770578735803721,beginner
-3.2433173397584647,-2.3729945117111138,-2.686690304207827,-3.467154009457954,-2.708073207810117,-3.162492193075735,beginner
3.3684185375927624,0.9024964105040203,1.1684073283164023,4.57641444957982,3.7641596486871904,2.7502860988647306,advanced
3.2875578401165058,2.084914669175089,3.3143409387260734,2.4959969026124953,6.12034210323567,4.4344158147305155,advanced
-3.8923857312779693,-3.142583763541779,-1.6933693731014472,-3.5385610865065797,-4.866444864273163,-1.9160152394895715,beginner
-1.3733301003456733,-1.363003661178666,-0.2652576731221108,-0.8442882014725832,1.076251023705595,1.1536578201352579,intermediate
0.41975532866562393,0.3671861039790862,0.521505792145802,-0.6646454236298375,1.552387985807165,0.22934673019188945,intermediate
-3.475787547602588,-3.166972587224057,-5.653353969089853,-3.5919519496793613,-3.861236754484457,-1.4284926344391393,beginner
-4.098251755638959,-2.034284933600199,-3.4020608795336247,-2.3869135401493606,-2.622504088765561,-2.2312708801662042,beginner
-3.6835853862682977,-1.1374794477150494,-3.8810162022128902,-1.4502542149555877,-3.2580185592744577,-1.4659317436323407,beginner
0.5840774040906432,1.144359189834696,-0.31457709433936193,-0.4565113447321452,-0.09043656794406672,-0.9360099667745696,intermediate
5.9378980087826765,3.3679554243953427,2.7747360830359575,3.1236174556495553,4.253872584180002,1.1205971011694964,advanced
-1.3050249477714084,-2.579343643346815,-2.550410240443738,-2.8376727805649216,-2.193771651845099,-3.5839943197788,beginner
-2.116419368548828,-2.2662533256013333,-1.7843989179813216,-3.185750283755925,-3.082307586981542,-3.863681578674753,beginner
3.1332130841035295,1.7636547128147906,2.1510942579066668,3.544855817402945,0.9590604914146557,3.4244365650038944,advanced
1.2339035394920368,-0.3232816382376906,-1.1892855320413662,-0.5186055297559423,0.300771977346481,1.266108613621287,intermediate
-3.4089063338413137,-1.5823154580300711,-1.72931555470242,-0.9592017643709747,-3.89198358184953,-3.3199047676933553,beginner
0.034005084038257104,0.000729622610606902,-1.742831956505231,0.8979798003115642,0.045138469970888204,-1.282681898738975,intermediate
0.5281438904785889,-0.9675645388194566,-0.794015764127677,1.0374095880575664,0.43405744957223774,-0.49275056931656763,intermediate
4.226452523640511,4.036914087236262,3.1636306098993106,3.140004246962818,1.7422629777450054,3.6016530196105996,advanced
0.9637765051166373,-1.2050877885281344,-0.45650239917150615,-0.14692899142966437,-0.9116188003651664,0.34080878292017164,intermediate
-3.1297513438991604,-3.4689701563389814,-3.632236497219224,-3.095057958510308,-2.5793751786734243,-3.273514314735408,beginner
3.4909551819771947,1.6469036148941976,3.352061690535827,4.233821969484283,3.9314721988135424,4.510103030070032,advanced
-2.782181873837079,-1.9432757465523087,-3.927358835073428,-2.16778701013324,-4.024117161396793,-4.484985121574991,beginner
3.3648285328178034,3.7936302486279474,2.7645696189554876,3.2241652661965903,4.380309118033968,3.361219607229091,advanced
4.633242562464083,3.0614264903100343,1.8276263565396176,2.1588240299518935,3.7519890582293707,1.9530673168301407,advanced
2.170453336120618,1.6498233091314478,4.057192089793655,3.2163028923668078,2.256128708700956,3.10698238264074,advanced
2.0457280964491518,1.134449368701853,3.725091231196508,2.308666828450413,2.1609935966537535,3.094357644262756,advanced
-2.6661936029501767,-3.916426390558013,-1.7447580301749355,-2.619523196057407,-3.159623581179892,-2.6908549771803676,beginner
-1.469731975818306,3.630383878118362,0.22393180975748825,0.18995265841485326,-0.6847007179113331,1.1095512169521753,intermediate
-2.6665951812782547,-4.11010113137677,-2.9983718521604037,-2.7221953892885193,-2.95157569897755,-0.7008919817502783,beginner
-0.7807478022996179,-0.02536364037691977,-0.6750968121580688,1.1287354382898107,-1.116052061043567,1.2269502942207327,intermediate
0.6230657602857085,0.5231103835226686,-0.9801467662723287,0.8644092137219332,-0.5905643246519197,-0.21518856210875875,intermediate
-3.027327071617769,-3.730552871551287,-3.8540060847459556,-3.6115239277900364,-3.978485042359599,-3.010988597646877,beginner
2.9995095360868906,0.4913320660553615,2.3889552088887895,3.7945321976123747,2.54727561585879,3.4546283800649946,advanced
1.714974456334162,-0.5766178508085877,-0.332520111008808,-0.1658276288071606,-1.4442380445808116,0.8197547644477062,intermediate
-4.165189089504534,-1.451923749024909,-2.6547130022651384,-2.7052865733717244,-4.673786772509492,-3.27264874213166,beginner
2.7299205959976467,4.197480090260614,3.7719557303128086,3.2000019669425837,3.371089164740539,3.411514039836753,advanced
-1.8301083006135135,-3.6189991962054733,-2.923474220368834,-3.76249746647637,-3.673917673545743,-3.6834271591022625,beginner
0.9651001847535453,-0.5833141858406957,-1.0554450958514985,-1.0721538507486192,-0.459179442956487,0.4724038681986095,intermediate
-0.2043195585404952,-0.6752160540724296,1.1547629687700718,-1.9146201715982496,0.60813828715721,-0.8746208639578122,intermediate
2.197828605717417,0.5861842429300026,2.138249593548885,4.253222751104595,0.7728491750631408,2.5385522902848416,advanced
1.501363983454692,1.035079522499992,1.362835950959333,-0.587339493576371,1.5376638658552177,-1.2304625039872172,intermediate
2.419232711258036,-2.0394631639331173,-0.13492489189129686,-1.4106928195184998,0.44902655366438277,0.10575800760335394,intermediate
-3.0686179550434867,-1.6971517621975283,-1.6238334707004614,-5.296996567926205,-4.233297200451187,-2.049540497491269,beginner
2.0744269750798265,3.5484312025410443,3.858002000811392,5.294291830447465,2.3963006041855754,4.628045130510005,advanced
-1.2882086722244999,-3.203188772146121,-2.9403672828703904,-2.0422686031264026,-3.622961729678112,-4.1249460552693105,beginner
2.0044941333771042,3.3405292513438303,2.465195967288352,2.553604143517039,1.9272492800814698,3.169028684604761,advanced
2.381815503323872,3.913316146640399,4.247309783465484,3.310048042545019,3.6787885621216416,2.552279987596351,advanced
2.535751692154392,4.056155374731799,5.1701490878749965,4.214923237736676,4.012928607558368,3.270752049942722,advanced
4.013425763984783,2.8647988454559004,2.0181765904687596,2.088093109671435,3.715901107175335,5.54416831298237,advanced
1.5568026705375526,3.834664552369368,3.1782456861486814,3.0465473742357894,3.6878705637585885,2.571443430700489,advanced
-0.43778279973727674,0.2699961814750942,1.8885544112930142,-0.3922277564673055,-0.7782343494606808,1.4737854984447976,intermediate
-0.19781469327973625,0.5861801167800793,1.0615139778625977,1.1268622528728671,-0.48064791834035747,0.39564997198467916,intermediate
2.3330819721415885,4.401036744275039,3.1487013489913123,1.187267179260806,5.047130671911021,1.7269348690757365,advanced
2.1770838549339038,4.7390199845341705,1.2430882118044035,2.2258871985665163,3.1021464373221153,3.2546392194670632,advanced
0.13540113503146012,1.0295257996314056,0.04065425642510995,-0.24725374946642975,-0.6208076014235909,-0.3070904234896822,intermediate
-0.9892121692784208,0.5588510566573406,-0.5176653485629638,0.341033407566418,1.3750122052774174,-0.5907048078217055,intermediate
3.6934276265626114,3.2353434133439936,2.7998866156680613,5.098145812470708,4.036675380603627,2.797959268421331,advanced
-3.559994984951505,-2.2515635638491425,-4.062600871357757,-4.293781837065869,-2.550682617170936,-3.8717037010669277,beginner
-2.9580691574134574,-5.087509670303147,-2.9798392021167444,-2.4176021467356765,-4.772280250993683,-3.037249871528095,beginner
-0.513566756076569,1.7642497395182355,0.7904890603270645,0.21571213703359943,1.3752603859493997,0.8375783156259178,intermediate
-0.5441436650242482,1.453717601096848,0.6759934139336314,-1.2440452378677291,-0.9743369991284186,1.0287093700514662,intermediate
0.3214453057280887,0.549343356734346,0.9162182842065237,-0.22389186321805382,-1.823513899912606,-0.7654677136462134,intermediate
3.3466399863036824,3.0077951568688106,2.668201317684492,3.22506770916354,3.4467314296224103,3.3739385567892026,advanced
-0.29199727116951896,-1.8018584738737897,0.5976352082177894,0.8811371661334982,1.6396399924768004,-0.05136246072395184,intermediate
-3.1443017872065475,-3.7296449371670346,-3.137251519996638,-5.553064009162941,-3.278031703808106,-3.5540260720307346,beginner
-0.4199084274190351,1.8364149082042538,1.7727925687408495,-0.6697556549740489,-0.4061002000826738,0.41256146552720724,intermediate
-2.38574107362578,-2.1056881528513736,-0.8920547087625614,-4.132073723300817,-2.923157398041104,-3.966190854178051,beginner
-1.4087530774139032,1.824384694190668,-0.08198602970856392,-0.5822707450330876,-0.9921066411189332,-0.014153198123505125,intermediate
1.6618943888444888,5.231509776802977,1.6949862128931528,4.110921333912177,4.045966923729619,2.404214714651474,advanced
-4.096576527951598,-4.291893604179142,-3.588244085179203,-3.901026520757884,-2.958221797531565,-2.558711708763651,beginner
2.4286727636636742,2.289006199632478,1.3093330936229697,2.8318917472026364,1.7229747543299754,1.9912275799489445,advanced
-0.9857741356831025,-0.6603461406675896,-0.7395789073831333,-0.5851628809172266,1.2535440457080504,0.44622334076973463,intermediate
-0.7010304980686455,0.26940156410776406,-0.3879818575361584,-1.2052265184029802,-0.11852930529204117,-0.7616577248331803,intermediate
-0.47867353834529225,0.38080043482385934,1.5299535409782756,0.3083093241208635,0.6384107899847086,-0.48511727630592144,intermediate
-3.948438555230259,-4.819832468408083,-1.755028637054338,-1.7356958802069404,-3.50373585337001,-2.387195825881424,beginner
-1.31201172997454,-4.233173114893984,-2.874472881099938,-3.815839282302533,-5.4714562658152,-4.3608151451133,beginner
3.1393511743786355,3.632411293752929,2.5976107153924337,0.07700909872677997,2.810372755875409,4.049693224254911,advanced
-1.438282389582005,-0.9579528359215662,-0.5547128909419548,0.5614659647958637,1.334672020949231,-1.7945774745510206,intermediate
-3.579927666005643,-3.495034982058539,-2.6791962453429887,-1.711014462173358,-4.467002372455504,-2.6618700764436567,beginner
-1.9672809527802515,-2.56707612319586,-3.36184170192079,-3.3985301200812024,-2.2378261935479826,-1.6492949605518097,beginner
-2.874289285722157,-2.713895179900027,-3.663417223297068,-2.6832984787771736,-4.818798546892728,-3.213451013917811,beginner
-4.2257822349433205,-2.050711037420259,-3.4526700631370164,-1.8456017725934986,-1.6635553392134612,-3.8099232899849014,beginner
0.783700952555836,3.1235813158659536,3.040662434926402,3.448963143346463,2.6473122449200663,3.077619468137527,advanced
2.9782180314218287,4.577943774850545,3.8594783841294307,2.0711431813005303,2.958059343375148,4.246601487389935,advanced
2.9277428723592673,2.9866855330508257,2.0313360713521877,3.59279140812864,2.701611281490959,1.4253308940751834,advanced
-3.0589185323979637,-3.8077873949424426,-2.787652059852946,-4.519338333578209,-3.6992171091124364,-3.9819556884718823,beginner
4.777119156825353,2.6356972072967273,4.178704876460303,4.146113620016498,1.4382543927607023,2.027136501477717,advanced
-3.682383867819876,-1.7737374735344495,-5.13633646081273,-2.4976322774240614,-5.037984937636678,-2.138651189192959,beginner
3.1603672148087334,3.6001460754326,3.7542430462674936,3.33207811278796,3.46614176157713,3.9889801957633284,advanced
1.3561461091927305,2.33495942092865,2.774307540621689,2.357661466641678,2.4881246962408823,2.206033952042094,advanced
1.1112630913446635,0.8429121134540388,0.6825277315648451,0.2960460182710424,0.4157575155899415,-1.34901451149817,intermediate
-1.842034543598013,-2.1050353846252996,-1.8283482364627412,-2.422930707434375,-1.8258439253094199,-3.183691076595506,beginner
0.9164793184831326,3.3278682091552114,1.076477554726289,1.5902715415236641,4.75375938867667,1.7060541766522417,advanced
1.7260685319198297,3.3509704358381307,3.433468766348702,4.22903209976076,2.704244070600559,3.3364737070350414,advanced
-2.281264428351954,-2.732116587901198,-2.29637647809323,-2.2498563258870883,-3.8768453599760573,-3.8346636008587938,beginner
3.713233006113435,3.5402273418660806,3.60418721646712,3.746161705330979,2.7596304538572065,4.9372202629588084,advanced
-0.7910781170875366,0.9119844254708601,-2.2154470277818543,0.541601733568707,0.7263342691726853,0.8846495617837907,intermediate
-1.867826082586836,1.5832701163165461,-1.5887779717247612,0.6976583979780139,-0.5412007894309063,-0.41537447217466344,intermediate
-1.0853375158701755,-3.52946130044713,-3.2721358918454295,-1.2214737550326127,-1.8157353580015114,-2.298221498008599,beginner
4.2247502386131695,4.844489457583138,4.2421853540052386,2.347420378099507,3.993683460899722,2.247470245799591,advanced
-0.473319837713617,-0.2960277698728958,-0.03521070697091914,-1.3773435581109243,-1.210936614018815,-0.7032625036134026,intermediate
0.9892389152655251,-1.2327702435636505,-1.7653134129810661,1.2497138509662542,0.44420137621502426,-0.41320221480906055,intermediate
-0.6611800481064313,2.226638730645581,-0.08687709033214404,0.08812467425149137,0.21328795418062152,-1.3898478491440405,intermediate
3.885986038546969,3.124128192063901,4.915697199893528,1.954245048788128,1.7602214664569118,3.326736964863232,advanced
4.316412727143194,3.9352824234117714,2.998458086538264,2.1115782527066296,5.353416247953501,3.56662134742342,advanced
1.3337228750246415,-0.24070672704406357,0.6972113233979151,0.9925344644214017,0.7834121788997882,-1.0774488201263457,intermediate
1.168708267424414,0.0835577635547916,-2.2341670276573082,-1.1979286212736404,1.5359708460543506,-2.3453126635693637,intermediate
0.4805300851685454,-2.520061305567775,-0.8449675174282156,0.14284222426568516,0.0665227206757668,0.7379075647932145,intermediate
2.9050803667098712,2.6837987590498837,3.165269697760648,3.1836688434455347,3.9677129705934755,3.3701523463220555,advanced
-4.805641149827403,-3.6614952827094953,-3.9352818370364764,-3.095134782929605,-1.9095925274838483,-4.263064413314989,beginner
-3.3952229499491398,-3.129526807216133,-3.209585036413783,-1.8442955807140664,-3.686702414150019,-2.9865892894015396,beginner
-3.637751076420156,-3.5772943146418648,-1.9741027104399134,-3.1199744408401937,-4.812317604536309,-3.324950613183415,beginner
-4.548758747917601,-2.398623015744014,-3.8313197926687295,-2.8293076009754383,-3.3766471043822683,-4.079507493383423,beginner
0.047956044711868054,0.08051787697808938,-1.9348008958770093,0.6557916758409115,2.1370424761365436,-0.006424007731908188,intermediate
-5.481670076847413,-2.878632428302568,-1.5044004682991612,-3.128100914260149,-2.6484179930744824,-2.689016084730577,beginner
1.1342141093865985,1.687874714078981,0.4729264709210901,1.7594029065369066,-0.2033860653781542,0.29093189265830227,intermediate
0.9956168545896964,3.319899252518686,2.8929470207075534,2.9916565534906465,3.0474343436478355,2.8903651057328386,advanced
1.4951301768567935,-0.8655003186999486,-0.3313521800317338,-1.6381910349979543,2.0397086426436126,-0.5729116647693453,intermediate
2.5659868889411435,2.2711290009029073,2.2243921574852616,3.9172780990088363,3.539867606088656,2.88977329310329,advanced
2.7055060548207877,3.118420917995326,2.1037602022253137,2.7112949233171166,3.6932251348309464,3.606965504807999,advanced
-4.049074178067786,-5.811393321688778,-3.1028003988230455,-0.8932652717611118,-4.052126276105465,-2.0570846093699613,beginner
1.1983664795418696,-1.50423502185981,1.0534142580145662,-0.5488784295384298,-1.2901391355825798,-0.14463848831339052,intermediate
1.188652816107446,3.113042721215565,1.7550947437389048,1.8562227204217334,4.16923199973457,3.0560987577764336,advanced
0.7067775403142232,-1.8165192008919644,0.9412669434257955,2.3893271540724874,-0.5267502754329041,-0.6216234905194363,intermediate
1.6417786681333209,0.6498836138365245,0.1446801330384121,0.9495621670439804,-0.9414822114783561,-0.612431269263243,intermediate
-4.004950993035905,-3.374153939817905,-1.0092529006682716,-3.051508385692109,-4.370072381493482,-1.7120505410058677,beginner
3.5309017665972506,2.365774861456276,2.6741316510655366,3.714665036980181,4.451976342646466,3.347709116411826,advanced
-2.5084595852989806,-2.6940201998209177,-1.840928932338515,-4.060665980127456,-2.563957815065317,-3.930098310178783,beginner
3.3815031258744495,3.362093270934504,5.33326855067234,3.1557183327498906,4.536873224493942,1.9092157787256574,advanced
2.286864773423885,2.599934267400176,3.5804418487950445,3.353939947089234,4.563126106171488,2.817560376238881,advanced
-0.23632372464777518,-3.3980890678987743,-2.2706717391743583,-3.379656619866181,-2.3306942601189578,-3.345380918742701,beginner
-2.0554454535148277,-5.070909598649554,-3.5752016470290995,-2.775471168168757,-1.0928417679726443,-2.0194204627537964,beginner
-2.9401363340587423,-3.4225204530796245,-2.6429761847475994,-2.4894172277623134,-1.4306597558132448,-2.64372880043776,beginner
3.36029927306848,2.4733508573556184,3.4915378040171685,5.579396168598189,2.7004893106081935,1.936418126099517,advanced
-1.946436769824967,-2.9012691364374787,-2.355525744640356,-3.387837996843997,-3.1479086208127303,-2.333231685650612,beginner
4.233516898724292,4.15587765109742,2.286452899486118,3.3354941768647577,2.5849722527283685,3.3900063646267093,advanced
-2.8834796757763876,-3.9092122163330485,-2.9567550208364994,-4.852848162039164,-1.8395212690240004,-0.5064180716725999,beginner
3.5557517955939817,2.1727885275060523,2.0682574491240944,3.713830711964791,3.5059218669061587,4.010136422020098,advanced
0.062389250113403176,0.16059788976867462,0.8402717370766598,0.7623390756846637,-0.24835431470197192,1.2439305869709907,intermediate
0.7448154931011596,0.45904804349055267,-0.15449413436928613,-0.6395192873906993,0.0993258127464877,0.34102317430883944,intermediate
1.9416237180627123,3.220856835608959,3.9396790731896116,3.3926170222511867,3.9531850279852163,2.53638183829156,advanced
-0.18716780720651272,0.668092849726307,0.5163062821103213,0.8798080343878325,-0.5075477946790447,-0.9216809741703021,intermediate
-0.7454363087113419,-0.015024858743086143,0.2603087177125207,0.20823429053992232,-0.8198391093362417,0.05424139035154092,intermediate
-1.9131678882452896,-0.11902820303004266,0.2940873736052531,0.3330328756506483,-0.6041350876790927,-1.8950353221970362,intermediate
1.008081071134709,-1.4245074422788278,-0.42016259850992344,0.47452605768868017,0.8043011323229267,0.6317577652687622,intermediate
0.28431622619977315,4.106370848652668,2.124501493833646,2.59337026538055,3.255561685249964,0.7753649387236314,advanced
3.4928514627705325,3.6568463672110996,4.3885831438961125,3.525906433850969,2.9001074314641766,2.8714696810758737,advanced
-0.7888176538163818,-1.0926306118959626,-0.8131542170002534,-2.2035674165000456,0.8085656121271131,1.2993090324511904,intermediate
-2.768632739626222,-2.2106799953148615,-3.167196897061137,-3.548728588871539,-3.7475320814324236,-3.579615830775576,beginner
-4.6112939664805,-2.837048214117528,-2.8701258450769194,-3.759507815747229,-2.3472388238602013,-4.139797444006612,beginner
-1.2106693558314123,-1.1335783267463146,-2.6895718516415412,-3.9895362514042016,-2.577834764414265,-2.33190892200725,beginner
3.149408773820385,1.4399373382654923,3.5603476321739036,2.198225664257783,2.761431139782053,2.848211265697003,advanced
-4.505958142048927,-4.306040813550198,-3.833671163816629,-2.5711718473323004,-4.960425154856964,-2.925406319677143,beginner
4.670287463499547,3.5514406888068413,3.5887825206278516,3.2799327761286725,2.3919181367226865,4.337134979528212,advanced
0.8892140499722698,5.270414182467216,2.4959065709997343,2.8993673713401065,4.671386865324034,3.952548711843384,advanced
1.472974937147106,1.6227130720383205,2.188973221180068,2.051975305580808,1.7412907826920312,2.1201814304339086,advanced
-3.8970774221552795,-3.857757900097273,-3.712124867981627,-3.4828564100670234,-3.1288701382652624,-5.152378960801661,beginner
-0.6946669882620988,1.9048317655843467,-0.9678533746267262,-0.9550085456787735,0.16577646851244585,-0.5589357414634829,intermediate
2.9328316988665777,1.6913174805178752,2.628820999144546,2.7220374983259097,3.493139109414631,3.842657594671164,advanced
6.4808111921484155,2.5691176534253275,1.7690949715406166,2.5428740752322594,2.5448551300614377,2.2365037792830496,advanced
3.8098205736893584,4.347571315440189,1.5966544021946296,2.5952707965673993,0.9343485517946237,2.1541944974664617,advanced
3.3410351773563867,1.998737605970165,4.143860341458112,0.648735274622815,3.369657643289379,3.041719550665419,advanced
2.6567891317143895,2.221046787164443,3.4304979582222264,2.5408191979369312,3.5319313206301097,3.7697805443682784,advanced
1.3947494795234683,1.4818445254675634,4.476863434827377,4.757603206441356,3.3637371202854123,3.1861493691161917,advanced
0.576797345399086,-0.08665599675607374,-0.25749546180674016,0.7326814663378172,0.1502442826160701,-2.686078521929114,intermediate
2.7194524195609873,1.7429964633652977,3.6005830491759827,3.6003627593950616,4.6940875203633885,3.860724664526451,advanced
1.2995140761532795,3.5938303685191366,4.189404727605595,4.052115104303509,2.8309742828856814,2.788912848089365,advanced
3.862405847163683,4.032440238565835,2.7966506988200996,2.7294823365766057,1.9309270623901942,2.5359138062518394,advanced
-4.014769697954842,-2.9970550751931486,-2.120264215846994,-1.9469695235288593,-2.54354354006558,-5.075079344436654,beginner
-0.45022806530204545,0.11430272108331473,0.6682685223858961,-1.0858389294192323,0.34165096847368676,0.02628001622353453,intermediate
2.1809293334788293,2.5041760676888924,3.725164125874453,3.077329585478892,3.953046891063069,3.533986936316281,advanced
-3.44913100913548,-2.108725217287428,-3.462495140107567,-3.4789660394822275,-4.346617702168222,-4.300099226986439,beginner
-2.9202647364945173,-4.425634454616629,-2.511891940995953,-5.814560200021994,-3.0416557615909317,-3.1883966944774187,beginner
3.8538218376968825,4.378589672684836,3.096031633235998,2.290133175541167,1.7136654232018966,2.0443064130990574,advanced
-3.1031551063604748,-3.349118034572705,-2.6504083292187954,-2.1417728145224997,-3.4934274130805987,-2.09017076197102,beginner
-1.9759485311782865,-3.2548989856786696,-4.048136685972409,-2.983495013458578,-1.8030592025860819,-4.338868738906006,beginner
-2.992576654950294,-2.728731916338848,-3.288344592502247,-5.132967390017761,-3.970495151595787,-2.866108887570249,beginner
3.6860173972753985,4.729237025760357,2.7459598935289375,3.8574789998068053,4.702301499946451,1.6078894725277522,advanced
3.3479618472590045,3.97868922447313,2.4653077154599004,3.0569611601454767,2.4583444349791015,2.6286521134880276,advanced
-2.15172376218299,-3.001874321207681,-2.2007454675702065,-2.476565373129478,-2.2132819648166633,-3.1785850024689775,beginner
3.3714244849362784,2.6520333041957076,-0.6170552280186841,1.940195415243662,3.406101276545376,3.949079813717237,advanced
0.9801947719726987,4.896263540801884,3.2202094272115165,2.585855499918037,4.374206450468719,3.027147768349801,advanced
3.3862143766386237,2.0575618752466687,3.678916486826001,4.142725095480847,3.526426338397071,3.128862893567912,advanced
3.165738386344541,2.8430472655874706,1.2949726873020755,1.861167091566677,4.1365243739282995,2.0011828733914316,advanced
2.860292653433608,1.4262395872004814,2.770337460462079,5.796568330597328,5.6190185126144145,3.9909731339051238,advanced
-3.4977136401287816,-3.7854862787092913,-1.6013452987588863,-4.487783922490412,-2.3160852484765346,-2.144445967340118,beginner
-1.611812469074,-1.4899323129087565,-0.3822157074539037,-0.9779296009869552,-0.8031366488881312,-0.04489020756866225,intermediate
-4.019774882950212,-5.217769227060344,-4.079051532330638,-3.2653796024567816,-2.1892183966872776,-5.429157461452034,beginner
-1.7143340821297746,-1.5449410197415285,-0.26215134027498005,0.14880898512917046,0.730743053918066,-0.19349161474617219,intermediate
1.885349756407086,0.27496372842617445,0.9473772143398171,-0.6444150904580365,0.4210922509019903,1.7678019798643474,intermediate
1.5755192833721172,-0.5856231084230726,-0.4869336416483428,2.5823068859604117,-0.9501886356037577,2.5540152348821166,intermediate
1.3155161442289665,-0.5890296803940801,0.5810244275091013,-0.06160517860518522,0.228312982753876,0.012424227315805237,intermediate
2.939165823281887,2.653770867535464,4.239133182283558,6.450245527543569,3.7090721295975615,1.8854498809747864,advanced
-0.9090131855277169,-0.3250596938950562,0.08216423011422101,-2.1790293729566517,-0.437065407635858,-1.4391746044282272,intermediate
-1.3170436224676567,-0.3770781183156511,0.7005919841121085,1.2021911091984738,-0.40962915604487393,0.9960075995209404,intermediate
0.15519925757753275,-0.014490940758186131,0.8510345051957326,0.43410578926097826,0.04014692560420455,-0.07170620738227385,intermediate
-5.073335033110996,-3.864518524236486,-3.2647845245394995,-2.9699657576142946,-4.338202319382575,-2.806818199844401,beginner
-0.6260872864391546,-0.39923810191490205,0.1905930055606825,-0.5327852238603739,-0.6863862936620923,0.18857193627658103,intermediate
-3.261454648639721,-3.593291045807341,-2.226125162773405,-4.006346594909239,-4.435139377527146,-1.9680164283106616,beginner
1.81282521934252,-1.7874147318807985,-1.3317795112965347,-0.19557097823723144,0.9968416527067084,-0.1301490463984183,intermediate
0.4855086145045156,1.2283653676148214,-1.679463617062546,-0.34426549876589624,-0.25832535424769976,-0.8140656395064431,intermediate
-0.7252125443556525,-0.27843062218525855,-0.602478404301273,-0.5297753575144999,-0.24642769446593352,-0.6310325476065912,intermediate
3.377784043393311,1.7582928722401177,3.6125666123634055,2.847819394129413,2.0635224201903415,3.195183708735844,advanced
0.12739233383620396,-0.9114854391504155,-2.546136217074167,-3.930341478430059,-1.709659009816056,-3.0322747141789317,beginner
2.044765455626294,4.374241461671589,1.7466694243796546,3.1643180514611626,4.479135302705996,2.9024694387600696,advanced
4.858533348676356,2.653483461271165,4.042772378575346,2.056415321271526,2.1282169572010647,2.7167868397834574,advanced
3.731237345817249,2.7802426671273865,5.040824278748701,2.9914151615528852,4.106352494993608,1.459404388611705,advanced
2.5496479898921596,5.0237754978141105,2.423367681781821,2.3755540458101994,2.949010919641671,1.986365062715447,advanced
-1.7087194973828996,0.19534663626459473,-0.44643217182218636,-0.17481373376681741,-0.6882251302813497,-0.18041070084776992,intermediate
-3.7398595733765805,-3.4881503520750425,-1.7100174819395748,-2.261298674066892,-2.3909414188316322,-3.159541900739999,beginner
-3.61332116302887,-4.966306097444947,-2.2586344627387303,-3.614772407845124,-3.117439335135859,-3.663699613975678,beginner
3.645238009008227,3.239131081037986,2.931030078378867,2.201484145429851,2.252168137222859,1.8387511472892846,advanced
1.1811066547566411,-1.9965101566835954,-0.3792754042582496,-0.45034128761640635,1.138286985273568,1.4982007015209489,intermediate
-1.904934942200755,-1.1385026985344984,-3.1726030623127977,-3.032612874229222,-3.1798742951195336,-3.718346742065393,beginner
-0.8190301202302791,0.7728660938822997,1.5718762806397721,-0.3800314401319115,0.7690788852219977,-0.0809614439110977,intermediate
-3.8838954947231143,-1.85223945390018,-3.249435846379505,-2.12764573833878,-1.6288186370392306,-2.0309236382498144,beginner
1.8655366714692931,3.0598490123004964,1.0991055055471897,4.985602801620661,3.9578586214866522,4.2402814843599925,advanced
-2.0435828672855214,-2.604245997552031,-4.88051599114606,-3.005610050531574,-2.4181723357820855,-1.8602475880596658,beginner
0.22420678742549324,-1.7716961349066926,0.3745544260761986,0.2873371516668249,-0.7164480454703277,0.13581808211651616,intermediate
3.396025591608217,2.800990094280175,5.43188708514421,3.125960480780427,2.571704870838242,2.7625843794548373,advanced
0.901263493562648,-1.0901598659322025,-0.24100618460032863,-1.0196708095327112,-0.23542284792756427,0.852284473787033,intermediate
-3.184777593580039,-2.14504261899588,-1.9645607654705255,-1.8475909712034497,-2.4783653282576488,-3.200250161000577,beginner
2.0395161473981167,-0.4497780783515477,1.6456042192989948,-2.1258547163814443,-0.3543735355461384,-1.9310107993629588,intermediate
-2.3291417726310657,-3.264449935176002,-3.5973982556942463,-4.644160418262933,-2.195159002828898,-0.28913975765069067,beginner
-3.2604990997930403,-0.4197124282055391,-5.0962339895088675,-4.903392708359082,-1.4251181874128294,-2.912324339556695,beginner
-2.818844858133565,-2.303257587000498,-2.6372711896161074,-3.3741590593432345,-2.9915651234371694,-2.457648042267125,beginner
0.06802313148005926,-0.6146276515803758,0.8063878385760018,2.2612312018124747,-2.005014004903333,0.37931085990944635,intermediate
3.777340822257842,4.047367154768635,3.225538775724447,0.7824212395266175,2.438167561999961,1.7705761318302782,advanced
0.5992296368867088,-1.9708493129671882,-0.09059749649742976,-0.10339709646915368,-2.686474696860267,-2.1004085422459395,intermediate
-4.281968031160386,-2.8347516592619058,-3.5950426569440745,-1.2218902479944995,-3.935386581052822,-2.725222159766709,beginner
-3.585359740954768,-3.295331609521173,-3.5878376732926793,-2.847969076309987,-2.7821799187343066,-3.5218638688075363,beginner
4.066599153609619,1.93295064121514,1.9635889327936022,2.687134283531776,3.136165874056943,2.667102551653974,advanced
-1.4820620413360461,-3.2534237049928327,-3.2447793972087484,-2.519981101541832,-2.8088065726708757,-1.2988205202841787,beginner
-1.8773462054888268,-0.6864729848333742,-2.0120587737439988,-2.72775999595659,-1.5237354895345578,-2.081488881859185,beginner
-2.7441268344329117,-3.225398224548904,-1.758377751287262,-1.9170485066754235,-3.006907274219738,-3.2059794110580873,beginner
0.4403188741504783,0.18321534391496677,-1.336845723235015,0.7884603003720697,0.06394194483821336,0.749562108401459,intermediate
-0.9432403851968667,-2.80986719942369,-4.9352671139475515,-2.612417149132018,-3.2431720894981106,-1.9153321783321418,beginner
-1.602697126007298,-2.3864545543689255,-3.6647524764982666,-3.368127059787439,-2.1436068387442164,-3.4962999519886697,beginner
-3.4682122632658405,-2.568441241647219,-2.799299890090302,-2.964857907467171,-2.5217243180850213,-2.838605363315525,beginner
-0.32508504431112223,0.1890315955643547,0.6878020657480405,-0.5329609607136682,-1.0344881073404675,-1.2114811336109002,intermediate
-0.7313616410101635,0.15376965839290646,0.230936015352564,0.33402130565396515,1.2237834726190486,1.0758658930470402,intermediate
3.039933384966125,2.7518627022707602,2.5584530779040824,4.785946980002815,4.214028776023274,3.2459050945095287,advanced
-0.06993291742102142,-1.2020542715012186,0.8668285422101519,-0.6975319697824353,-1.7587104576016213,-0.2723454240582708,intermediate
0.6347575139607732,-1.504408835226808,1.6757739377014829,0.7889899693139639,0.16983314833224802,0.6187528414288039,intermediate
-1.1957058455507974,-0.03382950248930949,0.9263209040144623,0.6565444168406471,-0.077048549165401,-0.10243490134017297,intermediate
-1.007394779934457,-1.747092293715111,0.6813593506261117,-0.7065381297332352,-0.13168395917560122,-0.15177562043609924,intermediate
-0.06233267584576541,-0.9448514954700434,1.6707765723764167,0.7354239007568477,1.0870791736096979,0.5927991819034334,intermediate
0.5706130572838289,-1.2310685019576575,0.5821191565898807,-1.0988869721672523,-0.8526848725314482,-0.9084189048553452,intermediate
0.04163905752727804,-0.35173620220417157,0.3292405645378338,0.4938088453846505,1.447597494268121,0.34516312050057085,intermediate
1.8142046468686808,3.9066517219939323,1.5381498335598844,3.2859649627226686,1.6475651040068617,3.1857991301635216,advanced
2.1744835641753113,1.4295231286824126,4.31858514296663,3.4304853520304617,2.762277806030216,1.814771032602255,advanced
1.5231730795982021,3.2443559993117317,1.5584333739429421,1.628452533566857,1.9370184202175338,3.8586227073194324,advanced
1.6599334597282887,0.29920631900366534,0.07515845379406587,-1.6283308077554954,-0.3411194686050613,-1.2500269760120521,intermediate
-2.100077604554462,-3.4204712557521972,-4.558015619771928,-2.774063960710521,-4.0435065677081035,-2.3167970706288172,beginner
0.7798687633566715,-0.01689455152016197,-0.07478409620439816,2.2331083439304282,-0.6551732979846411,-0.26322715470466396,intermediate
0.806695214247989,-1.3259775063513595,0.9540928692825206,-0.40631761665972593,-2.247040879050507,-0.7591200730886568,intermediate
0.8712214297629602,-0.29562773819456556,-0.03608235512549071,-0.2238540166016435,1.262931238857205,0.8946632879757785,intermediate
-0.4680792979943759,-0.4343530064824203,1.6278435090234855,-0.1270883193347804,-0.37972762444964425,-0.1809109722349162,intermediate
-1.1580379299506771,-2.6205782700522597,-3.336302263776945,-2.0480721919671057,-3.062891816946601,-2.845366011638693,beginner
-3.270348905655763,-2.765391743790956,-2.024482205783395,-1.8791516314079186,-4.185009822064394,-1.3590140619798305,beginner
2.4989667370725965,2.496146271413922,4.735789231155442,4.897749341923934,4.467489097759435,1.6861143729268666,advanced
0.744536485871235,1.5787005917052566,-0.9530313285162781,0.39285156777367963,1.3727065998110148,0.34722427480819346,intermediate
0.6146853767918553,0.8124827173055725,1.0837336478409327,-1.220675270130401,-0.9422881725169291,-0.7114103994439909,intermediate
-2.8374866740568545,-2.450427230943114,-2.0350541300815994,-2.4945635395760988,-1.907715599542235,-3.451870114085893,beginner
2.4477026892446103,2.5546486203846612,1.7292166829655198,3.2895351998242295,3.3288535414664358,2.6569322135763835,advanced
-4.322059333065605,-3.36389698108022,-2.3003741224989924,-3.3727270131995866,-4.515881166978273,-4.544929807027853,beginner
2.492895388448648,3.2446705105641587,3.242991478544461,3.471719525965996,5.72212756993698,2.701250832174394,advanced
2.99154403238103,2.896133528151732,3.6608697784421205,3.0692583627791516,3.4059762389600863,3.440661492938296,advanced
-1.033244820662942,0.7879634943140378,-0.22439996305773446,-0.3867251664964948,0.023499375198186255,-0.2575340555394295,intermediate
-1.7514283609158832,-2.8215540262339265,-4.368684225464666,-4.430365710644995,-0.8170859786044318,-3.5579116404065103,beginner
-3.8558210051013755,-1.175363485278857,-3.882206837338297,-5.377250403876111,-3.9091649622111273,-2.856086520320433,beginner
1.910728410964314,-1.5070560007650957,1.9168937571465379,-0.3204666828722048,1.3046420253626796,0.7658524662521144,intermediate
-0.9581453135950087,-3.7615235861649485,-3.288026529308292,-3.0760063876425976,0.21024197672898337,-3.7071044303532994,beginner
2.7127759832495637,2.574547593695208,3.6010976361455587,4.560972426926742,4.08493358341059,3.4824046584034196,advanced
-1.9481977079668136,-0.691194325856437,1.1594299381956032,-0.7278208195943366,0.9555327008017054,-0.17539726783332613,intermediate
1.8325785117150364,3.387587361836841,3.4744878380446593,3.2936495570602453,4.957781854217869,3.70691480647508,advanced
3.9654971427797547,3.308212639236051,4.521335896654852,1.5516709798570285,1.4456149343534879,3.9185955606620295,advanced
0.9506588735617427,-0.2521284364638062,-0.9792237257621339,0.9316090537239289,0.7829258567118874,-0.8357916883641819,intermediate
-1.529077340766684,-2.707556651206674,-2.201219768485093,-1.8055925790464455,-1.711999217038411,-2.08127217602861,beginner
0.11114907750606706,0.6546928295784074,-1.5145798514491444,-0.9966437909118713,0.3525120393051332,0.26076676060639703,intermediate
3.8788860056919283,2.2227737476176332,3.6594433634440313,4.184055284361949,3.110883512322479,4.134556499156322,advanced
-1.8339589208866691,-3.120056385632262,-2.471918069378374,-2.855195676557088,-3.2599210108043817,-5.19262141456521,beginner
-0.14755127532097462,-1.357330905773602,-0.26356573330313926,-0.977085901995388,0.5191881126703172,1.1850066942395865,intermediate
-0.8916057101743338,-2.0056266712873794,-3.8815676449092376,-3.6015465875042714,-2.2892206037651563,-3.122491658190564,beginner
-1.4069347761774353,-0.762906054606954,-0.8134070736740094,0.4779952107758762,-0.8885340133283847,-1.3553717587697542,intermediate
-1.7265109418108657,-1.429691502885641,-2.4513324908057688,-3.445067796039971,-2.2676986670515635,-3.8418806317894694,beginner
3.058829632267369,4.669712129426969,4.026841213902445,4.07642133727717,0.5337581378382046,1.6138934478019078,advanced
0.08997980993674051,0.7386266898481305,0.29944676322210456,-0.22867864342352892,-0.8227880049575081,0.17640404844894023,intermediate
-3.169374002193953,-3.8740221530577537,-1.9731012663587202,-1.7701477803421182,-3.3070335738138676,-3.0883566977175514,beginner
2.1227466110634485,1.4116309766129183,3.547898655751016,3.6563764112435058,3.4906426026656314,2.813914112295167,advanced
2.7451054133044615,3.010027862101036,3.42985420870412,2.4040824596641,4.889863640003456,4.892949802546966,advanced
-3.853607723374636,-3.4852386043210846,-3.0188532047614536,-5.254580408390661,-0.5556739989296715,-1.9631960387887841,beginner
-5.006734987821746,-3.27391367139543,-3.541314784629786,-3.050205681607203,-4.255757877582726,-3.000966628969484,beginner
-2.947440058095107,-0.23545909710430601,-3.3041747164761506,-3.1359701286230934,-3.9515278282430852,-3.1472853889119388,beginner
-0.5989233117147604,-0.4454762338320239,0.4414160062400087,-0.7549785407083333,-0.4327737177403748,1.3775470648135633,intermediate
-1.9128170674128906,1.9798365831721652,-0.018157012730429377,0.531338219040697,-0.6212212119487092,1.3725472118896471,intermediate
-1.4225113537852352,-2.6355887705172734,-4.447259138775418,-2.5320882170510135,-1.853646787488959,-1.7420423096348006,beginner
-4.4161349476356,-2.9927044570670778,-3.2663001311792366,-1.9134623509282003,-3.217195658845752,-2.5280325652701,beginner
3.2540082286588685,3.309581823303851,3.6017270804565507,1.5350397209093667,2.0395812193728458,4.696789507142352,advanced
3.750394531642725,2.3854853354307957,3.4050511106180688,1.9626318573047516,2.90882145896592,4.455742289956569,advanced
1.2505503675086,-1.4075857098126145,-1.4312777020452603,-0.8633451495454052,-0.3100043746794278,-0.7646731604904458,intermediate
4.11099831069131,4.892827917910947,2.581955046719908,1.4549383743202355,5.097072690560318,1.9127034640929892,advanced
-4.2486818146624445,-3.3081352765407366,-4.503190996544701,-3.9082275824098116,-3.3217802072886706,-2.483136329076661,beginner
1.6896393085183334,3.3480210691148953,3.8507427705571855,2.362053618551283,2.3231055376141088,-0.4033934622721649,advanced
-3.3336864379292552,-2.442275972727148,-3.0224533786716963,-2.351717940896321,-2.994985313319316,-2.784263755180902,beginner
2.9443585426737764,2.639760102344991,2.004983480333683,3.748747619972134,2.050772079166909,3.3116769688793815,advanced
-0.4452500077533189,1.4175200166518809,1.6487192636960835,1.6471904583370065,0.8882742566130761,1.4357253844061293,intermediate
-2.704740854974361,-1.7557565172504659,-3.662890972902582,-3.6492615288260115,-3.605305172670997,-3.287548414512603,beginner
-3.0539602876225715,-4.309485203947505,-3.6014204955792772,-3.137809482280354,-1.5572069180050059,-4.0011409748360105,beginner
0.2919964367815871,-1.1178711229374654,-2.205312733464919,-1.3203534222544537,0.11782582536840128,-1.8174884505403894,intermediate
2.768237857609324,3.2286630129431426,2.475505980280796,2.2839153625229494,4.797414928397978,2.885225145343403,advanced
3.872706647931866,2.011846673958385,2.5858933524078727,3.827946733143109,4.593808831696696,3.466005957410744,advanced
0.25478708870070704,-1.0341091210023756,0.42034088860742247,0.5559988806603738,-0.005182529214217409,0.7180009827569819,intermediate
3.2405639429331132,0.9852978086977591,2.1712370098772515,2.0732087660305294,3.6660359231377324,3.140211504707573,advanced
-3.1104714026040594,-3.359568053692233,-3.553506989860807,-3.911072699544876,-2.4434954679753056,-2.6879567731595015,beginner
-2.3558123702053932,-2.093168358772458,-1.7470090529111724,-2.2016507686822155,-4.580688910746705,-1.0629781731032126,beginner
0.6968650617389044,-1.490686115542384,1.2271808241500668,0.2099791706534733,-0.03597761310529412,2.090199744498687,intermediate
0.9858559616316682,0.21063641956789111,-0.9579952057419728,0.15600677527565676,-0.35438653489593175,1.7032342389836503,intermediate
0.5668172121786419,1.2610885791110449,-0.6314708283339048,0.5170974052476153,1.2764614297815926,-0.16619118605847277,intermediate
2.787951465949292,3.186677666438173,4.279621439838558,2.5068904650506236,3.373381702663684,2.8032313810716056,advanced
-2.020272416722077,-3.0731000647548554,-3.9584457436714073,-4.54536728407916,-1.737550446565729,-3.8877803957907187,beginner
-1.0193362912594162,-0.8548526974347874,0.5219270371947585,-1.6332069760694214,-0.6658037853205028,0.7693814825189386,intermediate
0.5216060902524619,0.7414015669413375,0.6423532489302142,0.18256085552441828,-1.6896410166667168,0.5212443956450822,intermediate
-1.8800171829069325,0.6685337346490686,1.3684623741505628,-0.03271624454261956,-1.2922084494520065,-0.2288191631097544,intermediate
0.5787335610391606,0.26191301129702294,-1.0132676767952273,-0.814139611056917,0.046179209968450353,0.16467392228973612,intermediate
-0.27889787972602925,-1.15613366772687,-0.357978230043275,1.476366998091255,0.6744538577076687,-1.5087145587493194,intermediate
-5.395549583222958,-1.3544839913041005,-3.089023969555912,-1.872468057017739,-2.9953762240666277,-3.9029980673916658,beginner
1.0838019751824988,2.46043214751192,5.42104440360672,3.4739897547666523,3.826197432721102,1.6847049774767446,advanced
-3.501870841080706,-1.7667201924608003,-2.9305641641914946,-2.964988746417435,-3.166051530206738,-4.195915586122388,beginner
2.2662725375778985,3.562398584845755,2.2044589268998984,4.513499741477257,2.9796107876512106,2.8760247887205077,advanced
-0.9311143445518447,-1.5693091471459457,0.8679480052751054,-0.9807592120088876,0.5112065472561668,0.06303923212919826,intermediate
4.218587215300771,4.3686138727661765,2.507328598807618,4.528262765151688,2.816123671927986,2.498596583864091,advanced
-2.342987505214774,-4.535913941210897,-1.8176156748926615,-2.9420989846135988,-1.4147657461254113,-2.923175019598495,beginner
3.005165548643101,3.7478215883097006,2.4818945361536775,4.893063374668663,1.6484713294183322,3.544059419141023,advanced
2.8748261831359443,2.2661256866221122,2.5050501793248348,1.1024218873730043,2.4328662048297973,1.0330606549582684,advanced
3.245691029805031,2.064670603671066,4.2529260391953265,3.449532590483293,4.658948201826044,2.461078359154172,advanced
2.4510554228306285,2.8273848447094587,1.8711442920471852,3.152829286948318,2.743728600474003,2.913984163237537,advanced
3.3266237279922737,3.9257151965862738,1.8477822388334781,4.016885126305795,3.587886074347005,3.4214048364398333,advanced
1.784265212780647,-1.2241382068483255,-0.8175111292681551,-1.2703849641298315,0.4248275204384868,0.08682169773497682,intermediate
2.7486438837356357,0.997994216859003,3.425624406910686,3.252771785606864,4.4035685837142235,2.7928572753042378,advanced
3.196403230149175,3.9494646513237255,2.750672477037624,3.3002276780573188,1.2391497504166862,3.174922779469201,advanced
-2.940732175263556,-4.001895244937075,-5.30778407572817,-4.974450095684596,-2.869809985484868,-2.6069791372455375,beginner
1.155119410758612,0.7925191004859692,0.33169281837664155,2.50035021155679,0.7961589732758636,0.3170920396179015,intermediate
2.2635793021077086,2.118490784429004,4.490983870129613,1.6250444315294297,5.506428800221595,3.116520065024913,advanced
4.6245836471191755,1.8268416375805638,3.702744372436011,2.501774431473526,2.5523655701353114,2.0197531021842248,advanced
-3.8754772966538265,-3.2026467696447964,-2.6470785731001683,-3.472598756751651,-3.469552778200424,-2.2306885732884565,beginner
4.466347154217858,3.329796391624891,2.608374706115203,2.96576923744321,3.6395006421877185,2.702389457458605,advanced
-2.800978906984999,-1.669223851303828,-1.3913253082139492,-2.4857178102709026,-2.3362937135111657,-3.286429448802252,beginner
-0.4187306922522452,1.2857496435754938,-2.645159049225739,0.37962832667540614,-1.372448778151178,0.28228293957659595,intermediate
-3.79307930136671,-2.6630782291195203,-2.904664098932566,-4.420640117694273,-2.4313721083401916,-2.299986505877296,beginner
1.8317102421838762,0.81751329814682,0.6290172778165711,-1.5935481167424663,0.5413901588445829,-1.4837687769494798,intermediate
1.0097406058890672,-0.6021216413770275,0.7129085546168681,-0.8644473473505345,-2.181438311717063,-1.1711361859615357,intermediate
0.6147702055240243,-0.42662386301667193,0.3404296367799415,-0.18391876385571665,-1.0820839234840034,1.5032077659564789,intermediate
3.5702908045487223,4.09659028406104,3.4169651538488184,1.6326766583797796,3.292839571760039,3.694032534137187,advanced
1.8004350188524376,1.2938758455863524,0.5144833882628802,-0.059437610304434396,0.23060223657272333,1.0371839941822567,intermediate
1.513445304188595,-0.1507966318328662,0.06053645968905883,-0.7367425240007682,0.18565980637669188,1.1636540631412335,intermediate
2.6990722608118327,3.163130703175412,2.357290249665417,2.3871715706140795,2.4967843246377264,1.3128388304811303,advanced
-0.20052533550059476,-1.2948529793448484,0.36909162026944137,0.22120461816154843,-0.7383700262985988,0.8818309419836494,intermediate
2.1511369185340414,3.190792487311213,2.0935168076586175,1.9577757316180349,5.039891498295857,3.3242456440234327,advanced
-1.8383487867846904,0.1835847919751416,0.20411344559368805,-0.266309495770111,0.3512916056017149,1.871704462208679,intermediate
3.8362300660197626,3.231071610394899,1.4234829241086424,3.436601992790229,2.7807985800934514,1.3381041001903058,advanced
1.9851870449747262,2.5107933136645073,4.19069664158072,3.2789335985035684,4.872912059166255,2.417081717541635,advanced
-3.076357666564998,-3.5691944861961593,-3.764359188858425,-3.0965827970378776,-3.259498946455333,-3.3226683313339085,beginner
0.522060884147786,-0.5499279949246434,-0.04638594216526889,-0.10476196941230323,3.0302423769909614,-0.9607663137264124,intermediate
2.202059788286139,3.848319381220725,2.561609419759021,3.5505726701108244,1.6926325361677181,3.1119776412525204,advanced
1.5557819318803403,0.702827658177855,4.056970650751559,2.38876855455185,3.929606026381208,1.6624832634888558,advanced
0.8675852311778536,0.4489219526240334,0.7474556168645023,-0.9512056840234793,-0.3191586553614955,1.852613817155348,intermediate
-0.385532050944211,-0.97431189862859,-1.1684890021495942,-0.9653651252558592,0.1014113980505578,0.3599211340197005,intermediate
0.6664503859215563,1.1430466245693394,3.3130989602520957,3.0713072828556895,1.5962649458110967,2.877005739050089,advanced
2.9357466543690416,3.714765226310695,2.4072402636522297,4.12859665809537,2.353342054936567,5.224095007679826,advanced
-1.9248926524937902,-1.638153664788741,-4.5589633442392445,-3.489303154127056,-3.876692024054457,-2.5760305358457942,beginner
4.7270112417301595,2.49314897859017,1.935023357644292,3.659831482960143,2.962995219999289,5.929636875903529,advanced
0.5094973531074657,-1.676396487475096,0.6684737531679724,0.6279286494160493,-1.1398700870820049,-0.43349270442116133,intermediate
1.6117794281734217,3.850631121106682,2.835378442966581,4.572015318775984,4.216186415876514,3.7612573423247486,advanced
0.6616922009059717,0.4087047666498884,0.2548596512524312,-0.12252408203190084,-0.8490170371854552,1.8569518786006476,intermediate
1.549394752758853,2.347036375581448,3.6795561416893134,3.1068377740933695,2.6552773595512855,2.6962191048686015,advanced
1.1239748309206115,-0.3026588933432162,0.4268085779341606,-0.38418242888887927,1.557311951559568,-0.4322027781581595,intermediate
-3.04091120462733,-3.0983759187891717,-0.475108956558969,-4.3656835390806075,-2.7926899187565026,-1.6663341204802855,beginner
0.8156188278786959,0.15843636323185462,-0.4522491368426451,0.11726950558128284,-1.4623379263919565,0.3423050003941475,intermediate
0.5184311045759493,2.55885927434121,4.228407009468704,4.042936260025549,3.0390977547719182,3.124903316114606,advanced
2.933941760875662,2.410873649941183,2.6986280858169107,2.2456087981662147,3.7804922046599683,4.548171498813079,advanced
-0.33724119614194686,1.330188495920013,-2.2683329248679667,-0.21287609085333484,-0.3411527055670589,-0.7173303887956137,intermediate
4.993473100011701,2.627575477479962,2.824677109793928,4.483714675456104,2.9852303381830976,1.7100456041186025,advanced
-0.5910879783316377,-2.3083569729458855,-0.5753167993189624,1.6727819062000753,-1.5020303529164996,0.3199726237570501,intermediate
-1.1376393388801804,0.015083672773015934,-0.8605658765927106,-0.41104966964133455,-0.13964295991593695,0.3799427646878031,intermediate
3.221778474711783,0.12602646218387265,1.1378876224176742,0.1018921628883976,-0.015609229524725581,0.3973319727118679,intermediate
-0.8432734051729647,-0.4829410391621402,-0.47928664595075526,1.2503599216799455,0.3280894140164539,0.07521405995307008,intermediate
-3.8850443699426522,-4.632898646284976,-2.9457655875677764,-2.7771158030134404,-3.371434346641605,-2.5597162409822714,beginner
-1.5313474160134612,-2.672576528252477,-1.9669405527543158,-3.949466041430499,-3.6055336992995075,-1.1086065150421538,beginner
2.336436704988758,1.6038505121932614,3.1644319765141815,2.9266921288256684,2.6973428253587355,3.5484884581152496,advanced
-3.085194374734092,-1.9746643232056291,-2.5056946564386307,-1.8765897719556193,-3.6714085861429786,-4.070085666269877,beginner
2.0263879537929044,2.4175222233214106,3.792211846685669,3.8252628716226273,2.1369086935898944,2.7502612360738614,advanced
2.0088939564115407,1.9622466804128036,2.935334320466092,3.438681565744391,3.6880314871024207,1.938211553499986,advanced
-1.21866196569753,2.675403163067774,0.2428417019715834,-1.0518247245713064,0.38509687966808714,0.915738124956346,intermediate
0.9373110326782258,-1.8292926264706404,0.3185956276518543,1.1419672038584352,0.8861413786381106,0.9481641997039651,intermediate
1.5071244340768313,2.2905345041082503,2.4623763989862044,4.515850048537388,3.5901051428762774,1.747388859946673,advanced
4.671264827749103,3.537023784784716,3.4832400224195483,0.8753020026858831,4.0405440111431075,2.6410287889926027,advanced
-1.5011235539685375,-0.781797288442215,0.8029066670106879,2.1333398532306305,0.11223961555481388,-1.095570546522967,intermediate
0.23524603130042826,-0.10475552553158347,0.597173325301478,-1.0775260189887623,1.4757354500481499,0.35616876342357606,intermediate
1.869934449018334,2.4857811813788584,-1.759841997806734,0.6228359858061445,1.2231856296054908,-0.7548430368561121,intermediate
-0.37462813867704536,1.0715351420979258,0.2955968376331932,-0.9052410728763238,-0.8171038364986287,-1.072395529869349,intermediate
0.9858714637437695,-0.4793135419106755,0.2872408750264298,-0.6178554506014156,0.5207095012997787,-1.4778720078751995,intermediate
-0.11699068196803977,-1.5382273137231333,0.017839924385182497,0.2752874089476837,0.20386469087087175,-0.16658174515460122,intermediate
-1.7725773782059733,-4.972351676309452,-3.4569887349974513,-2.258116590810826,-3.3248241240723484,-3.7716669464025454,beginner
-0.9441883905818685,-1.5294257632330417,-0.9298004386357259,0.6774081549394602,0.6669967830943874,0.8478624793317704,intermediate
3.1955123424952467,3.175356722908513,3.2335530322655757,2.423726002463094,3.6604712903425507,2.044583558129768,advanced
-2.3214315504046685,-2.758932084942016,-3.1307475397638087,-3.1380151759920087,-4.471065612993865,-1.772267320634215,beginner
2.7604090900667786,3.7969349260992264,3.1497476639866244,3.5653632731944116,2.96423968773009,4.200640923491206,advanced
-4.428215016710601,-2.123424581739882,-3.0114083755781746,-3.643592987552964,-2.3101984424710476,-2.4783498956336114,beginner
-3.5273122370933008,-5.38147273747997,-3.526785390681355,-4.646869570065544,-4.5297033973773315,-3.270234176131658,beginner
-3.572969194768173,-4.365492486209353,-0.7602680491543832,-1.2108773350886497,-2.9193046457438334,-2.583165324686576,beginner
-1.0404169224825583,0.793838631079126,0.23754374804145495,0.2126816544645724,-1.9330219040901113,1.3329850469438238,intermediate
-2.8820009216924563,-3.3078808333141816,-2.930629786424826,-3.5200513742320627,-3.841188997354188,-4.178199601963802,beginner
-0.9554884169543504,0.1191498891438638,-0.5532478535416689,0.40760658085167173,0.17342952129604963,-0.43142853418827604,intermediate
3.0666035314752818,5.06928920244386,3.7440844751044278,4.104557354188878,0.43769791647778433,2.523718458546415,advanced
2.622438021587331,2.539199775007061,2.6070014613221417,5.022237795490264,3.3567200691323023,2.804610428281907,advanced
-0.9009567464972552,-1.0274668677902943,-1.2901347734044757,0.23839631616972404,1.0073530287773746,0.012078486677983941,intermediate
-3.9581534487379835,-3.5389100986687456,-1.937516615017718,-2.8030903546644037,-3.2905047547884245,-3.4441447181578715,beginner
-2.329831925303093,-1.7109862817566448,-2.3540599724115534,-3.2900665900286605,-3.6934956523528952,-4.139363239537956,beginner
2.2254160250548796,2.861297027695166,3.973924987878508,1.4142697607071313,2.8165809131199206,5.019728893942911,advanced
0.6879276702937096,0.1332764660443875,-0.3550533360792285,-0.05563408048144879,1.6240060295230743,1.0838095546898185,intermediate
3.1467690776637434,4.1993750220004635,3.605619570620032,2.1492329992901515,3.7475376131985922,2.926252788122694,advanced
-0.39063101588806337,0.03787926625710027,1.3385630750481876,-0.752780302845366,-0.5786668164158272,-0.3832609895323711,intermediate
3.568089110768636,2.7000647690319712,3.6355077571328565,2.8795496968016256,3.0363077790337893,2.9388754753442905,advanced
-2.7767290035055843,-5.639886010757451,-3.6004179787212487,-2.0249251489939777,-2.850779547933444,-1.3914291830004857,beginner
2.2507164352261206,3.7334832611883733,3.3608100354855974,1.5411420271440406,2.984627688163181,1.7074746033918524,advanced
4.193818528760172,2.4940345054549646,1.8004604533150075,2.6661166550855206,1.2417761286346571,2.8422446310725724,advanced
4.240382244412918,2.789527555989775,3.652379342257036,1.0020971115381172,3.3467018961886326,3.882028507455937,advanced
2.639788822662224,2.390125202881292,2.4439652048095852,2.598553034436586,3.095303508387561,5.338745405315878,advanced
-2.2384142727665832,-1.8828979209826295,-4.4865213729587925,-2.462785726595754,-3.6740125389333467,-1.5751402582268954,beginner
2.047091167609,-0.30446140150275763,-0.48921035214416697,-1.075228998810069,-0.45407111288562524,2.757908547477756,intermediate
3.0907427152663085,3.4561235516252165,3.233110641416818,2.852533633255304,3.3894813190520883,2.265462963238315,advanced
-2.729020921790408,-3.1674815229399287,-2.6510927677206824,-1.3785206527231748,-4.6762892141401675,-3.933499874589324,beginner
0.7661083660883267,-0.6166341331479924,0.056684190374386,-0.6786895826476972,0.43825478042203575,0.1739598236282769,intermediate
0.5393555742609596,-0.5590383681607828,0.364088131414375,-0.7076986449180007,-1.683290818337471,0.859536708566309,intermediate
-3.8451580817025968,-3.7575929289951997,-1.4314993262715014,-2.873069871980412,-3.8251779221672857,-3.663190602415974,beginner
1.267140363944088,4.673047073512382,2.364699092559391,3.012729291524467,2.6918729989458523,2.930502119260625,advanced
2.8427228926014596,4.570308685102452,4.458611952259707,2.714123453188234,1.113215957697065,4.952755552200096,advanced
1.0976084439122198,1.0986769439122999,2.073420650167739,-0.10643413026334136,-0.0011428378533517248,-0.038316881262131064,intermediate
2.2634376172612543,3.5920808055968254,0.9469303999685428,3.348962994861136,3.3936519955634523,1.6877003702671902,advanced
0.5297901251687189,-0.40754546136914044,0.21436573612833582,-1.77062367209273,0.41386862379556283,-0.655864328411406,intermediate
-0.516394867488598,0.03709275926085769,0.7853417720621505,0.15255375016283867,-1.2476787272490655,-0.8740395668173006,intermediate
-3.28055665748221,-3.2353451890486595,-3.824067704385723,-3.9253928100183817,-1.3891428302793802,-2.819886113643544,beginner
1.87344578346191,2.2787615851411447,2.77789550925796,3.0190629905639894,2.6400202021683645,4.3612657446915835,advanced
2.052721501401671,4.404591614393974,2.509213820433763,2.4968390542496355,2.1718195259568627,1.8617671935102935,advanced
-0.2599178323050482,-0.6761527576089359,0.2892785125132324,0.41519535011022174,-0.6934198363260033,-0.28556139317661333,intermediate
-1.4075655258721413,0.7573310136788344,-0.7780509908490665,-0.267954342704334,1.2885374449053013,1.4307772089223387,intermediate
4.550022243758853,4.154115725911123,3.5776312013281544,3.4252251587499423,2.061921854856312,0.9865712806245797,advanced
4.254943212634882,3.470646477933315,2.642576302225792,1.1238731171663476,1.8463222541929503,3.6509626122468104,advanced
0.14764060625918582,0.3386928673396466,-0.42198049062009907,0.5418750565026236,-0.14092647066735922,-1.4940298038078403,intermediate
-1.6075794752674835,-3.927803372122722,-2.357520873879713,-1.869578244669312,-4.815772687535807,-3.7219990427131844,beginner
-3.5176911423801824,-1.3562031772500092,-1.895516079075977,-2.1637014176937788,-1.8643317648431903,-4.262394884533681,beginner
0.4720824655083382,-0.6759951029180219,-0.374276392700904,-0.5324311112109308,-0.8062083939921938,-0.433772412576926,intermediate
0.8619080642955664,-1.197825117036797,0.5736745881682948,-1.0415136895370178,0.48663215848894226,-0.8806847235082709,intermediate
0.9617010363424465,1.4266365561881476,1.4628363563162288,-0.25758126949049276,-0.1926560126044993,-1.0843820298383235,intermediate
-3.4308289629244686,-4.097573680532137,-2.335360902609869,-3.448866129153081,-2.391083386112709,-3.1775099097085224,beginner
2.9528103053759587,1.6263909675733619,5.252014493716134,5.251337001330011,3.367791144036045,2.050968435802874,advanced
5.80146057804834,1.3806046826928466,2.631771981754185,2.952580860312113,2.312634859341688,3.037926244046642,advanced
-3.4360456410493674,-2.00027773160078,-2.6344259045623812,-3.247107561227389,-1.8924379174135282,-1.6233061056267097,beginner
3.2722356385709257,3.8960219503226323,3.606343816439613,3.404708232391064,3.3105860264511886,3.606784450684975,advanced
0.5137512056420854,-0.04421329031421347,0.7582748269803183,0.10851393449716637,0.2146033329851161,2.59446922038289,intermediate
-3.6997790532053,-2.8930671611489993,-3.6590548090625363,-1.399100472692841,-2.6241180388630148,-1.9158116901059963,beginner
-1.9568361712286824,-2.2301190482558213,-2.1658928909256963,-1.753929888964104,-3.0564816943648174,-2.5669288857649923,beginner
-5.1669834713789164,-3.277518310917753,-4.417350076277627,-2.1885248656538625,-2.14389139026134,-2.5088515272890275,beginner
-1.7415785208028705,-2.473108233906423,-2.21480233786,-2.2524359147765773,-3.258942072534926,-3.0001419519822945,beginner
-0.6838971650960585,-1.091922726708518,-0.300890690475516,-0.7885875729156514,-1.234300413786761,-0.5565040313226662,intermediate
-3.3544475859548095,-2.1715998451852623,-3.748750833751893,-2.3912292330061304,-2.428490568045696,-3.5560145483874153,beginner
-4.3203714902988395,-3.0608351403406107,-1.4917963743893468,-2.7381823905508855,-1.9249947376882033,-3.446266001765876,beginner
-1.8365330692830584,1.8520254873812838,-0.9835928081095016,-0.8643781831500599,-1.6865867257746123,0.3037117748677295,intermediate
-3.483635573031654,-2.9688583400149504,-3.657142085512943,-2.77012029782477,-3.334002758377058,-2.3385376286776633,beginner
-2.730853567770226,-4.049789764312963,-4.0562936557665035,-3.868423765550215,-2.8949950243184817,-3.611261696041217,beginner
2.923272742122578,1.6583577277631312,4.518992535907865,4.903859340434304,3.338640971862421,2.2800614549081164,advanced
-1.7091084909380299,-3.8188033318207446,-3.0668462380918555,-2.8322538149653314,-4.200783399514336,-3.757992871846773,beginner
5.559232956707691,3.6158182331553412,2.2962569484560458,2.503945982922298,3.8057054493629345,2.761564751571256,advanced
0.37869503434185514,-3.296344522193322,-2.9594166709582947,-2.6292182277526552,-2.9904099410566864,-3.789318756739429,beginner
-6.012171497558423,-3.109247521573248,-5.044958680902378,-4.2539449503534,-2.6011204143062736,-1.8387366638329758,beginner
-4.53378572290619,-3.2267333448426685,-3.02958406855497,-3.1421783891983495,-4.4052190284328,-3.4508447248529763,beginner
-2.2197447656072886,-2.210088158936693,-2.179330369415383,-3.965159952385045,-1.7941759015800738,-2.8674695585241166,beginner
2.7139473262447367,2.8163377340578966,3.3875327936149113,2.6863174850452003,4.8745228644151055,3.259127499194538,advanced
2.940083398927229,0.8211141325912603,3.737908794020649,5.061102743400084,4.213144823579642,1.139178441858354,advanced
1.0900448095169109,0.7675486771769872,-1.0805976074229382,0.156575500369298,-1.8425735377475052,0.8542969381932248,intermediate
-4.214619354653608,-2.033071144964067,-2.8189079442790166,-3.2419434550955586,-1.393424606153272,-2.8362722811027985,beginner
0.6903866616459011,0.09193485408927103,0.07179796211083497,0.5094624736975292,-0.33459834595787125,1.8829751864990019,intermediate
-0.03516331042829484,1.3141294723475032,-1.143071320349559,1.02898626281827,0.1603036758967496,1.275557466146253,intermediate
-2.9059934217015724,-1.8096134592007356,-3.378857856461382,-1.753747853858509,-2.596775821448846,-2.526769732904548,beginner
0.7307023334591259,1.611206427096685,-0.5629592246849444,-0.3069579742979588,-0.7697077564153866,2.043241209807844,intermediate
2.092523525043608,-1.863496537101946,0.3912797481921592,-0.08667938710431605,0.30200180765885815,-0.20809745643388478,intermediate
2.236468387522819,1.0784512647924727,1.856824864655727,2.958322103073927,4.816855410038549,2.84768583149084,advanced
0.5344967640407097,-0.761879808967261,-1.430779919965394,0.49997071654358416,0.029904096238255424,-1.6995765316450144,intermediate
0.15289095861515414,2.447910733235335,0.27652934096183546,-0.23758597097925005,0.19060102922562647,-1.6297542950381543,intermediate
2.1004595655786487,3.3135056966939924,1.9517580385753655,2.025694377974843,2.828937049900407,2.1082327264373513,advanced
-4.3280138672426265,-2.159433213076396,-3.290092382090796,-2.5853421452405163,-3.2350142129554618,-2.6108295852559142,beginner
-4.368398421953507,-3.9622944566146447,-1.9432631295436962,-3.3061592670970286,-2.735946731470488,-2.0559417972013985,beginner
-2.08769740823563,-3.556790168887663,-1.943432659829878,-2.286763692175437,-1.6106460288884825,-2.541566795839455,beginner
1.1388780296605867,3.1816921626201937,1.3542762184215877,4.347155245242027,3.1188135322193675,1.2253161705047155,advanced
-1.1696676248059035,-2.7128508606780795,-2.5239298062223776,-3.2079444764175795,-2.81558741497124,-4.662669472820392,beginner
1.4077273229881309,1.4411036858151478,0.545428375720963,-0.1631806827487761,-0.7989215069849371,-2.584879585510365,intermediate
4.057657383120841,1.685611172109873,2.771470212270536,2.5911762291349762,3.276161260970366,1.5101377575834836,advanced
3.8318461216904023,2.5957958963433616,2.4118337119303046,2.0520344085368656,1.8049589558937087,3.959843733940354,advanced
-1.6827525386986208,-3.6440907795639523,-1.3151831250281918,-1.7081487234172863,-2.6759236798522656,-3.2052065355988404,beginner
-4.115212884677852,-3.4736722419205255,-3.388381540203195,-3.565866115692883,-2.445951079974161,0.277017392758502,beginner
-2.6928367488723364,-4.64317626864186,-3.145671959627594,-4.407950071091995,-4.960802571199954,-2.506113884235184,beginner
0.3250576533743463,-0.031121366648481214,0.049250653758160755,-1.489861017698651,-0.36077517237701817,-0.35718377723021255,intermediate
2.9498628841558237,2.8295307145176567,4.098138107974903,2.3793683798121963,2.17169193384074,4.8606957987384956,advanced
-3.5282208936058392,-4.5897372609814475,-3.4228524482617515,-4.002383003340659,-2.009261015723757,-2.757200146944019,beginner
0.3607153061175788,-0.8624458900298849,1.5749892605808562,-0.7570837744110938,0.9350772849621675,0.017062750163659244,intermediate
-2.9834084971983823,-3.632615807940289,-2.055239778879176,-5.001506029978297,-3.3334493390993183,-3.511640959496756,beginner
-0.36621573445319733,1.7674411251546975,-1.3416288688345943,0.25946858402027423,1.5001400793813102,-1.3873386883604149,intermediate
-0.2205598185180267,-0.6573156517085111,-0.7506563168293883,-0.024768267254941433,0.5027387437460124,-0.04357723433527037,intermediate
3.498314958319657,2.4766997394831147,1.8530605818161852,2.830503263934353,1.9100640541283167,4.672349978110088,advanced
0.2901566642206938,-1.2062424751489147,-0.2599202785871632,0.8735532744716643,0.907970656961145,0.011082361391533874,intermediate
-0.8227804308392866,-1.9080034085425734,0.4453921567500054,1.260919311383654,-0.32148897596789894,-0.3346825525079752,intermediate
1.9982900118038356,4.1894923058785976,1.1215872040975605,2.5061229925798467,1.3512223393152853,0.8805777787460296,advanced
0.925360566412059,-1.623562023219263,-1.581867469365814,0.3705257836496895,-0.28502059729636786,-0.8114949417112818,intermediate
-2.078605237397621,-1.820668619585296,-3.2421541558417295,-2.7118980132291495,-2.4598979244715338,-4.886683025769143,beginner
1.751759830756911,2.8542224337988906,4.339167040811156,4.37502762590573,2.8730893004380955,2.228118281642266,advanced
-0.005361883996669843,-2.3203901029891623,-0.8185769068923892,0.8039009334788272,-0.9793254220829966,0.20334623215765815,intermediate
0.2013213343492978,0.7076002462605949,0.9335094195969849,0.7578421020865487,1.5692237968307334,-1.9435729218569975,intermediate
-1.45602040052788,-3.732954438839993,-3.1749725189498776,-3.1468223570507003,-2.510421107590824,-2.244779345483658,beginner
0.8442654116685677,0.7532916388092541,-0.38764159128254444,-0.5017423548261909,-1.4710769124951129,-0.460309986790256,intermediate
1.531355012180982,2.1449885054978957,2.679731912297021,0.46815677601123085,3.1357661103407817,2.405573112527609,advanced
0.23182969996978095,-1.3911856925689348,0.05658115638732309,-1.3965080927196045,0.035051219057934735,0.8441174960840151,intermediate
-2.972853707036347,-3.877450071044749,-3.98598014831545,-2.3076123221789784,-2.6640088681632625,-3.5679057694387106,beginner
3.132971298032348,3.2698176884441,2.44011702231946,1.7923204466532732,3.427012765312613,2.311610612186831,advanced
0.8647524501706614,1.3076592793314183,-0.92311533605866,0.9332957600009089,0.8077696632112275,-0.8324082528669966,intermediate
-1.7294960874792973,-3.470651138226566,-4.398987993336343,-2.5844498289214886,-4.309940939815625,-4.341951144777575,beginner
-4.152472956336786,-1.7718551660765942,-4.3279633598854295,-3.5705133253728345,-4.244054480644698,-1.9804773655486905,beginner
-2.397701337222866,-5.67663500846447,-2.5554800570595013,-2.519040044799751,-0.48794623975643114,-2.684698035326972,beginner
3.373192349211617,2.4073606909356786,2.62599571804065,1.9618988444345025,2.661286441360328,4.337729833218342,advanced
0.8059737731294232,0.3133325471930816,-0.7333086713901987,-0.9758299565077836,-0.8153176683390093,0.5261101363573816,intermediate
1.440088769775846,-0.3951726308839285,-1.5949454363673743,0.21436010598590505,1.2635361177699493,-0.7824853962408157,intermediate
2.4734664557565034,1.6836995578980263,3.070289753254874,5.156082855163929,4.907952777016823,2.826644548206681,advanced
1.703121526533242,0.5069515789728596,-0.0532760774107554,0.2326902428969234,-0.17288092417468684,-0.91594867808215,intermediate
2.966656260461518,3.661426709266549,1.3093019878388608,3.460254091831829,2.853050028772039,3.210975392066676,advanced
3.471187763621706,1.1871501252513161,2.9916195919280946,3.5407977924581115,2.7194175341971634,2.135064915007355,advanced
4.088112000496428,3.276990844614882,2.39895867055438,2.8231125539575608,1.711479707427351,3.8324206670690644,advanced
-0.42759437116670873,0.922651556918539,0.00737616813814941,0.09191513673887172,0.15529867515405438,1.6472616309956927,intermediate
-2.941556623361751,-1.049481799951813,-1.2971269058341495,-4.017530932822196,-2.7292231069393678,-1.963104597263259,beginner
0.5698002415203658,1.0442803800284273,0.43216114953615664,-1.147970510217041,-1.399287580167385,1.1992452315978928,intermediate
1.5884927512844667,0.797571370847329,-1.3611396228141373,0.06937999328859544,1.047886253431606,0.830487857323925,intermediate
-2.5670083788540934,-2.530518054259507,-2.1798216967999244,-2.5428912427110255,-2.7748757494286234,-0.5540792580978118,beginner
0.09823156665978997,-1.4134870222613953,0.5229189108706805,1.3658542196849524,-1.6345387894668326,-1.395238930216837,intermediate
-3.399138711799871,-2.666662625401453,-1.8083297906061757,-3.1892826584258405,-4.235671623853039,-4.30953750911114,beginner
-2.5101153116767474,-2.478227191565904,-3.631702984038371,-3.3698779446543696,-4.324878975747033,-4.258769017967363,beginner
1.0622153496854423,0.7313845736527993,-0.11495165744517005,-0.14520913226869303,0.39165423804552685,-1.5321355010989892,intermediate
1.0969724927953532,-1.9580961418149359,-0.019643254680415882,-0.9091096667725104,-0.12472836020532417,-0.2266925334475456,intermediate
1.6714065130806695,3.378134292692075,4.7707964509742435,3.676431693183712,2.8396267803463355,2.9885945349791814,advanced
-2.323036717504573,-4.597498243181192,-2.5683884669872485,-4.5111446343229336,-0.19644246979330626,-3.036845350657194,beginner
-2.095967258621922,-2.435887021609045,-1.762887643630608,-2.933389365260031,-1.6218089755316656,-2.3142331628960076,beginner
0.06422973468488075,-0.4693427408498042,-0.7282524948502459,1.0643668859150528,-0.6264274136115741,-0.27629450605966943,intermediate
-1.376565846952744,-3.9376393885785146,-4.07167535637134,-0.7592913125883287,-1.9498834562302452,-2.578169095696233,beginner
0.37952751339970403,0.24617993902791335,-0.2399271528516319,-0.6927996009421848,0.6608418951379121,-0.7165011695432644,intermediate
0.23466863583031788,-1.341508956655944,0.4949792036588061,-0.5725499721969259,-1.4758538264769125,-0.12345534257763525,intermediate
0.02543586084057885,-1.414256419023569,0.5957430105220266,-2.021454022535401,0.7943934409049273,-1.0799645157611084,intermediate
3.999198189154623,1.9524511586692794,5.342261542348812,4.339030810476215,3.27806352623919,4.587796880385644,advanced
2.351800667209919,2.112529320256745,4.525921108763859,2.714768756040967,1.7690470921071149,3.760239036701188,advanced
-4.78554863591257,-4.314749194622678,-2.5535567404467416,-2.4339843404926285,-3.06657225780137,-4.76711204785232,beginner
2.8802162061594045,3.31492274278198,2.087602606065413,3.1311034342858948,1.073237188082561,3.2481724331878037,advanced
-2.0470078817437933,-3.0934375107251944,-4.359572890813831,-4.3783003708982084,-2.0284313186905334,-3.949709872326287,beginner
-3.6381582820068026,-1.188156559779183,-2.649419156341922,-4.022484746516397,-2.450589278927003,-3.074965720052579,beginner
3.1134887974469097,3.326048296595816,3.67339448496462,2.8371423470139274,2.5340551513624407,4.132951073359974,advanced
-2.383428860808676,-1.6991128169332057,-0.5379992881799991,-2.934728844677864,-1.2681807771954827,-3.121821677719088,beginner
4.369611594517852,5.294439404054375,2.9207561253111027,1.767350689496603,2.0595325319706586,1.5188852064353477,advanced
3.2509610088832805,3.390488175405921,4.095920285136706,3.2007330636328732,2.827841507274458,5.169529601990165,advanced
-2.537453018653954,-4.127098821777278,-3.771036866599588,-3.1835457362896356,-1.8548856566591196,-3.754008035165482,beginner
1.0812261647532901,0.5484386110181301,0.31902828223627555,2.048664629624343,-0.855527234611967,-1.1277712566301419,intermediate
2.9562291362779956,1.363350856982566,4.776679345673674,2.8029844048950716,3.3745230739530148,1.6876326290219463,advanced
-2.1853030293730864,-2.577445295711052,-1.9827931661414362,-2.8022596550779215,-3.0702903263508667,-3.9682172703473206,beginner
-2.791984657478479,-3.0160809611701844,-1.721351606807205,-3.8654178930970513,-1.6686905315780027,-4.2383388455634,beginner
0.9891423473052185,0.2656787002509834,0.2960707724731534,-0.0426786757039695,0.5788491101133485,-0.053514404970369106,intermediate
-4.300953279710752,-2.5224872317719886,-1.4971977752711714,-2.7072137640829896,-2.981180089928024,-2.1093214950928343,beginner
-3.4990983942174494,-3.5314236403690975,-3.6220933202986068,-2.936504368079333,-1.9170533566857753,-3.0547687871629123,beginner
-2.1738349333974543,-4.290481608157429,-3.1345403627039956,-3.5405505755867277,-2.4977285912938028,-3.2237729605685526,beginner
-3.4764187208080393,-2.5925779530369946,-2.356670659598796,-1.6452857680581285,-2.7066810709584086,-1.9412255376506722,beginner
-0.6347616917825204,-0.043701372778722304,-0.8149126923045393,0.9468597531659866,0.8425628824138297,-2.1796390392283644,intermediate
-2.448863445419173,-2.8866193235075954,-5.268246691626496,-2.3811060339304815,-3.1854516026262183,-3.297593339928621,beginner
-4.230010917373471,-1.7760947249487862,-2.031036806171162,-4.815459140364395,-3.8848187774434373,-2.6163595758763942,beginner
-0.12613737784660897,0.1658198226259176,-0.038170856573285915,-0.07573485566270165,0.6999876253588491,-0.31220918323594693,intermediate
-2.5299896493633818,-5.614258326410135,-4.427728116945216,-3.4465599385193046,-4.495600612773174,-3.6148779013844057,beginner
-2.48180604556538,-2.229544838796538,-3.633982496136685,-4.27782211378045,-2.8336532575666467,-1.9580602848697441,beginner
2.941505020390416,4.633227638485529,2.3740373198849314,1.7550403195826476,4.745082535130588,3.5516862722134035,advanced
-3.8541603032515863,-2.539060811371616,-4.078693375081577,-4.670520863755963,-3.1003430688213833,-3.073735347415299,beginner
-2.159489236066164,-1.780488386651775,-5.030520628402246,-3.6580593270302866,-1.7866546343211358,-2.4953516871026418,beginner
2.0524078185000523,4.60111402742486,3.8161893660631625,1.7396242730338676,2.2045332909992736,3.873364251938775,advanced
-3.2540001504454894,-3.7634313076810604,-1.4238381772089395,-1.7509481678554006,-3.696191362531747,-2.710425087045243,beginner
-3.789589935483218,-2.79674845829422,-2.693587256890622,-2.6206372203376542,-2.7986045363971948,-1.689563549797859,beginner
-0.6554390699481367,-0.2990306504066345,-1.646926435805061,-0.16976812920799925,-0.7267006184674207,-1.0055402447835489,intermediate
3.0693064738167517,3.0966834759401225,3.8779794445845606,3.926327905522051,2.156131120771138,2.473669051776974,advanced
-3.440829519871075,-2.093782329201474,-2.6210835492015527,-3.1548297318170553,-2.782305544520549,-2.3694090236510963,beginner
-4.231985340224252,-3.742543218862576,-1.9847186557873213,-3.7656875842341524,-3.8128176457117413,-3.1672560737668407,beginner
2.1336783350459316,4.085450260660923,4.192406385849861,4.157381789575296,3.3722734378005264,2.8886559268890477,advanced
-0.20808615911665956,-0.7986199325841085,-0.7446355593813325,1.4972585919224968,-0.29871645732828067,-1.0670785348042564,intermediate
-2.6269413168458016,-2.9263644218718268,-1.5291736796998878,-1.2255617160122043,-2.33831173414669,-3.6277747429691276,beginner
-5.3888801041743,-4.5669472179950334,-2.7010700545448776,-2.948404538540608,-2.596924269241111,-1.6427646008044987,beginner
-3.965969735457363,-3.7220817685365986,-1.9774723832521781,-1.9123798146724167,-4.05281386707475,-2.17309052191863,beginner
-3.945533253362175,-1.838869772426967,-2.7723162222894806,-3.4816517007424554,-2.314017985306755,-2.9984983419233164,beginner
-3.0672179558825814,-4.317088316244089,-3.3539270886410164,-3.6465294669769253,-3.984184337339469,-2.4814795558348304,beginner
-3.424387274852137,-2.1072243725152875,-3.136619572553068,-3.3327183946562897,-3.012811516907133,-2.3935921171232675,beginner
-4.67257939071526,-4.8702454060939795,-2.1573370274018115,-2.3347851517843834,-1.4344397961335131,-2.4232866943048275,beginner
-0.2556754581537103,0.3700228929475336,0.8635335348491987,1.3031866369244993,-1.1108170840077607,-0.7471882150859465,intermediate
-1.4326507283463665,-3.9168031555190788,-1.6699873735195887,-1.590043344775498,-2.6408914738471765,-2.299006103724937,beginner
1.7837584093373433,0.7295166493336979,-0.9700331347325223,-0.2611804871338219,0.8176878344408112,-0.4165859535578256,intermediate
-4.302400569347009,-4.566046437191346,-3.2881662620315018,-2.4179890209108685,-4.890377744314574,-2.831855494290397,beginner
-0.6708974638114734,0.5331095327056158,0.7203792053250899,0.06898035335947326,0.3458031892961424,0.890598132524246,intermediate
1.371424175465087,2.7359347820325493,3.1289204480108284,3.4276475597116405,3.1767514392482146,4.126648401791904,advanced
4.198899081693993,2.0651959994375497,3.606466278928239,1.7013181466015266,3.447936467193899,2.557092940276805,advanced
-3.492536955256598,-4.081305221489687,-2.8189143708329736,-2.9963385605303667,-2.935175111479545,-3.6287398288308506,beginner
-0.06494844282987342,-0.5993490121796756,-1.4051054101582099,0.0670959714946768,0.37956974966973855,-1.1538500807323044,intermediate
-0.6816444307005045,-2.730336218018132,-2.663026461800938,-2.8738256108215174,-3.0954687492882496,-3.437530565453918,beginner
-0.2448276865003281,-1.254833356234295,0.897526703574847,1.8132312680644007,-1.136978426408749,2.1550751243701227,intermediate
-0.045674534048616176,-0.9439027100517798,-0.1779029251125501,-0.5862955130346819,-0.09458588814603511,1.1279215200713342,intermediate
-2.649688755316919,-4.058912574312821,-2.198865867154293,-2.2204971914564386,-1.027535139968609,-0.6794630656420635,beginner
-3.9383710321821868,-2.060378378789289,-3.9637318490646005,-2.944409616292999,-3.549895364509227,-2.7038499006188643,beginner
-3.0059765808734524,-4.4603480303201835,-2.6865339563773887,-2.418766872326378,-2.7719692372826428,-4.967721721371604,beginner
0.8241686687382561,1.893356850956723,0.45792402516170344,0.9587341854139055,-0.9449331236607735,-0.7687706420701885,intermediate
0.18761351805046195,1.486180401748077,0.7367816840839524,-0.20938246296953383,1.3101401024580637,-1.7080215197146014,intermediate
0.571794348132345,-1.2156227061761902,0.4511846797950132,0.6703730309709617,-1.5054535917115144,0.46450475055353513,intermediate
-1.9893884141562703,-2.35394577105618,-2.620160258450298,-3.054983486922803,-4.156811525821464,-2.7407732972827072,beginner
-1.6872318033151796,0.3778787938631149,1.5815872452455741,0.07445065504688209,-0.015016625126539205,-0.5483171695186305,intermediate
-0.6520462395024949,0.7550062763518908,0.8622135677020493,1.3643866383557217,1.5170599363625425,0.2022936374923967,intermediate
2.860555183725818,2.0535363060520018,4.5225402985607195,1.2313896419415373,1.9480246802930854,6.87548349227873,advanced
2.0600247973822823,4.298008436544105,2.336491483560404,3.2161054882011473,0.6207524266740685,2.7090454246140885,advanced
-1.5809392154962245,-4.054788166403169,-3.903916221725493,-3.739762627478565,-3.170670311886832,-3.4814661919150587,beginner
3.2464591766230204,2.899636679017504,3.1609184047580956,5.2692069753264335,4.855225700670946,3.8780819541076594,advanced
-3.676073044645677,-3.7364180178736,-2.2837922240710546,-3.6314305302560292,-4.484724378156012,-4.3109143829881615,beginner
-0.2595930308139953,0.6067665776500051,1.7460952852614156,-0.9700416848850295,0.914421600903627,-0.46280527989625025,intermediate
3.075438404969132,5.084592763034957,4.140701402223028,4.231919790623307,3.119095434108649,3.592068763344336,advanced
3.348514936293043,3.747977350115338,3.4544597221598212,2.0331004406368356,4.418823339042047,3.9837534300269266,advanced
0.8862806552435308,-0.2129598336973643,-0.37547146467206727,-0.22974480286958507,-0.33853689520978647,0.36266342538288615,intermediate
-2.540924103349024,0.9181139813512615,-0.9802581096528357,1.6076868680691103,-0.5094550484055895,-0.4709819191464789,intermediate
3.8517895740947607,4.430673858403458,2.5439908623217113,4.500997266462572,1.3536820849720492,2.9591504633518646,advanced
1.729615810147552,3.7116287001906443,3.4720337721710357,1.868935638246517,1.8008378338319446,2.68144775596413,advanced
-2.0883579395283522,-2.3465839231239425,-2.5187030646711532,-3.478196086713524,-2.403344238265117,-2.2186970632674514,beginner
-2.9580525577578314,-3.170272498948129,-3.3525675065554594,-3.5565762950938806,-2.1127244936523697,-2.434277262408581,beginner
2.779728422151111,3.891567569889121,1.31930728733631,2.1763079037279756,1.7639160845920443,2.933085160212286,advanced
0.08770829579732232,1.0298143511950213,0.908490153470868,0.2568626137876848,-0.06210760763352583,-0.21257666863293126,intermediate
-4.001328276652602,-2.92627172684083,-4.493604244421693,-1.1730196750917474,-2.3834234705884727,-2.5369865396103033,beginner
-2.1382070542850005,-3.6964091664106666,-3.643161071693996,-3.5146292170551683,-2.5569339732102323,-4.216321581120326,beginner
4.850589591114103,5.165184682511155,2.943094507152312,1.873596361317656,5.5684157777213485,3.3769045898610686,advanced
2.301678232864677,1.6333463919936713,2.008316941460839,2.1033725759778443,1.4719619042540666,0.5187049309955678,advanced
-0.6399672631382972,1.976670852619413,-1.181174051692732,-0.5791918583304303,0.46637259703013323,0.5615777301916997,intermediate
-1.8579654608628846,-2.2773844559031406,-3.5831263280345813,-2.4679905692742814,-3.9556543551003847,-2.9581412367030397,beginner
-0.966286797218883,-1.1732551872554196,1.5668014457022805,0.039772907539122146,-0.018942369179490923,1.1229212451606057,intermediate
-1.1673400714189857,0.5872926305564801,-0.7165547273743037,1.7045057594948656,1.211048699004345,-0.6233561457161997,intermediate
2.376866969418666,3.1786113557392968,5.252861377020849,3.652199489213028,2.893180738895503,2.7513267202351708,advanced
-0.7466334032542136,-1.8061577617110953,-0.3226723921299357,-0.4182216276216212,0.5776225188079647,-1.2807411152232648,intermediate
-3.1466067990362223,-1.942749730676041,-3.4207528407825762,-2.769917775596335,-2.134949010271357,-2.6409912929632204,beginner
0.4958596420980219,-0.2754602395425447,1.1564186503443745,0.4041749837047489,-1.1695289425892674,-0.5349047487213637,intermediate
-3.804180728611179,-2.491580565494709,-3.9820747395064107,-2.277945582017816,-3.4767905336740883,-1.725685175889158,beginner
0.6578672097363593,-0.37030888244574034,1.446477482895905,0.2370855106939453,0.34991141331404724,-1.227367121110241,intermediate
3.434987661817137,2.0106574989213017,3.9384955676106923,2.0879644146682232,2.68951065171136,2.6182029031168397,advanced
1.2228378771210469,-0.3745463454232409,-0.03133020941322275,-0.7929038847877599,0.8877495298323539,-1.5303444830392154,intermediate
-1.432849623316853,-3.3816210836214435,-1.5772688188814528,-0.9713639913464296,-2.193121027805489,-4.011544349903104,beginner
1.635753572216617,4.196618959536115,1.3870016704020167,2.664214550300205,5.7184389333831085,2.073343725089949,advanced
0.43108695291805077,0.07601476151781779,-0.8312545415698271,-0.5494592976465453,1.6815831883569146,-0.6008580453468115,intermediate
4.391923803238856,2.9248667632361505,4.014646244385149,2.7706287509740184,3.37235881460791,1.7953806824139653,advanced
-3.5666996917301943,-2.767589219327486,-3.2413767927893398,-2.1916612560385693,-2.674630648021715,-3.095735854590689,beginner
1.195887539115514,-0.40148464096989717,0.8314390062519449,-0.7060677316328049,-0.49139382379905416,-1.7310919178333926,intermediate
-1.1267288651542573,-3.676616910843348,-2.7501611716965577,-2.8421273641861577,-3.8431945113038495,-3.188104802339482,beginner
-4.529616495777683,-1.3404065042991302,-2.435366736506532,-2.45402260735961,-2.6254570871091687,-3.7985136256104988,beginner
3.2282826756359206,4.099948279640273,2.24637068224659,2.974379951781966,3.0990832329653832,0.7370193916168732,advanced
2.8172155749898486,3.992819233518434,2.381484226082874,3.3945573390689017,4.823270912025297,4.065449540864673,advanced
2.095806340023941,5.281529240690874,3.7781430789719357,2.323841465045857,2.330194179391476,2.3607630237908976,advanced
1.51682904140215,-0.5384246002463765,0.644522799703233,1.8625967831556944,-1.0028445869544393,-0.6909991307696819,intermediate
4.085229805926909,3.456999104512091,3.8185511434100765,3.5139708610163005,3.6971340610063406,3.930056494553221,advanced
-3.0931743406197585,-2.8889244159651963,-3.222116100383429,-3.2902511427498324,-1.9504974215951065,-2.8258917174514675,beginner
-3.9559693381000147,-2.8755738061016345,-2.601115668271445,-4.045638812717269,-3.4894027312684397,-3.6551643783288026,beginner
2.868401791453947,2.6140306232716015,3.571190151896782,1.5253552063746274,4.153393704733124,3.41541017997807,advanced
-3.947137564948356,-5.60723643978106,-3.8471870544726077,-3.2576595627202503,-3.1813940235246516,-3.7292741133452574,beginner
0.8824767349233941,0.6840448103003962,-1.424996581924211,0.3364389822523437,-2.5763973209705737,-0.8330029753831563,intermediate
-0.9443601191203324,-2.884929007463852,-4.770829229007083,-4.09727719914433,-3.2441381376927345,-3.2630514225387186,beginner
0.30410908892299643,0.7637648204366299,-1.2813173199973906,-0.20681105173546724,-0.3545930980048853,1.032578291749664,intermediate
-2.694263731568329,-3.1117651350435187,-3.3643762768735455,-2.6924108986778954,-5.299782768217307,-4.145172164528407,beginner
-0.27621164454833436,-0.4862764658584836,1.5557381811001025,0.2109607573542594,-0.48227033079605397,0.9145380628320756,intermediate
2.602325099118562,3.4582939952195946,1.6358909870504177,3.4345139841038757,1.3539871777538661,2.907014035236692,advanced
3.364452315490791,3.4080562658193663,2.3221038308682527,4.12293960634904,2.1580038872674,2.9847840214460293,advanced
2.498167083909017,3.8361930556374593,3.920796207412913,2.695230167942674,2.758686597899867,3.2810311507586722,advanced
-3.003376941827433,-2.8330428600815636,-2.6079488111225704,-2.835673958768761,-2.3333447687382085,-1.681545477046457,beginner
2.0738159487129026,1.8436087328847388,2.2734720958822043,3.5553463618824646,3.8296052765501627,3.7009249120875327,advanced
-0.7550740962467541,-1.5884490438263417,0.511033073737,-1.2530385728811637,-1.390971815596978,0.9393742894043207,intermediate
-0.1621631342927563,0.4544701049509225,-1.0055253822556949,-0.6438218853716894,-0.8290413099570452,2.753158729218886,intermediate
3.891443271119366,3.695039011260129,2.8966198042677798,3.4966958357228033,2.395078966554705,2.2132830406923816,advanced
0.4860935842017615,-0.4398844325424345,-3.6284292344991735,-3.4855227850716974,-2.6944476531343913,-3.2439653975333402,beginner
-4.309558831258507,-1.7451000465573618,-2.4487897831235634,-2.2708065255184677,-2.8137106431949963,-3.2917281903345894,beginner
-3.3980392886519892,-0.988743687126517,-4.364492068806846,-3.8835187928530917,-3.0732751876973143,-3.471341689298312,beginner
1.999110309614255,1.2289934163870615,2.208266558924969,4.243179199662806,3.9685794368549376,2.0464406989595156,advanced
1.624881107993116,0.4010892458859622,-0.5855286263708183,-0.28230596038943834,-0.4542483009030016,-0.6945728740069642,intermediate
-4.351547589486302,-4.044206359974335,-1.7552985303265747,-4.512351787024113,-3.0869978507002087,-1.958417071876472,beginner
0.578442592981457,-1.3057710531437854,-0.6945252493600207,-0.8407451135156354,0.5745440486488739,-0.2904366104432397,intermediate
-0.19876993583438438,0.45023349321375195,1.1577917151481727,-0.023952483118952667,-1.1736443438562876,0.07226427934064454,intermediate
2.9695088927384106,3.8704130666393173,2.3333892681132204,3.776935627257136,4.834582269362558,4.255773492078196,advanced
-2.999882285439199,-4.283680407343813,-4.82786604001724,-3.8833153711469266,-3.519471691653592,-1.9564157036628524,beginner
1.942614373763973,2.189789235966881,3.320592516891127,3.6502302546007748,3.2232957379673715,2.424214905022578,advanced
0.6055717463189872,0.8150882531674354,1.3599801704840915,1.62225788600535,0.20937020445313104,-1.0585907479945516,intermediate
-3.3392057169664597,-3.8962526342639583,-2.262815307581084,-1.1373572821799787,-4.271384564736015,-2.3242891331898847,beginner
-0.9100650512214274,-2.101787932078273,-3.122492612639073,-2.497685474219096,-2.5360322691929422,-4.6908154723435,beginner
2.0905323783444767,2.9276200654076914,5.896517603203762,3.850186710242225,4.503305948603048,2.4084756980530493,advanced
-2.3702777359189495,-2.190418541010748,-2.7338854273661695,-2.902520693080558,-2.177056834578787,-3.6312975871863986,beginner
-4.480343502210301,-5.264523213161535,-3.2557902571180577,-3.392493031092001,-2.44661481626609,-2.844847685731744,beginner
-3.7977086813336047,-2.8342354868203867,-2.0949171901884167,-2.408245968458199,-3.7772776658891996,-3.2256154129313206,beginner
1.2079992592994382,-0.6205537396303714,0.3056546810485936,-0.10747814920746963,-0.04152914460467932,-1.7576232943715193,intermediate
2.974654812105416,4.419470083666381,2.4693399698923795,2.602407966398058,4.441037600450544,4.135343931953318,advanced
-0.09521636576385056,0.6995993166919439,-0.039838001344710515,-0.7987618393947974,0.6648811902323566,-1.8510386987217557,intermediate
0.9726887616581642,-0.8991976183506776,0.8760419725539589,-0.14627187126824798,-0.4943445671924441,0.6423085319326032,intermediate
-2.9927313495427104,-3.743948793224846,-3.997490850235597,-2.6851936375777083,-2.4756888105680463,-2.537149388948634,beginner
2.110647688086134,2.4468574190835732,3.667266142534174,2.719198174749263,2.058689760561435,0.9992772170163926,advanced
-0.880853786150952,-0.6134774107790579,-0.2936515764213089,0.5489765707755668,1.496155246776724,-1.2128422059743447,intermediate
-2.595416200523136,-2.8421312920881263,-4.1144683091214,-2.7500097965418893,-1.8721955463101077,-5.37507330573972,beginner
2.208487091497913,4.3220354593873855,3.853090428068498,3.4476510753844063,3.398498902472133,2.4751064044061435,advanced
4.216511635234153,3.691152328727266,2.238621682972842,3.3429633119224422,3.1184805057866103,3.9653013935975294,advanced
-0.46891124231906944,1.2085900967384782,0.7893029102409895,0.6017245246011321,0.7701170582918473,-0.950688587762461,intermediate
-0.391014593965896,1.2427763884612584,-0.25051454313196214,-1.0118380190250458,-0.2342396214487527,-0.0007302614578915307,intermediate
-0.21214870182208356,0.07629244282285143,-1.3375729062274226,0.5314234380479128,0.5715027119286863,0.6509043855099885,intermediate
3.2030142420707137,2.9827568761318353,0.3086114742094819,2.4022777865104157,3.0928084917201777,2.9265787746992564,advanced
-0.20201514871570975,-2.0411180681024774,-0.06525646781385105,2.2103764184224417,1.2093280594593208,2.3687152311867785,intermediate
-2.5010362944839253,-1.384019165877342,-4.313495552596388,-2.8846398262075366,-2.1309293695467297,-3.779417191921638,beginner
4.0708623185563395,3.344566657368472,1.6980528872445624,3.9315055110610033,3.387273129988996,3.1805739390072283,advanced
-3.8457117554434523,-2.9543468647110123,-4.044276534003213,-2.132694118539821,-2.6210622129429826,-3.0497420946217044,beginner
-0.7547143858634894,0.963437060529364,1.0458453423417347,0.497800208806942,-1.7289710970389764,0.46947476120403203,intermediate
3.5802125397840006,3.279636588819521,4.444991315487197,2.5318790493677583,3.6946256100657786,0.661850150788255,advanced
0.3164844008227007,1.8669679004865323,0.277764307181502,1.2093360932598345,0.5034065480817913,0.13716186561849628,intermediate
-0.253062999542488,1.567751531867208,-0.865059849938382,-0.5570981935173646,1.067372092399133,-1.278392021208489,intermediate
-2.6967594531932844,-3.4640177328108033,-0.8935674317430067,-3.1858786469308025,-3.052185447868719,-4.882848050863169,beginner
3.923460499408762,2.8961391536594103,2.9421455907456973,2.620110619447474,3.3679167730754,2.947558597593577,advanced
-1.0490729407469284,1.2955746735489897,-2.445066156399563,-0.5480349040558258,0.43405466645756996,-0.21804229981481077,intermediate
4.086507449464762,1.9915693608214458,3.3997150921495423,2.637165668603765,4.860473075175264,3.4593420408887887,advanced
3.5105008491069283,2.744772910403415,2.610261898046123,3.000929696981664,2.611946238714671,1.234045825003833,advanced
2.492136898148593,1.558464530189041,3.935760856121604,2.71705281050276,1.6727572357513287,5.277491091290643,advanced
3.8396352392269706,3.853859907105364,1.56830014226403,1.8752194611225363,1.4729077072282528,1.7826216756441262,advanced
-3.401799336559505,-2.075692519819296,-2.8550968323443975,-4.190364529048683,-3.5677686677137017,-4.308362932717316,beginner
-1.0937322459675731,0.8593422893455825,-0.23237928380544545,0.5203764983135779,1.5066295820359625,-0.5520553625238969,intermediate
-3.56665345363305,-4.655805008717618,-1.8695026933078256,-2.6719415004843015,-2.854211344621362,-5.259739223326003,beginner
3.5631202182869854,3.5542369652278696,4.452157170585925,3.63793371891592,4.473141428334693,1.7851930303233767,advanced
-2.828494660429591,-1.8874706124721126,-3.2205443343503175,-3.3457507933534405,-3.2668856551145744,-2.3824622411770218,beginner
2.5328063250131105,3.450066839058839,2.9931554639984523,4.813134695162642,3.5047800281598054,1.94290833979402,advanced
-3.098399760865356,-1.5227983940498435,-1.5232866380246246,-2.8676865563909173,-4.543344388630347,-1.9775861660833358,beginner
-0.3064237556302066,2.0133436193863297,1.0711289990928543,1.475157994162548,2.302358681124019,1.4297587560849578,intermediate
0.2864450584263085,1.7903673796898907,0.1100328856742695,-1.1091549257170643,1.6574624340054578,2.01626737967359,intermediate
-1.888255125005689,-0.8553023723329702,-3.705353053383219,-2.5487809538937474,-3.8490760845432836,-3.2417739114163204,beginner
0.8807084745841589,-0.5680584036656035,0.2383204388007491,0.23730108285302376,-0.9176221704470038,-0.9224803153171506,intermediate
-1.8736761850663783,-3.6444134259968504,-2.121038291611146,-4.723657085165348,-3.5062916635667607,-2.0945280211848987,beginner
3.8967648792054783,2.222664109870588,1.1481657575057282,2.426891313085612,2.806401102045092,2.156228530040791,advanced
2.6915901959838733,3.241270765389512,1.3768419857368583,5.047385834561913,4.315740496101746,2.207083456905738,advanced
1.3264842921744024,1.696941453360278,-0.6267106072486918,1.384008362206957,-0.5363016677218009,-1.0594435260781485,intermediate
-3.250662478167221,-2.3556845663892303,-1.3386932936264049,-2.0069924654798896,-1.8963415469838758,-1.6602087075878291,beginner
2.887569360682771,3.120386098366276,3.419510386415799,3.570848626815512,4.582860810430654,1.7812644361182064,advanced
-5.1457788773318445,-1.0119508038254363,-1.8613154615577954,-2.339935093779654,-3.557494713722461,-3.068232798268243,beginner
-2.8236313887050133,-3.510996090285077,-3.3619743978340777,-4.273504633238763,-3.690101914593034,-2.2151562266588414,beginner
1.4746886275372475,0.24361842626668673,0.2757066527163334,0.19998243446518432,-1.6682094502390978,-0.20274273438429524,intermediate
2.518660302964646,4.041473358799193,2.3945471121256103,3.875401828006019,0.3487881521955192,1.743271934976452,advanced
-0.45835670841524967,0.8221401902648745,0.3820677819059951,0.2344780651803286,1.4454733089614855,-1.4228110804481842,intermediate
2.5642366675610146,3.2561604875660635,2.154179625254905,1.1161461349728725,5.315411459112882,2.847454467866324,advanced
-0.9293053096105044,0.9717724411659207,-1.0620157563566772,-0.8459621550774374,-0.7119955797612559,0.29893266706317995,intermediate
-3.06714494808681,-3.369983928293582,-3.5686140966841062,-3.0198596433084077,-3.9530740103320943,-3.6114775652002407,beginner
-0.7869843817778528,-0.9161065060762427,-0.97569638249971,1.248307265383795,0.05849237960977895,1.4401445669398418,intermediate
-3.9542150930917925,-2.134675341631349,-3.7154002190345086,-3.1382985398229457,-1.5556282610224565,-2.4556508531712598,beginner
-3.547449454744902,-3.5462386353823927,-2.9863452484421034,-4.449554439767231,-3.122641464932146,-2.4170945024543515,beginner
3.068361518319151,3.706700093340465,3.8689449839198593,3.6699753639746473,2.662450737164492,3.632387695420901,advanced
4.20310459089867,2.3907472189336136,4.715422305469194,1.993184292460478,3.936641800165539,3.8311661409807662,advanced
3.0971528411435214,2.5766606203619866,4.223142106991715,3.2665324384551546,3.8394295933148537,3.2453427071079055,advanced
-2.1649335686690003,-0.19587759694712428,0.21083628955711634,0.7452772159322754,0.4983557496326122,0.6313750476723827,intermediate
-0.3196207679763804,0.321685117661221,0.23230185617806193,-0.030493531130447404,-1.0679273798554643,1.1659689391952688,intermediate
0.3223140788763209,-0.2179126848354434,-1.0198603231810779,-0.4950961227915653,-0.21517990422013183,1.517411910119785,intermediate
1.4661216110265156,0.06562693765495607,0.9684051463084162,0.1206295901912227,-1.7095261338677874,0.3699141414524751,intermediate
2.377655148673183,3.614651847135546,4.684804690390957,0.35953761445896193,2.9947396724926265,1.6636316853387796,advanced
1.984208751567884,4.834859857142618,2.607666345994585,1.6164496377327175,3.373274069379427,3.335067011303249,advanced
-3.337707474795909,-2.026439708495211,-4.312364018413757,-2.506986563939616,-2.737515475064241,-2.143395710417202,beginner
-3.4555469754553094,-2.897951844045812,-3.557552608101792,-3.708679128139266,-2.873652925935816,-2.729155852078182,beginner
-2.8570408823494002,-3.803590308556722,-0.7952758002642661,-4.816543052417426,-2.879475277468702,-2.8009269074401852,beginner
-3.0401297223538593,-1.8472156207621369,-3.9183869346857816,-2.8293460723292743,-4.198922018589089,-3.317602175806981,beginner
0.5021169626205795,-0.6046419438351047,0.42748668980809507,-1.0754603326167167,0.06964125301323135,1.4631323124956988,intermediate
-2.067147285996179,-4.523345682778538,-1.9750630844015473,-3.9273103114310994,-3.3188256389739434,-2.451171091056447,beginner
-0.484907242666441,-2.341571751150017,-0.9441475488292874,1.8926564697117563,0.37077402035857837,-0.4485366499782247,intermediate
-1.8876602632705708,-4.156814245461616,-3.6323055499088133,-2.9102075650534798,-2.6798009434661125,-3.159712454262134,beginner
1.9512946789501067,0.20344197559636099,-0.688766061468206,-1.678497985150187,-1.6522635549110511,0.1266291509980268,intermediate
0.42407223903862085,0.9039898378180449,0.8709779704779498,-0.9498270704149152,1.3819518284448402,-2.1058179477388803,intermediate
1.3586749469550965,3.4261329848779765,0.8364253204984458,2.265961987022377,2.899921878110835,3.5320004486253147,advanced
-4.571526027235528,-3.3202760905387008,-1.7991338831135517,-3.7710850349798286,-0.4243270041263836,-3.1329336459557893,beginner
-1.3789509508223987,0.07608546417540288,-0.29399605622469244,0.039142276144386375,-1.9395131314382696,0.7210719215915113,intermediate
0.5342385558737729,-0.7531824175196878,-0.5412046402405138,0.840332257778021,0.47841749658677785,0.34456862954238615,intermediate
0.985446334568325,-1.1625136804942793,1.1637206330324246,0.23838137972311252,-0.3016926044746367,0.24350625887080207,intermediate
4.002485127933822,4.171048046041705,0.3660677792628766,2.502719767444773,4.142447434977711,1.258971488710529,advanced
-0.8454268328288865,1.609117236139956,1.4176033605963123,-1.1299206323968467,0.1307932602646333,-1.0082565415647402,intermediate
2.57908082547653,2.5925529503156604,1.401721096555319,2.3361631762215467,1.7648277498505303,2.280981622655357,advanced
-2.19855303627071,-0.760712405659254,-0.8436294291147499,-2.0218736308410223,-4.473389487483606,-2.0176932512453982,beginner
-1.1498641793830424,-2.7404127814925623,-2.3870236986812765,-2.739796864132049,-2.211756637127496,-2.859393942060577,beginner
3.682393930155403,2.4492142726964143,3.6126003487722187,3.6330421011013323,1.5053971428433188,2.9815385139052206,advanced
-2.5210239730963626,-1.648369398110919,-2.397735254266398,-1.0673665526788094,-2.2813665543742068,-1.8395717932862423,beginner
1.095920334698555,-0.9494375316875676,0.4111653131957815,1.482442499625046,-1.5174902798428929,1.338650527781777,intermediate
-3.393097968467681,-3.197700257515675,-1.4210999181019306,-2.9087075317510482,-3.769483212343293,-2.2226116012480936,beginner
0.20026060659184963,-0.885231140712419,1.4444733093095241,1.5224788326952492,0.6064876647197277,0.33281160237671953,intermediate
1.03250088429847,-0.5065217100988462,-0.8888309605446203,-0.9880996808551511,0.5562432540514423,0.9550885628125715,intermediate
-4.8833372352898206,-2.374578929694166,-2.6625127024050386,-1.7091068440524975,-2.7927606275067056,-3.333690083302308,beginner
-0.6613258722631499,-2.826401495159167,-3.3144516000711692,-2.4341800902674526,-0.33461853786184603,-1.6231690185373053,beginner
2.333771345321264,2.8041425290834123,3.7192517689900226,1.7310646845718045,2.586754618880077,3.119803133413858,advanced
0.02549745522090255,-1.0471142735964372,0.9206147247249525,-1.01306263047977,0.4117045236084783,-3.0243808768178284,intermediate
2.3411386262199527,4.088373051843069,3.638286911232788,3.501292044613168,4.014019609575229,3.4697204221830114,advanced
-4.187082683538881,-2.4653462229776135,-1.914717293195207,-2.1940259910666566,-2.5485976009274474,-1.8346575559846778,beginner
-1.5646683807195383,-2.876112555734295,-0.4498230635563121,-3.7826263208162287,-3.2962818261218705,-3.634922555033479,beginner
-0.8153498214907757,-4.703605401343692,-2.4672057989220453,-3.477003540945908,-2.415770532279628,-3.751442073473508,beginner
-1.4350639216075909,0.01807682079148756,0.22274028695705278,-1.210132654796114,0.1058834699616071,-0.040474033846161044,intermediate
-1.3552040104937046,2.4759700768687187,-0.7519953270203488,0.35693991347849074,-0.5232763780858328,-0.908888762990602,intermediate
-0.9423467733791175,-1.101521154623915,1.1762859742220333,0.5669188113548754,0.7958535360608587,-0.6763316566836274,intermediate
0.19801360147051875,0.8649856014419978,-0.5158766716178623,-1.457725319813916,-1.0811374253096375,-0.6790923848336301,intermediate
2.2255880537121304,4.084492202195756,4.01198857107031,2.8995577958445633,5.085366971749682,3.1498103670638633,advanced
1.9290009698919544,4.225040621536633,4.7106726556112175,2.200479710802452,2.147888662915085,6.60860161084984,advanced
-0.197870676276809,2.9055660870809628,0.7398322255734135,0.451431689066947,1.0563611874552004,-0.36983857485653393,intermediate
5.004830785178138,6.042230462178889,3.5420556993849033,2.2264538204164386,3.5077153491474404,1.7145785980595496,advanced
3.7261202006789933,2.0975401319558955,4.579875323864551,4.674401275502919,4.902400029467907,1.7705703375758415,advanced
0.7892008913025217,2.9887722232214657,5.4028804011874865,2.6166208119304333,2.570359074642978,3.428714034823857,advanced
-0.41125896235253107,0.5315926627775542,-1.36540106846088,-0.9272368184108332,0.6060547473766168,-0.847612453673501,intermediate
-2.5110564428393887,-3.798511181235548,-4.487681885560855,-3.993016929890257,-1.3116817896504538,-3.3077565602963532,beginner
-4.102275824599024,-3.740324112232991,-2.914460686184439,-3.6335211122748907,-2.9376812216808137,-3.986235572882399,beginner
0.9961683664456044,-1.219630811279932,-0.10263453363469828,1.8653924102201218,0.10717581385513034,0.1418250674438332,intermediate
0.17269642268261695,-0.1778107629177042,1.3344817014381969,0.7515007162525698,-1.673565712909632,2.106033124470375,intermediate
-1.4282878868367972,-1.7275138532992487,0.46771434444924087,-0.5186744414903932,-0.09452972052674584,0.3671914127055161,intermediate
-4.017764852583339,-2.197022794023392,-3.8097795795452156,-3.9555190519889827,-2.6725969341461875,-2.2025675487251735,beginner
0.7299541542854577,-0.6807265945894126,-0.005400134949234649,-0.5583326972267447,-0.8186558982939117,1.3432959209505702,intermediate
2.5012237391444496,2.1093075733592896,2.7736489085761837,3.004021586866264,1.9929914280203027,1.882345754264123,advanced
-0.896339252448429,-3.0626040546242086,-2.5567875215752824,-1.7889444863693407,-2.2486179027881374,-2.5549962141636384,beginner
1.1371562992853093,0.09077146827752647,-0.1939118515322836,1.4226441539760533,0.7270454235697844,0.6798617700404165,intermediate
-0.7706437110675064,-3.945147077910893,-4.477643428298061,-1.8173857432012674,-3.1105243746186417,-3.9512210680774875,beginner
1.9645049734362237,3.2837139735602876,5.2758097347483295,2.928794285163168,3.0675443886721405,4.847669174568056,advanced
-2.0337827154344765,-4.7600635429379325,-2.4693954061527603,-4.919723136853483,-2.7502841952326946,-3.4666599444841366,beginner
0.41689283217012285,-0.08042476428893308,-0.8391162425425978,-0.1755819086174575,1.6550424098649457,-0.796959122687198,intermediate
-3.82616859318915,-3.3696053805127937,-1.2321901306957295,-3.1053290133620166,-5.384944932722133,-1.8637713234390403,beginner
3.6636548857242603,3.1223851193278356,3.035484115241424,4.290935261380462,2.4942061579253307,1.912911846667061,advanced
-0.48758854434070603,0.5439046052905286,-0.11293035428770379,0.6825215356021201,1.5083286994738705,-1.7108893319681537,intermediate
-2.3665271508167454,-2.7018523277495974,-3.2611835848397677,-2.521934215274899,-1.7355803256225848,-0.8687650859688438,beginner
0.22506992922072847,-1.9647557466992414,-1.5406465231757427,-0.2954105512022677,-0.034445767803500324,0.7239046645348812,intermediate
3.616803800789646,1.1127708146355393,1.7365306993710459,2.970464809769123,0.9092024663134448,3.4158372198031226,advanced
2.9760502519599763,3.704890683024944,3.4763784795851773,2.2354909073716986,3.1041004997873873,3.436611671868586,advanced
2.348265181287739,3.0484109194767184,2.1455964972847053,3.118419207944058,2.775252399856751,4.442781837698089,advanced
-4.438869803934346,-1.4483470206236788,-3.4270647758740327,-2.3278086162183538,-3.6736259429076075,-3.026685093363374,beginner
3.173401839394112,1.4883777206107731,2.3640864082475974,2.634295385181855,1.4756023693762392,2.9101108683789505,advanced
1.4709277947513095,5.145112513097617,2.8376917058278606,3.4391999364542514,3.150900527984417,3.3658265638906806,advanced
3.1387382728504316,-1.108217890450131,-0.10672738188877018,1.7358905657643866,1.4135652063402522,-0.595622983046629,intermediate
3.6998263926145016,3.4960068178342874,1.9032342562206412,1.9416057455444433,3.3343229041692632,2.5083134121663653,advanced
4.343929397287209,3.8745178723648115,3.0983998620046056,3.293692721957896,1.9276235675119342,6.0355102171811685,advanced
-1.0309946561203358,1.6506615721628224,1.388513151702167,0.6066976120221943,1.2360058827642695,-0.17707893001129185,intermediate
-1.3306007529468937,-2.2783953228789793,-3.7439639533917903,-2.6379008836870437,-1.4857857537347172,-2.8887684609648066,beginner
-3.9416182209281136,-3.9187704581957608,-3.6529267902846687,-4.853661652540924,-0.8208015081072504,-2.0898165101145634,beginner
-3.0081753227012475,-2.5835110199272404,-3.1174374677068912,-2.8535437408126234,-1.6069542949384787,-2.9780100207534934,beginner
-1.281623010427051,-0.7319862167844321,0.5741264175420205,0.07527753582892344,-0.6992982370917195,-0.8006846513988481,intermediate
-1.9443168773057538,-3.942723646306788,-2.1055895529003177,-3.9552151889919718,-3.160732914471457,-2.354569137247753,beginner
1.0732991259162559,-1.367143514264873,0.8027234755552443,-1.2462613417800816,0.8093041286903988,-0.5403196067659961,intermediate
-1.1321630474118278,-1.2463518641431546,-1.3332049095734853,1.043448304354195,0.9061144656759058,-1.068736484484549,intermediate
2.512236583663093,4.53739386488669,0.8553771175051597,3.2116228264334996,3.530286325156705,1.7548447460127559,advanced
-3.1258744162906527,-4.6292250563523805,-2.8652595903193707,-2.6972025761966822,-3.9495757938383322,-0.8166116062869091,beginner
3.1521997627351297,4.335410543472335,2.2663731306024726,2.8875678164635916,3.1622619093377935,4.675498393931837,advanced
2.9436611050516177,1.620849534189175,2.605924358136724,3.6376110013771967,2.748435013653969,1.3142476938046894,advanced
3.3123550864945894,4.449060852228648,1.7498084636654403,2.9478093637673983,1.6937939438734928,2.8997041160912027,advanced
4.8629029907536765,3.6446436535999993,3.899500634087018,2.5730369222048792,3.549158338060184,3.029854473789248,advanced
0.27109669942472947,-0.4091739390838673,-0.3764072663591288,0.7709515973173742,-0.8633197920674146,0.9278772889595671,intermediate
-4.8919275055667075,-2.3440566595696612,-3.180769448674712,-1.8341718669431162,-3.10999138332837,-1.5236900193697247,beginner
-3.394020087590709,-2.2170840712893196,-3.2617487040923137,-1.3315429194439337,-3.486247064070194,-2.5507090258038567,beginner
2.7374063825371033,2.1685859722440757,1.7736993842721207,2.14533132857812,2.2015775097167243,1.9503219797426103,advanced
2.7158954823397474,3.342894372812407,2.6128018751895246,3.706516466835378,2.949810942230031,4.381186347934824,advanced
1.0266946761433917,1.3141461627545743,-1.0726971212205596,1.3230228950496916,0.28268662021935415,-1.5635794679779698,intermediate
-1.5368876132160774,-0.7796390082476328,-0.6980011390987538,1.0608707809856126,0.04305067836592128,0.0006107989573481672,intermediate
-0.8418418434880246,2.99101475812008,0.45524948722444025,0.7914189951054023,-0.7529108641220681,1.6950388432246994,intermediate
-2.120069359901138,-3.1702846497491106,-1.757557525374084,-3.5808507034855985,-5.048665690947242,-1.0498618510521704,beginner
0.06964284799662215,0.5931113838407569,-1.3090666256865333,0.27306828933874505,-0.6485789936842311,0.48914301391192977,intermediate
1.2274019451606948,-2.3801311644372407,0.35094556570860547,-1.0338895030416113,-0.04573293965281193,1.5625091596335876,intermediate
-1.517667614654361,-0.2743073416240002,0.6495041367918036,1.143303433868439,1.5587991050821466,1.4364493561543896,intermediate
3.730046638848716,2.527727998347829,1.8738236533880146,3.677353209776933,3.0845245872158364,2.7352232495194997,advanced
-4.000049435202135,-2.912563028063908,-2.809257404315607,-1.8359775894563437,-2.0033751432522866,-1.989423575181418,beginner
-0.26756135403724707,0.7988316791099895,-1.3388890631506478,-1.5461519695029557,1.168912929015427,0.857496581015509,intermediate
0.9064238875885755,-0.09394794719842857,-0.9613637691910232,-0.6312578771517453,-1.8199107922258229,-0.03633650675871406,intermediate
-3.1520386389050667,-1.846923656645451,-3.7034492235189753,-4.274330573771904,-2.3356525173944043,-1.9648063368663167,beginner
-3.714539719698412,-2.98508923924953,-2.6979421940357478,-5.00098481228895,-3.9428538589174886,-1.453781453847142,beginner
-2.2364562551836853,-3.327237604517793,-2.643226427671553,-3.547366222604645,-3.234203322189138,-3.6885684263016407,beginner
1.4728182277641235,1.6933377627060493,1.8899560954223298,2.5762047903345313,3.141328718852962,3.928277143895137,advanced
1.0200094073086632,1.7670270572687872,0.28776051792934143,-1.9588972237955795,0.19266715796592745,-1.940690202412784,intermediate
4.249357756437435,2.852986753803282,2.7070689632274467,3.5877046193293216,2.187288057499646,1.7607211935179221,advanced
0.47260924159039625,-1.679093273632039,0.5190518405465551,0.5701425553791292,0.5482520721832398,-0.6397079169779795,intermediate
2.399827639924723,3.947995880455994,1.316366635053218,3.7059597695909376,2.5286377045365427,2.919905415981347,advanced
0.8508406574112273,1.0011920485761772,0.47338738087570265,-0.23829276541233532,-0.43873968278382947,-1.1997673383276235,intermediate
0.4879103700280621,0.20034590782417988,0.04348685479964696,-0.44604985673268616,-2.0309854982210536,-0.2022824134624343,intermediate
-3.174643752199299,-2.0743685535075644,-5.838462987502998,-2.556111045629786,-5.450846494096925,-3.8192606663761612,beginner
-1.0775983246333882,-3.1350720481068177,-2.4247832832411027,-3.5662884070663567,-1.784960412285502,-1.8256208464616714,beginner
-3.292566466489,-2.1800076725447077,-2.0516809287823876,-3.588379907092557,-4.08115305663509,-2.3342873566555498,beginner
4.48050354897973,2.8272078110216587,1.1652494331347678,2.485210047524637,4.702030291599544,3.508782606317361,advanced
-1.979073299015545,-1.193069256160517,-2.8274004861587354,-3.3231913547040537,-1.2497488188328985,-2.7359913905916393,beginner
1.4694313069084766,-0.5871298200782564,-1.336424970387337,1.0670021610396903,1.6818000861794549,0.0737723788949409,intermediate
2.754206397645285,5.490272871035635,1.5519332911602135,2.9105178170075066,2.5955890717598216,3.383576031372632,advanced
-0.718835496055205,0.6782247522534314,-1.5900120763558938,0.2648635402478431,1.4569012495618063,0.7982985101221309,intermediate
-3.112082305939377,-4.215833231436374,-1.4742011993893225,-4.158612284185365,-2.7908820464030386,-3.8796306810665864,beginner
0.6168635948417175,-2.0595410534697614,0.028603392266730567,-1.1575753042640908,1.3058573503733986,1.2876932121133444,intermediate
2.951332453449635,4.847133204976107,3.059531610766715,4.518673890822063,2.005218250313413,3.9283550663406315,advanced
0.1296727750975547,2.3955922446479145,1.5448030224990885,-0.4589648878229168,-0.08563905313776618,0.7546309393924223,intermediate
-2.7412005968055944,-4.4088208295062765,-2.5535178665640212,-4.1465658481357615,-3.02571543308088,-3.616669022671739,beginner
-3.927839873559921,-3.199192236147624,-3.8061136813062317,-1.6342979958314958,-3.334818155751117,-1.822077722625049,beginner
-2.121390983028839,-2.521823496090424,-3.4451461164076513,-2.9033948874138904,-1.6661202852368677,-4.393089615369622,beginner
3.9561260647536876,3.6484504818472745,3.596033801733222,5.437222017167102,5.029939919434055,2.3586356406362614,advanced
2.164118976374419,2.5764426513499177,3.2319987127846224,2.665184705461147,4.811906528521311,2.8840294861259097,advanced
1.9016829753409945,2.4160035565919813,2.953716398174069,3.1812273486790246,4.437567406184893,3.1216948067529953,advanced
-0.0025275910214717584,0.08184132722246347,0.8949216389013035,-2.0141740781486317,0.9622424751027059,-1.735967942629423,intermediate
-0.7259623535931252,1.5392472553938634,0.5204101948708971,-0.6018733941148459,-0.22539850712440573,-2.084311551225806,intermediate
-2.8694894525195562,-2.8200419410857935,-3.188725381181378,-3.7482560828689118,-1.7289520385620438,-3.1476554676013944,beginner
4.189877241431088,3.3415313143855867,3.352085041267577,2.267402585556125,4.319483094289451,1.7069105757819665,advanced
3.4273307379741307,2.4528095759710435,5.33644496825127,2.4702624818262446,3.153968088854427,3.6258164694375905,advanced
2.1493795002299416,4.601966462121623,2.218739079929651,2.0244009254489397,3.712921557093073,3.32954476479956,advanced
2.7146905898498597,2.86944146086872,1.9492683383734606,1.9593640581312741,2.6964246048886316,1.6161095506308616,advanced
-1.7387141706527574,1.8752713099606544,0.4804460820765973,-0.01602450191419355,-0.5257357037642891,0.41461719767614735,intermediate
-4.15305061065742,-4.585290583439581,-5.274294464267475,-4.042950074068332,-0.48804991725661573,-3.1921915829347753,beginner
-1.4902236764638674,-3.032311807158932,-1.43798494289531,-1.0399066805316692,-3.3031780904686183,-0.6803829265518191,beginner
1.087636788343138,-0.09737886099891747,0.09378997430188435,-0.141837975170042,0.8107757803630197,-0.34003402663801835,intermediate
-2.288588162517655,-2.5297865272176,-3.860484904933384,-2.5215716504734993,-3.989839815539195,-2.082086146616691,beginner
-0.16939066170013892,0.9322478378462877,0.7901965947517623,0.8632950634403173,-1.4789558262781985,0.3805704219237929,intermediate
-0.3063082457526849,-1.9249690027637854,0.7227847441045274,-0.9239850423255945,0.6620645254347707,0.41086970607177503,intermediate
1.2149723188093362,-0.3640764461590078,0.9596552715374758,0.06018100038358425,-0.33703961840676205,0.5947219753265373,intermediate
5.449548755999267,2.634866212566794,4.542162003222505,3.472020157047334,2.7067518496387697,4.20015597206865,advanced
-2.3721993827602255,-4.019772360335095,-2.565524127707985,-2.0479212398055173,-3.2232069119389877,-2.9813853716651546,beginner
-3.3734678829634737,-3.66656299030431,-2.5066820083074552,-2.2283587201495485,-2.629450982768697,-2.5956383236850566,beginner
2.6186861361359544,3.2118343442823427,2.3238913829442462,3.314850924331306,3.2449213926969627,2.075836416632757,advanced
3.5975351219533804,3.417969621703822,2.448959551352889,4.654232582488618,3.5648043085976315,3.43372750979841,advanced
-5.573095117408496,-2.9990510480226376,-4.428442695084119,-2.0760433490262877,-2.9374151093483976,-4.854409613594024,beginner
-4.632813451094502,-4.5412563137972155,-2.5971860939705484,-3.012322325736689,-3.14696677634317,-1.7240950806346014,beginner
3.9027435708291622,2.583587984252237,3.4405087542569572,1.3943477001834477,4.312536962263847,1.6279246577843514,advanced
3.5771613135177414,1.6363308126951854,3.1718023078326785,4.499740221360256,3.259651787661615,3.5549995496529747,advanced
-0.3193458494708466,-0.6295038835936471,-0.034771426019416844,2.180930240755712,-0.247694866018603,-0.446510339399597,intermediate
-0.7270734851688281,-3.1239795752562105,-1.9498317715708626,-3.865656051058023,-1.9580609670225397,-1.6735835877925882,beginner
0.08218743741596125,2.144560594118435,0.3032665798671634,1.6049667049898153,-0.7165770119631011,-0.4010685273029057,intermediate
-0.7615964511134514,0.8761341371971572,-1.0093395033026973,0.34782478860712174,-1.5012231964989733,-0.2227542552713456,intermediate
-2.111007322488599,-2.9466402197805652,-4.427169551275596,-1.97281815917854,-2.863458926693542,-3.317429191592078,beginner
-2.551136677211,-1.879471426829327,-2.7308507052571973,-3.3145920595378087,-3.0954706555881093,-2.678910996130623,beginner
2.512702992689717,2.245788147200309,4.353000399302786,1.3486164430875,2.8559263849453416,3.1129734739702513,advanced
-1.8136834875437224,-2.653863597882278,-2.550470113762182,-2.2056457254790325,-2.8728471427486153,-2.0971316472215027,beginner
-1.1405166432211487,-4.205582079637969,-3.6523179025355232,-4.295800360268317,-4.166833599044942,-3.7255418168125423,beginner
-4.334741072298894,-2.5406585501326138,-1.4866269411701034,-1.8699467372119396,-4.575785491064937,-2.127749604202969,beginner
2.953736007522818,2.6705724322539695,2.5183551000303,3.1703616146350027,2.89772964836757,2.766951465173758,advanced
1.4450348597129086,0.572704248024884,1.6162366511771162,0.14831835247184635,0.9341356886656187,1.0806608860010065,intermediate
3.168065709012875,2.5276752711832,0.8065582838187413,2.4567169219521863,2.0866855353116085,1.2558853919137878,advanced
-3.299298707445744,-3.5120159212982296,-2.276053652771803,-2.816480560858551,-3.240073895570676,-2.6580883072619397,beginner
-1.8139562322532026,-2.1559543994566326,-2.0422035385515724,-2.5935606276262373,-1.9005981753750063,-3.1574051631570974,beginner
-2.6506457607240055,-2.6987825427428365,-2.7926606416398574,-4.894430935082587,-2.1430824625419245,-4.8941526164273625,beginner
-0.5744261708719679,-1.2884808535323644,1.7733486713121764,1.3386716320102097,1.419840655197249,-1.2903050004515928,intermediate
-2.7922598232782025,-1.1703093443245336,-3.3852454507738523,-1.7250707627544537,-1.0854663457216656,-2.3887394317867,beginner
-0.5584863999953625,0.5432337345313717,0.8754682277906415,0.8007673888544974,-0.5655819963789461,-1.709039409519056,intermediate
4.289055741934843,3.3967879526305658,2.8282870133609825,2.9033291439859776,2.3796063040894007,2.350792370484872,advanced
1.8761298926589913,3.0525282464834578,3.620658320988966,4.608998537582591,3.310248668388547,4.110688037198294,advanced
2.1783214357661893,3.3692018264161314,3.179027575820976,4.5129173739406685,1.9959698936251067,1.8118597590606271,advanced
-1.2805826085917125,-4.643101157866811,-3.1904873717602107,-3.259869435730333,-2.757858621687975,-1.8833582528429358,beginner
2.7903704192915164,3.295526884199794,2.4407046598021367,2.786519008652865,3.2996009404705804,4.511391406073097,advanced
2.719182897840444,3.9316807517730132,3.4409846613038897,3.8887553775106185,2.4041035390177625,2.8449153623097905,advanced
-3.9564413726197,-4.119429604959658,-2.8103173342341985,-3.7513716647456565,-2.792172241510715,-3.0232765010746254,beginner
3.123836003154657,3.445468139381993,3.254917274684689,4.103663539060937,4.385279276174395,2.646836450786557,advanced
-0.1976908895640003,-0.4349565748391852,-0.532475536923921,0.393552845358034,0.5784694028367701,-1.6461134831735653,intermediate
3.3376385808081643,2.5855366099040795,2.9522846812792816,3.060901787704301,2.247756991954324,3.5762920127327744,advanced
-0.24121773405491942,-0.7938319204389721,2.1302468783537303,0.19038926770056402,0.22107511477938543,0.7556703851143944,intermediate
0.012825611975065673,0.5406448325119226,0.48118842010781987,-2.1888700248350106,-1.0109000111733621,0.5277285015409621,intermediate
0.08602081202552637,0.2707887241624701,-1.6118773677727758,-0.7860955444611776,-0.9928871123053057,-0.6554321973914623,intermediate
2.4541072282802525,2.8360335335848275,2.9746366106481603,2.120522909211515,3.197773525957413,2.319450075548166,advanced
2.6383270885111823,3.5228717763065216,3.6179999582977067,3.1699393985125246,2.8326117070978087,3.920726579847678,advanced
2.097199490884635,1.827498238403524,3.6565751458827815,4.181343769848529,3.465261542186846,3.3299705626784113,advanced
-0.8991811552412095,0.9032195517582369,-0.8628689448553708,0.30585091451539176,0.3040293809233253,-0.9485234158183202,intermediate
0.008948252761437929,1.2141434706862149,0.15277508751111998,0.2249181817861786,-1.4319060089247344,-1.2834053962338983,intermediate
3.151642259820216,0.4504002510784053,4.909396606147602,3.221809088977565,2.1371887092165003,1.4276292627999123,advanced
-1.989233699373958,-3.58257140384684,-3.075345566262159,-2.5050044095960615,-2.486625898584042,-1.9520449859831832,beginner
3.8317380712030027,2.5709828896116527,2.3846081845058973,3.298743547412744,3.0223553182809937,3.1805772664214214,advanced
1.9651232652863784,0.5489085422584152,1.3179405599510956,-0.9938744188897877,0.584220810627981,2.5803537807861834,intermediate
2.5136832825303506,2.7418758536860364,3.0915995784259356,2.7199362732589494,4.229472058158695,2.2118688289857174,advanced
-0.3326229217358261,-1.1237770321144118,-0.6752797336603203,-0.8779981039874342,-1.227509473997795,-0.4291691511303142,intermediate
0.48770137393454777,1.1765776575691813,-0.2641239594539522,0.9823092166819336,0.5920088316717221,-0.3122425556726054,intermediate
3.345687353590415,2.83312411511482,3.941063182033247,0.8717000421243615,3.3970524347469517,2.618138943280685,advanced
2.961461159060905,3.8754929833187877,5.330469811787067,3.287040410055257,3.3864731341838126,2.523531864711626,advanced
-4.050858148152262,-4.819901089040053,-4.4803254763818945,-2.8707259729764854,-3.1793453207237508,-2.819573317980154,beginner
2.623731221011678,2.0737397949386365,4.744157792861255,2.041884656530723,3.4666104423201096,3.9941806777199904,advanced
1.2985146687982383,2.68113240299799,4.183618197294031,4.108656009700852,3.2252742327351673,1.7676636326942632,advanced
-1.3613914944261687,-2.7510311746798815,-1.7853237089615446,-3.5075708603064624,-1.9176896797140093,-2.387456099388289,beginner
2.268476292750645,3.0102581316545054,2.8647695830486124,3.116533722576827,2.659376723056951,2.895992014352413,advanced
3.556557321737913,4.113310669870328,3.0762719029523367,1.5093625497896734,1.9292140222535725,3.0124761752627935,advanced
-3.3931680342186743,-4.652076350067252,-4.217969065590955,-2.9088480234962915,-2.8391002015511275,-1.6045806517634984,beginner
3.199099995134739,4.798138593127775,3.1362296712857782,2.3721632259584116,2.981538527144626,2.480757359908967,advanced
0.3455339738816482,-0.9108041058225292,-0.01904321986447334,1.203170814951829,-0.6833351023762906,-1.5053126167549638,intermediate
3.976371557976842,2.7907951957914547,1.118483050793677,3.0910561300653274,4.4222491792567,2.154132546406892,advanced
-4.162624804459215,-2.2500519520966957,-2.56891888850205,-1.833896980365781,-3.43382831758094,-5.186543846569848,beginner
2.169536688030864,1.2172455309760954,0.7226199236364224,2.087415884332565,4.197503035351055,3.137674516593878,advanced
0.017307326964992212,-0.07411846863094357,0.14906849161217517,-0.596098221267731,0.6063259258032714,0.5834650312141769,intermediate
-4.678470430578654,-3.263381460397501,-1.2850381662503576,-3.848264692656618,-3.6520554972791612,-1.105327586600606,beginner
-3.8347921012419026,-4.522333388296536,-1.5111176968369775,-3.686288033839583,-3.193621933254477,-2.9085752181411846,beginner
-0.04285949302593209,-2.143546546444314,-0.22466200042394735,-0.2609202396204019,0.3965276693594523,1.8441945742272716,intermediate
-2.2865005134498424,-0.0032535498676099207,0.51713551037871,0.20238755877488288,1.2720629648261919,0.6717910214813174,intermediate
-0.12753721525282757,-1.7481613779966831,0.11954674199698688,0.43350826639711026,0.31841122637487923,-1.246812388200153,intermediate
-0.7156303742372454,-1.0002481182202005,1.3704334531313207,0.8010117359328922,-1.8930117592957603,0.30413643861657824,intermediate
0.7129228019696375,-0.9185814510817728,1.3661727498501597,0.03875760930113434,0.638867795663706,1.0868073707157722,intermediate
0.34541352178146995,-0.4296276804964808,0.1960165225510126,-1.3580545485812856,1.860611136908755,1.0725544967171197,intermediate
-0.44055699404271625,-0.7899475514720763,0.4070657296168048,-0.44706241286858184,1.9464831486917942,-0.5216828608918598,intermediate
-1.2426348583364972,-1.241873832981758,-3.5350172125744943,-2.3231771810215807,-2.3884504951018575,-2.7051872070758245,beginner
-4.20616845071091,-2.291000981267056,-4.979687388519287,-3.759514712650272,-2.713334432311191,-1.7185466023122586,beginner
-3.1732383548210845,-5.79972113836162,-3.4154380598882015,-3.742741157886817,-2.93883974048117,-3.23149379454612,beginner
-2.3878328441585874,-4.024370702328843,-3.33172410607398,-2.3434134130377187,-3.8933651147396797,-1.4784984719168335,beginner
-3.996378425469477,-1.502960238804934,-2.633135417996,-1.6797699854415657,-4.794299902753465,-3.30821983480428,beginner
-0.03585527365534924,-1.482884508804451,1.6441117296403736,1.7597448544907395,1.5690685144063006,0.7406966821037191,intermediate
0.00715879471210948,-0.7336765705002043,0.639419395300889,-0.03589159882695693,0.7343967904958083,0.12391403237292825,intermediate
-2.2366148656457945,-4.74318797854175,-4.718780003587577,-2.1722240832467383,-3.837206340320763,-1.8196703677058326,beginner
1.89644758349825,2.871566326232414,3.117653783352858,2.0847440098693295,2.2805803019337074,5.616694441722792,advanced
4.6926194115444275,3.846542753071203,1.5333671952673447,3.088367637209373,2.1542606808300526,1.8263875037780666,advanced
-0.2731754239306394,0.1564660219378421,1.0553214693811066,-0.46857270500142034,-1.11913278076737,0.47340825549740134,intermediate
3.7292082215741926,2.8010397960507376,3.619101200397167,4.879434206099939,4.375534365615001,2.6393902596221404,advanced
-2.6261030266668866,-2.2875849573044644,-3.923070667876033,-2.3408961771833736,-3.7676002595540483,-2.294230892140504,beginner
0.03679764790578274,0.07366262595740712,1.709319799007855,-0.005700704545903466,-0.12372308695767602,-0.8208714738439894,intermediate
-2.684780293968456,-2.1397563286195385,-2.3008016113207157,-3.3815527898285134,-3.9179757327498264,-2.059986677969477,beginner
1.9063004389225058,1.9854760091383301,3.1038752892194275,2.846465545424478,1.131428562204266,3.2459322266620054,advanced
-0.8638205565940311,-0.17362520332680476,0.7644654537946766,-0.18882677833576741,2.20089105046397,-0.07946679892023147,intermediate
5.202688758942649,3.3385920633039756,2.698567871376928,3.8684450077412245,2.73156909123977,2.2194918068248324,advanced
-3.7758535266478543,-2.7513193913535114,-2.907209529253486,-3.9594296000558726,-2.5344230244639148,-4.051684079250403,beginner
-2.9536557158439423,-1.896075532708213,-2.663102025415121,-3.995149668534921,-2.992592815359773,-2.3334167473070107,beginner
-1.5968556542699746,0.3392468866177437,-1.6906159740449427,0.603731031857902,0.4913366744634179,0.8876248175319255,intermediate
2.3519398502505706,3.3442027441386752,4.37893016283591,1.855069457269417,4.637474634562222,3.0205119316329267,advanced
0.946641533308549,0.01738608986859198,0.39745537650041385,-1.7347737200515516,-1.5820190905677791,-0.44716459864423563,intermediate
3.3812752070188554,3.513021348361155,3.2725566811934383,4.177257510442198,2.539640690582471,3.0241370652188677,advanced
-4.336746044591852,-1.4411810110794263,-2.8467855498181307,-0.7743671560496663,-2.639302999578248,-2.9679376745684607,beginner
1.1954504983194503,4.758183463015392,4.322747169641055,3.821101148661994,2.2134608808383094,4.273322170260101,advanced
0.6496611496457738,0.8108641738086809,0.5507290096777044,-2.456927774414081,0.2798044732548525,1.3828103998871422,intermediate
0.6989040588607562,0.026145791996981776,-0.8186503142319272,0.15300478825197195,-0.1474327158675397,2.065270289999925,intermediate
-4.307409054378953,-3.8594892952485393,-0.9916056234156909,-4.486583952943049,-3.37047801035112,-3.6555788070727573,beginner
-1.7108672515039982,0.44112025645160946,1.0669442522445725,0.051770878483164584,0.7086218342357741,-0.37151222099915904,intermediate
2.297794127685245,3.049379656643491,2.5275434576562827,3.9230962845624733,0.7463710023359931,4.775433362824746,advanced
3.7799971351322528,3.773530050269966,2.4547176917291806,2.4781000273750373,4.168812575576228,3.1085904632040475,advanced
1.509548572310427,2.130610361240688,4.624968967440441,3.9049907675119417,1.1978452442271224,3.462013664299477,advanced
4.0579729856057085,3.3031229709037815,3.095838670830634,3.076977034288667,3.0577571909759507,3.048468223758035,advanced
-1.6548828054958593,-2.5991972898374707,-3.5547708842777643,-5.416122876730319,-1.5422987194197166,-2.552438194761497,beginner
0.199925235041587,0.5872479960223175,0.12499102692753201,-0.14743147484891422,0.7329443172264177,-0.1512608523701266,intermediate
-1.3540886174151996,-1.4659058747824132,-0.37324691259086024,1.0874034772037977,-0.433175409418668,-0.46223011750958437,intermediate
2.5625093520692763,3.279045005517298,2.8743283077797512,1.919173720264104,2.4141375153365185,2.078430907017537,advanced
2.166142199478324,3.553546330946977,3.1238002429308356,2.8277249619375966,2.624537471310145,3.417471885355492,advanced
1.63826853011536,1.698583803564735,1.3702179138629424,2.861133266694774,4.689396892495318,3.4795787945283396,advanced
0.41109234824858143,2.613604606158212,-0.8143812898293484,0.2701103663564119,0.4211629910543698,1.4999616107263352,intermediate
2.210042270605628,2.9384588886001537,1.7078100185567024,2.2101246371003582,3.4546065783587894,0.12942986405175105,advanced
-1.13366579232077,0.9121129695674977,-0.36522101476177543,1.5427258172454088,0.05368607331851325,0.4430677750749844,intermediate
-4.494897102045949,-2.4387449973737576,-4.101273833103388,-3.313550809948061,-2.870289130925593,-3.348933870473323,beginner
2.848194686992309,2.0428492708111143,1.3889580955089074,1.483300893867153,3.3042744035139022,1.0756057547732798,advanced
-3.6731150425876384,-1.9560073008026415,-1.356579795412767,-3.7812408138656366,-4.715867086774386,-3.3743086675275147,beginner
-3.128120871020708,-3.0859638001868634,-4.1764747951643795,-3.133542288505733,-1.2546627761003084,-3.686212620347562,beginner
1.869886206814514,1.9134397197870066,3.3933810171047805,4.147963149349359,2.6551778294662705,3.5004845637135205,advanced
0.512004768017033,-0.6287167226428382,-0.31289537521987404,-1.674895766752166,0.3430910386649804,-0.8098926347002333,intermediate
0.524039676607078,0.8697564650906235,0.9206024159227328,-0.14905296056947462,-1.5693644985311392,0.33517288490724806,intermediate
-1.4436045628636234,-0.13317160937140385,1.8329894862935827,0.23936608969650772,0.5306846811578126,-0.6439350367535949,intermediate
-2.3871784763844794,-2.6829313744507477,-4.23874208605401,-3.4201747328723426,-1.9064455617757012,-4.1061569760599435,beginner
-1.3426773592293468,-4.248926708720966,-2.614536376535356,-3.4697542981028358,-2.3251736539227226,-2.507558384162654,beginner
-0.6429406173741717,-1.593989957863861,-0.030200601695415552,-0.7702313239777855,2.300403697479392,-0.11987687396544731,intermediate
0.35409624228911085,0.31828751819432277,-0.2525247182386811,1.7194916826699285,-0.6681029284091787,-0.9579591278128238,intermediate
1.3866483170877884,3.3759461544840117,1.6707730112631334,2.3538258932062117,1.0205378827753226,1.5468801113400013,advanced
4.386243234203545,2.9121552781544815,5.066223456473075,3.003852966551223,2.4062704189248523,3.0090179033873623,advanced
-3.2477926341833236,-5.040759171585563,-3.7630939092351263,-2.673551911397337,-2.808387666633544,-2.5500300868148535,beginner
1.971225238778181,1.7873029286240378,3.8336734781441097,3.390353030340992,2.6337098831404084,4.886966638652078,advanced
4.012647888559458,2.1377135576366877,2.52374351525493,2.8058189371251765,2.7181370694810507,3.1109856605809076,advanced
-2.1132479641508737,-2.8032772715733563,-2.9507016442058447,-2.90949284759948,-2.6896757082812757,-3.3910233356974984,beginner
-3.8905757630585835,-3.7608877655471447,-1.8328519761443463,-4.769473602033264,-3.949593267871899,-2.851995457731011,beginner
-1.8032141206605032,-2.2786474128003253,-2.416210600573404,-3.1186904774654636,-2.552134041598815,-2.495541224291479,beginner
3.948248020771776,2.532383897255822,3.85640528832951,0.9351793772802623,2.2974227352401355,2.9701953343417418,advanced
-2.5305788628686963,-2.470751808381656,-3.1016873957538604,-3.577599417333965,-4.443147585730417,-3.13168646999005,beginner
-4.373964318621138,-3.1464862096409645,-4.268342195878033,-1.8603110578705329,-2.88205714450017,-3.232195986094964,beginner
1.960334340178051,3.3149160233638626,2.571359140039834,3.173493525979544,4.92493255510279,2.435433831241876,advanced
-3.8273136898439097,-1.8363782319715487,-0.962373492183064,-3.3928649555034456,-4.389109835781753,-2.22535774506168,beginner
3.381034955170966,4.160188068045136,2.3660704960646757,3.602812090583594,4.002695433070315,2.863115254354784,advanced
0.7081920705842554,0.03898144798337186,0.0170591013840115,-0.5856035335416584,0.8956427990218803,2.008440280035415,intermediate
-0.6410071926704727,1.5679375200327874,-0.31392348230789163,1.1958980170456224,-1.5788866199413432,0.6745034132160735,intermediate
-0.4489817149964708,1.3944187754015631,-0.5313372158159506,-0.40107234455116725,1.0167711243196316,-1.3753032867403805,intermediate
1.9679648139288588,0.4789335556242316,-0.772115356232258,-1.2186688971450597,0.901755795885163,1.776983650623909,intermediate
2.1466722005796592,2.2874038846848133,2.3718472984300742,4.708795495487068,2.323269064236795,4.175171025880618,advanced
-4.398668445114151,-2.157089349394639,-2.1177394670586693,-3.7739178567257805,-2.4316985418219637,-3.263818000865978,beginner
0.3806108425717757,1.3987193316623094,1.4287677043990594,-0.40508362581137014,0.0001672482347270502,-0.2569741428466735,intermediate
0.5184879810835469,-1.9660506639925461,0.49021214032892824,-2.439508808198025,-0.6354775444878747,-1.7027947886602413,intermediate
2.5523578319833002,2.7556007989399527,5.345630664402121,1.87911536303421,3.3232342644424224,3.1815195560496368,advanced
0.6920771707173351,-1.4789910885900384,-0.2123580809480514,0.3891542944803452,0.4267088059310405,0.1663263471692976,intermediate
2.0545630438857536,3.8465093052078867,3.5450962037683196,4.971880855147465,2.7066496818602928,1.9559198290443023,advanced
-1.0863601609016451,-0.5842501644156504,-0.8579983812676419,1.486037882000828,0.08409958466247523,-1.8449395216031879,intermediate
-3.6366493043772263,-1.9700834226508068,-1.877278879768698,-2.7747051468131794,-2.246643092497985,-3.585402659054509,beginner
-4.220469270736835,-2.7543655675646455,-3.836182597158494,-2.7822070086047415,-2.1252841705312693,-2.4280226940953025,beginner
-0.5563845807706084,0.35021672923815766,-0.5672505795154504,1.2289811938097086,-0.5874574679485737,-0.5219346483106075,intermediate
-0.8191890245883,-2.707276110037604,-3.7032093168645557,-3.349487905817192,-2.10270092657016,-4.457310269188254,beginner
-3.1617387184370247,-4.886773392043283,-4.111832680426287,-2.1957128435780318,-2.140711246121958,-3.4006803360883313,beginner
-3.258937424965988,-0.6670568799836789,-1.874717899379289,-2.864425497651203,-2.0065358960018442,-5.08810924345439,beginner
-3.1390838663746545,-2.990631979792016,-3.420973469429333,-3.9003520936036735,-3.437202338085388,-3.5650839780535235,beginner
-2.105244417159713,-3.4006793879905097,-3.164415114909944,-3.945528791827508,-4.009044456975751,-3.2612722687411213,beginner
-2.2185572825839666,-4.668793545026125,-2.9008984763038046,-1.9421784975384804,-3.204709977370972,-3.3813183393846713,beginner
-0.8801009648073477,2.0822850989485464,1.0755335791943466,0.07279553833770847,-0.8878652912245534,0.47155906589514346,intermediate
1.5659727516283755,1.4282880931750395,2.2131206178454765,3.689021968926273,4.672443687552706,4.382668186379615,advanced
0.8029908847774518,-2.0697283017065606,-0.3325878995702406,-0.4291890973341443,-0.280765624381898,-0.546542997143922,intermediate
-3.2861766553003875,-1.7891158125571975,-3.4028027338683193,-2.671389517873657,-1.5951169460042456,-0.9976091026394207,beginner
1.565716920444204,2.3451383702839173,3.1970530867546607,2.2435712888314625,1.968488066261976,4.392630772742128,advanced
-1.4235438282421369,0.5165348030296423,0.17036914920422672,-0.6328556737737889,1.1769081885786432,-1.4184829799810257,intermediate
2.5412055079551052,1.961926367082234,3.732602941827713,-0.23823942256176034,4.7260670389531665,2.997834456344843,advanced
0.23944740885258625,1.300664182163622,-0.20806163003202996,0.03251179883021605,-1.5483815016515285,0.7945165716998308,intermediate
3.0165529375086964,2.8474900261749334,1.9501258080782304,2.4493019606337625,1.7837193303789778,3.123639925469032,advanced
0.8372902374116411,0.059922408253919555,1.2313125104839024,0.22651677550729402,-0.6030204814541583,-0.437338954073858,intermediate
-2.9962477555805407,-3.510463961609932,-2.4969790005454247,-3.1104134128871808,-3.294774520240705,-4.0930266813808185,beginner
0.11889565316749083,-0.5839769282131587,-0.3351330590513117,-1.0346911564299133,-0.5677408228132016,-1.1501273048130796,intermediate
-2.7388447508011793,-2.992272443083583,-5.264445975507346,-4.066118743441849,-2.755557736782519,-3.4133387550934,beginner
-2.7641990836079513,-2.3519463168231036,-2.984902363235483,-2.723717136986551,-2.6701906232592094,-3.209233258602903,beginner
-2.6454629721124565,-1.1132785592027434,-2.862186861221317,-3.9402256250747674,-4.619995773507526,-2.7763053518795067,beginner
-0.5234920712732931,0.9706423507447483,-1.1309058666760072,-0.17130731370193353,0.8845036258858002,1.301296590991892,intermediate
2.6929637629467065,4.438880751586517,3.850327637766884,2.2921436199317444,3.0978910047553496,2.3001068845800976,advanced
0.5223588392173261,0.4912372571026285,1.2336682294730927,-1.1569361218911844,0.42724317744281987,2.5151354264531034,intermediate
3.1619862671819963,3.3481843081032703,2.8923464562703,2.6460511344132667,3.3910587666697123,4.142536129815822,advanced
1.6407702376939777,1.31531885057419,0.930163112418625,1.3185295599105007,1.5593185957533364,0.14755854175873126,intermediate
-2.8768926107862924,-4.246196178153822,-3.284783230695484,-2.966457786330365,-2.9240325935505793,-1.8852780371975837,beginner
3.04144638722234,2.5454841077942016,4.146893328221152,3.598726236217966,1.884504890892431,2.10086656814103,advanced
-0.461518142198802,0.4567433849784443,-0.20659758671658868,-0.6832916576500506,-1.024211390277287,0.44291557744668186,intermediate
-2.5207938125306355,-1.7936614125101538,-2.5629176870881882,-3.973332942398131,-3.930543035234782,-3.2067657129883775,beginner
-4.49291815369082,-3.3032977344329146,-3.09750544357544,-3.8661519381971043,-2.9538633637769554,-2.224794544968531,beginner
-1.1565163842139237,2.086606276648407,-1.209622344749149,-0.8876156966650981,-0.4107318320670296,0.6087872070681576,intermediate
2.9227432887745453,1.8562181287928372,2.577925411611944,2.5543195971233983,3.2860065909315264,2.9278203662066353,advanced
-0.5904746822110487,1.0923314088085174,0.058362174493915966,-0.27962107840746475,0.11801430079817922,1.034579131565038,intermediate
2.5305216937633483,2.8449262599114764,2.509759571184862,2.7489618063790555,3.952489047820118,4.385050308975541,advanced
-0.18667002160996357,0.5084054061149628,0.15878209046788758,1.9632276195455083,-1.0731431771352666,0.15204738491640885,intermediate
-3.34895668556418,-2.6152414746888675,-3.1728168459924104,-2.889745948088948,-2.0776199968378135,-1.2109239817423652,beginner
4.718957018333449,3.4954201729794825,4.217178534689128,3.06546098709356,2.3309786985732157,4.8995141968203,advanced
-3.191675454137898,-2.668943880162188,-3.2297993295045457,-3.1505467943117624,-1.4856366372209997,-2.7717506915515164,beginner
3.825323124555098,3.0073122840805717,3.793402455576585,3.623877850061302,2.2592407855833105,3.7817054769732747,advanced
0.9343630470102106,-0.6157748179947271,0.42713182782346326,-2.3879142144818872,-1.1760809539527852,-0.676186050023442,intermediate
2.162938272673708,1.946453690397196,2.5814755157243905,2.8145795921141223,3.068717225662495,4.072447910918065,advanced
-0.4984590484725239,0.5624263272302513,1.3648861929326312,0.32080463768125816,0.9752950931537815,-0.8518762844881461,intermediate
2.4404807943533946,3.1342583867342677,0.7406489781225591,3.724396449289122,4.387887556524479,2.185726984398187,advanced
1.4803529601755172,1.6792221720987073,1.65326039082951,0.556415827195549,-0.14968762212096348,1.2211406262860947,intermediate
-2.7716736411987504,-2.9073681998482814,-3.6502184509375706,-2.3167730343341946,-3.073265380736168,-3.539008528123234,beginner
