size_m2,bedrooms,distance_center,building_age,monthly_rent,premium_area
38,4,17.71,6,1606.4,0
98,5,1.26,12,7072.03,1
63,5,5.93,31,4085.55,1
127,4,9.85,32,7251.89,1
94,4,23.28,16,4385.85,0
72,1,13.67,24,2256.8,0
103,3,6.04,20,5837.43,1
61,4,2.41,2,4713.65,1
104,4,2.75,22,6729.41,1
84,4,17.99,34,3357.85,0
48,3,4.25,10,3015.74,0
136,1,22.11,2,6144.46,1
80,4,12.31,25,4348.31,1
113,4,6.09,9,7458.77,1
99,3,16.83,27,4541.62,1
129,2,21.53,16,5115.74,0
142,3,21.62,38,6631.8,1
80,3,24.55,27,2653.35,0
29,3,17.73,1,1200.0,0
40,5,11.73,9,2563.75,1
82,4,3.5,24,5593.07,1
98,1,15.88,7,4596.14,0
140,3,5.76,9,8690.0,1
73,4,13.87,20,3958.99,1
44,2,6.83,37,1976.66,0
45,1,19.87,37,1200.0,0
131,5,10.64,18,8005.72,1
115,1,21.5,12,4565.1,0
117,4,16.66,33,5642.92,1
50,2,4.69,11,2763.32,0
90,1,3.62,21,4660.76,1
141,4,1.59,35,8969.76,1
62,1,14.73,29,1841.12,0
31,4,9.85,16,1935.04,0
81,3,8.66,32,4335.27,0
71,1,18.02,4,2842.51,0
125,1,8.16,19,6691.56,1
57,3,5.65,3,3802.95,0
58,2,19.53,37,1395.68,0
65,2,4.62,32,3676.68,0
46,4,20.57,37,1374.88,0
90,5,20.83,25,4365.34,1
45,4,20.13,4,1817.13,0
128,2,24.59,33,4738.3,0
75,4,1.57,3,5705.23,1
52,2,12.76,10,1995.89,0
149,5,10.72,38,8732.85,1
86,5,20.49,29,3635.38,0
138,3,9.77,15,7913.37,1
92,4,19.5,17,4345.56,1
142,1,21.48,6,6357.16,1
130,4,20.59,28,6418.93,1
65,5,8.41,38,3743.7,1
103,1,3.89,27,5544.76,1
149,4,10.97,18,8900.67,1
136,1,17.94,32,6058.94,0
125,2,1.12,18,7427.55,1
32,4,13.77,21,1200.0,0
96,3,23.4,14,3909.22,0
53,5,21.87,5,2273.14,0
69,4,16.8,0,3510.87,1
71,1,1.85,3,4269.69,0
146,1,17.46,36,6676.68,0
142,1,7.57,32,7586.14,1
77,3,24.37,33,1983.79,0
149,5,21.68,37,7090.96,1
74,1,21.44,7,2443.16,0
83,1,17.89,27,2552.55,0
104,3,16.82,4,5146.01,1
92,1,20.31,4,3532.61,0
60,4,2.39,1,4982.14,1
41,3,19.71,14,1200.0,0
93,4,20.5,15,4393.38,1
118,1,12.8,13,5738.09,1
69,5,1.81,7,5546.28,1
70,5,0.48,10,5706.29,1
135,1,24.61,14,5350.3,0
30,2,5.82,19,1236.06,0
67,5,7.32,23,4404.11,1
141,3,16.74,28,7264.35,1
78,2,14.4,28,3425.78,0
135,5,10.24,14,8392.86,1
107,1,7.67,19,5066.22,1
52,2,8.41,8,2720.05,0
35,2,24.15,20,1200.0,0
77,4,8.34,34,4513.59,1
143,3,16.93,20,7429.94,1
54,5,24.29,24,1484.08,0
33,5,15.29,21,1328.99,0
139,5,21.07,3,7805.43,1
110,4,8.76,23,6438.93,1
108,4,10.59,22,6058.95,1
129,2,0.52,30,7306.59,1
111,2,0.53,28,6692.98,1
147,5,20.4,26,7442.31,1
53,2,18.12,37,1200.0,0
54,5,13.99,27,3030.89,0
120,5,12.97,39,6824.46,1
126,4,1.0,16,8661.13,1
109,1,6.77,4,6243.74,1
28,2,11.85,35,1200.0,0
72,1,5.92,37,3022.12,0
132,4,3.11,22,8394.86,1
104,3,5.39,25,5864.68,1
39,5,18.0,1,1877.16,0
127,5,15.72,4,7768.34,1
38,5,2.57,33,2856.1,0
62,5,7.65,21,4399.29,1
68,1,23.43,21,1425.88,0
39,4,23.97,7,1200.0,0
103,2,3.26,24,6608.5,1
133,5,19.29,30,6901.17,1
44,5,12.28,4,2887.65,1
53,3,10.58,24,2411.36,0
76,3,23.61,13,2497.32,0
58,5,2.28,12,4781.09,1
39,3,20.86,15,1200.0,0
116,5,2.33,19,7613.24,1
141,1,6.11,37,7243.23,1
29,2,15.8,16,1200.0,0
86,3,20.57,17,3229.25,0
98,1,16.14,9,4487.2,0
77,1,23.33,5,2526.12,0
89,3,15.76,14,4648.77,0
140,3,5.55,31,8272.85,1
86,4,4.73,12,5902.89,1
111,5,6.89,21,7281.13,1
98,4,14.69,25,4886.76,1
47,3,21.78,27,1200.0,0
132,5,9.83,4,8779.09,1
126,5,3.47,17,9058.1,1
55,4,3.02,25,3938.18,1
99,2,7.25,29,5159.18,1
74,1,4.0,39,3396.87,0
116,1,15.29,36,4788.37,0
41,3,12.34,29,1200.0,0
50,3,19.38,19,1432.04,0
101,1,11.53,21,4658.67,0
124,1,17.29,2,5892.47,1
96,3,24.81,5,4189.41,0
120,4,5.99,31,7387.56,1
42,5,16.01,19,2276.98,0
145,3,15.56,9,7614.34,1
39,4,4.68,1,2704.63,0
101,5,3.49,29,6565.93,1
58,3,23.08,36,1636.39,0
93,2,13.72,3,4747.18,1
131,4,18.22,15,6681.51,1
93,1,15.17,5,4047.09,1
74,2,9.25,10,3592.37,0
83,1,11.15,9,4289.84,1
66,4,12.29,34,3639.18,0
142,2,0.79,2,9442.45,1
97,2,0.37,21,5670.36,1
89,2,3.56,5,5798.03,1
42,1,0.95,4,2581.43,0
56,5,10.24,34,3215.35,1
49,5,19.65,3,2511.26,0
129,4,21.15,25,6263.94,1
98,1,20.48,11,3975.79,0
45,4,18.68,26,1642.51,0
71,1,18.73,21,1923.1,0
36,3,7.39,26,1794.06,0
119,2,1.61,5,7729.1,1
144,4,14.17,25,7792.4,1
40,2,3.67,31,1698.35,0
53,4,11.65,29,2910.75,0
27,3,9.55,36,1210.15,0
57,4,4.48,15,3979.14,1
33,5,14.31,25,1941.58,0
133,2,22.26,6,5924.36,0
147,3,7.37,17,8617.24,1
118,4,23.78,18,5313.96,1
79,5,10.22,18,5267.08,1
106,4,8.78,3,6910.66,1
102,5,4.65,33,6535.84,1
48,4,12.31,8,2619.56,0
106,5,6.55,39,6584.9,1
92,5,22.34,4,4347.48,0
67,1,1.46,5,4338.39,1
41,3,15.75,2,1516.31,0
45,5,12.35,20,2475.44,0
59,4,4.23,24,3883.97,1
64,4,20.94,27,2200.37,0
25,2,20.34,33,1200.0,0
75,5,21.95,13,3523.32,0
139,4,21.64,28,6740.36,1
41,2,0.77,10,3051.22,0
72,5,7.59,28,4622.02,1
112,2,22.17,33,4537.43,0
86,1,12.82,26,3632.55,0
27,1,3.75,38,1200.0,0
78,3,13.33,31,3565.7,0
114,4,18.04,38,5185.7,1
139,4,3.62,8,8947.36,1
111,4,9.7,13,6647.01,1
76,1,5.03,17,4260.11,0
26,5,11.83,20,1526.68,0
26,5,13.72,14,1676.81,0
121,4,17.91,30,6537.41,1
140,4,23.48,25,6536.21,1
69,5,18.45,1,3830.23,1
54,3,16.18,27,1704.14,0
82,3,12.19,31,4360.99,0
139,3,11.15,2,8180.09,1
146,2,15.86,20,7607.78,1
130,4,23.55,13,6213.99,1
102,5,24.56,16,5111.78,0
81,4,21.09,33,3283.11,0
110,4,7.67,16,6743.14,1
93,2,24.02,8,3399.17,0
148,4,22.11,38,7453.05,1
143,4,13.97,21,8123.72,1
45,5,16.93,29,2122.2,0
51,3,23.48,15,1200.0,0
35,4,7.09,8,2454.54,0
52,5,16.85,32,2557.72,0
149,2,22.89,20,6442.52,0
132,2,11.68,20,6804.9,1
42,1,15.09,17,1200.0,0
128,5,5.06,18,8342.74,1
111,2,12.38,19,5629.74,0
64,5,7.06,12,4564.89,1
113,3,3.51,1,7326.2,1
63,1,14.44,19,2004.71,0
27,3,3.74,4,1728.46,0
128,4,2.49,31,8084.66,1
93,5,18.17,39,4693.97,0
75,4,20.8,8,2957.18,0
144,5,8.49,0,9214.33,1
91,2,13.74,35,3778.08,0
25,2,22.04,1,1200.0,0
50,1,18.6,26,1200.0,0
67,1,10.22,9,2960.47,0
143,4,9.22,36,8066.11,1
90,5,6.8,15,5782.54,1
108,5,23.23,7,5504.17,1
145,5,23.57,33,7095.35,1
75,4,10.03,6,4721.14,0
49,3,11.39,26,1997.93,0
127,3,19.25,35,5187.17,1
140,1,1.68,30,7959.12,1
118,4,23.4,31,5204.94,0
83,3,14.94,30,3961.18,0
25,5,17.06,22,1200.0,0
108,5,5.88,17,7371.37,1
67,1,19.74,29,1583.23,0
50,4,3.11,39,3049.73,0
145,4,19.14,28,7230.26,1
117,5,10.12,27,6975.58,1
104,4,6.59,2,7177.79,1
116,3,1.49,6,7905.36,1
136,3,8.61,4,8688.26,1
105,1,22.66,5,4308.49,0
131,5,10.8,3,8455.48,1
94,2,2.51,15,5873.17,1
148,5,17.21,17,8370.7,1
92,3,17.85,17,4407.42,0
51,5,1.82,37,3767.87,1
72,3,18.28,2,3275.25,0
90,2,23.02,36,2773.44,0
89,5,13.8,13,5406.59,1
61,5,23.98,5,2760.37,0
54,2,4.44,6,3214.52,0
149,5,16.62,22,8054.0,1
66,5,14.28,15,3499.42,1
65,2,9.01,18,2939.27,0
146,4,18.75,26,7341.15,1
88,2,5.08,8,5034.16,1
42,5,3.65,10,3748.68,1
66,3,11.25,18,3431.94,0
46,4,23.18,27,1200.0,0
98,4,11.57,26,5541.03,1
60,2,16.86,39,1489.89,0
129,3,13.6,22,6894.62,1
69,5,8.03,32,4110.92,1
132,1,19.87,2,6082.32,1
44,4,11.02,3,3082.94,1
138,2,14.91,30,6803.77,1
107,2,1.59,39,5808.52,1
109,3,11.8,17,5723.92,1
132,5,17.77,35,7059.04,1
116,3,1.78,20,7194.28,1
96,3,15.71,8,4665.05,1
78,3,15.96,35,3352.02,0
108,4,23.46,8,5122.67,1
39,5,14.63,8,2588.23,0
51,2,10.26,30,1890.47,0
100,4,9.85,17,5925.81,1
94,5,17.18,36,4332.49,1
130,2,23.74,2,5832.46,1
73,4,12.94,0,4250.21,1
128,5,11.32,36,7328.87,1
92,4,12.3,14,5062.88,1
41,1,10.88,19,1200.0,0
85,4,23.15,29,3356.25,0
125,1,15.99,3,5965.87,0
100,3,24.96,12,3825.44,0
132,2,1.59,15,7749.62,1
33,3,2.77,30,2151.47,0
86,3,24.11,23,2889.17,0
111,4,5.43,16,6805.62,1
145,3,8.17,28,8217.63,1
48,5,7.2,8,3698.59,1
68,5,2.55,39,4847.43,1
55,3,15.77,32,2107.82,0
122,3,19.1,31,6130.72,1
120,1,22.73,22,4367.03,0
104,4,3.67,15,7026.51,1
96,3,9.73,36,5140.29,0
53,4,6.26,1,3522.19,1
137,5,2.66,27,9090.4,1
41,3,11.03,4,2189.34,0
58,3,5.27,33,3333.52,0
66,1,11.86,7,3179.11,0
132,4,11.82,4,7830.78,1
87,4,7.33,14,5886.89,1
67,4,5.47,2,4858.96,1
27,5,22.08,36,1200.0,0
83,1,13.53,33,3463.91,0
116,2,1.55,1,7301.2,1
77,3,5.94,28,4269.08,1
93,4,24.23,6,3963.2,1
63,4,15.51,23,2861.37,0
122,3,24.58,35,4783.28,0
42,1,3.95,30,1862.13,0
94,4,1.94,21,6304.38,1
49,4,8.56,35,2638.34,0
40,5,24.29,27,1200.0,0
133,3,23.09,38,5708.04,0
58,4,12.23,1,3570.28,1
116,4,4.18,25,7680.84,1
120,3,21.76,1,6150.1,1
65,1,9.31,33,2305.05,0
26,2,23.04,10,1200.0,0
97,5,5.18,32,6027.98,1
86,1,5.93,24,4317.37,0
148,4,8.48,20,9112.73,1
143,2,10.72,38,7477.43,1
75,3,12.99,5,4255.9,1
89,1,3.95,34,4593.56,0
112,3,12.87,18,6093.8,1
44,4,16.02,8,1953.59,0
101,4,24.83,18,4513.71,0
55,4,23.79,4,1922.43,0
28,1,4.36,14,1413.21,0
121,5,8.22,29,7749.11,1
47,1,3.78,19,2236.27,0
82,5,0.6,14,6385.51,1
90,4,2.61,16,6206.5,1
25,5,21.42,10,1200.0,0
68,4,5.33,14,5118.66,1
125,4,10.79,28,6985.54,1
101,4,17.04,12,5189.12,1
142,3,13.79,17,7751.5,1
110,1,19.5,37,3880.97,0
25,1,0.78,26,1200.0,0
146,4,22.43,6,7395.17,1
118,2,19.2,30,4958.8,0
103,5,10.78,23,6230.34,1
58,2,10.62,7,2763.8,0
41,4,11.73,23,2136.56,0
61,2,13.14,36,2079.56,0
145,4,2.58,13,9638.06,1
149,1,8.54,24,7677.35,1
85,2,10.98,34,3785.0,0
131,5,9.04,1,8573.47,1
110,2,21.75,1,4612.71,0
146,2,8.98,7,8257.89,1
31,4,17.27,33,1200.0,0
140,4,14.6,24,7715.38,1
106,2,15.42,1,5283.16,0
123,5,23.93,31,6237.32,1
46,1,4.46,29,2359.21,0
132,5,14.92,39,7083.28,1
64,5,22.6,31,2338.08,0
71,2,8.11,21,3373.77,1
126,5,6.02,24,7904.47,1
51,3,11.77,0,2830.38,0
30,2,20.93,26,1200.0,0
79,2,15.23,19,3306.02,0
97,1,15.82,34,3405.52,0
58,1,2.0,14,3162.28,0
86,5,21.98,13,4410.71,1
51,4,2.14,15,3951.91,1
45,2,6.69,16,2376.81,0
48,1,11.27,21,1719.92,0
32,3,22.97,37,1200.0,0
58,4,21.55,1,2716.83,0
124,5,1.31,20,8391.91,1
48,3,0.47,11,3492.16,1
33,3,23.87,27,1200.0,0
57,4,19.71,18,2195.13,0
62,3,20.77,34,1948.02,0
32,5,4.17,37,2588.61,0
47,2,7.89,18,2039.46,0
148,2,11.63,37,7539.92,1
43,5,22.54,25,1292.52,0
101,4,5.18,33,6347.33,1
133,5,11.73,31,7622.51,1
46,3,12.57,38,1418.04,0
37,1,5.16,12,1632.42,0
68,1,14.5,0,2836.35,0
32,1,11.15,15,1200.0,0
118,5,22.94,4,6307.99,1
102,3,0.59,17,6614.39,1
148,2,20.56,5,7321.09,1
37,2,2.37,14,2503.17,0
136,5,8.32,20,8324.12,1
78,2,11.2,12,3868.9,0
105,4,10.65,21,5938.12,1
101,3,10.88,13,5757.49,1
113,1,18.51,25,4857.5,0
138,4,2.67,14,8578.62,1
36,1,8.1,22,1200.0,0
113,5,9.58,9,7021.7,1
27,4,4.79,30,1552.75,0
122,2,3.3,15,7333.29,1
52,5,4.61,2,4082.01,1
33,4,14.87,33,1309.66,0
110,4,10.04,19,6129.74,1
46,4,23.5,29,1200.0,0
51,5,4.21,28,3781.25,1
77,1,6.51,7,4516.87,1
65,1,5.15,8,3446.36,1
146,4,4.87,19,9560.63,1
35,1,20.11,30,1200.0,0
141,5,21.66,28,7136.33,1
45,5,0.35,3,4525.88,1
57,5,1.57,9,4730.28,1
28,1,12.68,1,1200.0,0
51,3,8.05,38,2331.38,0
147,2,5.35,36,7789.81,1
110,1,22.32,4,4780.4,0
63,2,15.31,12,2754.32,0
50,2,7.12,25,2237.51,0
121,5,7.56,0,8219.61,1
109,4,12.94,22,6203.75,1
60,1,11.06,5,2560.36,0
48,2,5.78,19,2644.7,0
39,4,18.79,19,1200.0,0
35,4,23.86,27,1200.0,0
28,5,20.66,29,1200.0,0
44,5,6.07,3,3543.61,1
88,5,3.78,34,5857.28,1
29,3,13.62,29,1200.0,0
50,3,9.79,35,2067.27,0
128,5,5.29,22,8185.21,1
128,2,20.58,5,6102.23,1
91,1,0.95,38,4699.04,1
112,2,11.43,38,5901.39,1
99,4,6.32,7,6456.39,1
101,2,22.7,19,3753.32,0
71,5,3.58,21,5335.64,1
90,3,5.88,36,4934.41,1
43,1,4.07,17,1700.95,0
67,5,20.09,11,3018.7,1
107,5,9.6,32,6333.52,1
138,4,12.03,2,8408.88,1
50,5,13.77,13,3147.1,0
149,5,14.89,2,9295.04,1
51,5,9.92,36,3155.02,0
130,3,0.87,26,7994.07,1
65,3,23.2,26,1572.5,0
39,5,10.97,5,3130.32,1
116,1,5.53,7,6746.42,1
61,4,19.12,22,2537.16,0
144,4,11.52,37,7738.51,1
64,3,9.98,37,3078.95,0
39,3,24.82,23,1200.0,0
95,3,2.27,0,6434.13,1
53,4,7.55,2,3370.89,0
92,1,23.02,6,3099.43,0
44,3,13.07,16,1716.73,0
52,3,16.77,12,2118.94,0
59,4,24.11,36,1678.96,0
31,5,14.67,0,1923.31,0
67,1,18.96,37,1200.0,0
103,1,6.88,27,5154.91,0
112,3,6.22,5,6754.94,1
35,1,22.5,17,1200.0,0
68,3,14.01,7,3448.46,0
145,3,24.14,15,6369.98,1
93,2,23.35,35,2957.92,0
74,5,5.36,20,5355.47,1
123,2,19.32,30,5342.57,0
110,5,1.82,0,8387.71,1
120,2,21.16,28,5220.27,0
141,1,21.0,37,5810.99,0
92,3,24.36,36,3234.85,0
126,5,24.61,16,6438.74,1
133,5,1.4,31,9149.72,1
62,3,9.95,9,3525.59,1
33,1,2.42,30,1454.92,0
83,2,6.74,31,4530.07,0
70,5,11.27,34,4205.54,1
98,4,8.45,1,6373.25,1
41,4,21.67,27,1200.0,0
69,3,18.73,10,3481.04,0
47,5,10.91,25,2753.59,0
35,1,12.64,23,1200.0,0
30,5,14.5,24,1507.22,0
78,1,5.63,25,3547.35,0
42,4,7.89,15,2439.89,1
53,2,23.4,35,1200.0,0
49,1,2.33,28,2421.55,0
136,1,8.93,4,7921.77,1
124,2,12.36,0,7071.63,1
134,5,24.68,35,6430.54,0
28,3,16.6,11,1200.0,0
27,1,0.49,2,1841.89,0
43,1,17.15,37,1200.0,0
143,2,19.34,6,7291.65,1
76,1,1.74,20,4356.66,1
54,1,1.0,27,3192.11,0
132,3,7.22,11,7719.16,1
27,5,19.35,0,1200.0,0
51,4,12.03,34,2411.28,0
138,3,2.18,19,8630.31,1
83,5,23.09,23,3797.7,0
68,3,14.35,1,3967.67,1
123,2,22.16,20,5419.93,1
81,2,4.02,0,5278.15,1
63,1,4.21,31,2551.11,0
116,1,17.49,16,5290.22,1
71,4,8.62,23,3770.95,0
65,4,15.3,20,3274.67,0
84,4,8.13,27,5127.55,1
104,3,19.17,6,5234.72,1
79,4,16.38,3,4321.15,1
128,1,21.94,13,5475.99,0
104,5,17.55,1,5995.32,1
121,5,22.03,10,6594.29,1
37,4,10.33,9,2304.13,0
62,2,20.73,18,2000.6,0
142,4,24.23,34,6673.2,1
80,4,14.2,8,4283.61,1
124,1,23.41,32,4404.93,0
28,1,3.48,29,1200.0,0
56,1,16.06,28,1200.0,0
137,5,2.87,10,9550.77,1
44,1,11.31,25,1366.32,0
113,1,10.29,12,5585.48,1
100,4,10.55,15,5776.26,1
38,4,12.85,31,1935.78,0
116,1,9.3,36,5616.95,0
149,1,5.48,9,8358.3,1
95,2,11.21,3,4680.55,1
76,4,16.02,15,3900.77,0
75,2,15.77,33,2846.13,0
109,4,16.13,29,5801.78,1
69,1,11.1,0,3440.02,0
128,4,5.81,21,8217.35,1
142,1,3.82,17,7946.51,1
148,3,7.11,26,8692.04,1
73,1,14.87,20,2713.84,0
48,1,13.25,21,1200.0,0
120,4,15.03,24,6442.08,1
43,4,21.96,8,1487.59,0
35,2,8.24,38,1200.0,0
88,3,10.17,0,5250.08,1
143,5,17.73,37,7737.05,1
38,3,5.02,37,2346.39,0
122,4,6.67,31,7391.02,1
83,5,6.22,37,5349.16,1
56,2,6.63,8,3279.34,0
129,2,19.19,20,6010.59,0
91,2,10.28,38,4423.19,0
66,4,8.44,28,3666.57,1
105,1,6.76,11,5705.44,1
27,3,15.14,33,1200.0,0
72,5,19.08,15,3610.09,1
92,3,7.34,26,5245.86,1
119,4,13.42,27,6647.55,1
68,5,7.51,36,4544.04,1
109,2,3.21,29,6242.94,1
53,4,23.2,39,1200.0,0
86,4,9.75,26,4648.39,1
91,1,24.05,33,2264.58,0
33,4,18.2,30,1200.0,0
114,4,21.35,35,5068.27,0
117,1,23.71,30,4260.64,0
33,1,18.26,4,1200.0,0
87,4,0.57,14,5992.43,1
93,4,3.0,9,6385.83,1
46,3,19.93,28,1200.0,0
49,2,20.64,33,1200.0,0
136,4,22.95,13,6533.29,1
89,2,19.46,38,3228.37,0
103,3,11.44,38,5265.53,0
100,4,6.26,35,6509.03,1
140,5,9.62,25,8445.83,1
130,3,21.21,16,6517.24,1
135,4,13.16,6,7894.76,1
40,1,6.43,0,2123.22,0
103,3,21.44,23,4637.55,0
123,3,16.69,33,6009.23,0
108,4,4.32,13,7296.69,1
92,5,19.81,34,4396.48,0
116,4,23.27,24,5081.62,1
59,1,18.78,22,1225.47,0
80,4,18.33,26,3209.2,0
141,2,23.17,39,5656.93,0
40,5,17.14,12,2235.04,0
130,2,15.9,38,5956.53,1
88,2,19.26,27,3381.82,0
144,2,9.14,15,7929.74,1
132,4,8.57,6,8120.47,1
99,1,8.88,17,4946.56,1
81,5,5.87,24,5335.33,1
117,3,10.03,22,6444.28,1
46,1,5.38,4,2193.75,0
92,2,12.01,5,5306.05,1
46,1,5.45,15,2386.67,0
94,3,21.24,1,4072.9,0
118,4,21.57,11,5898.86,1
97,3,18.51,19,4255.54,0
84,2,5.29,28,4518.29,0
119,5,4.88,38,7104.96,1
122,3,24.29,15,5671.14,0
29,2,17.63,9,1200.0,0
35,2,4.26,33,1638.07,0
92,5,4.61,23,5872.45,1
84,4,5.61,29,5419.94,1
76,1,24.3,26,1864.97,0
66,3,1.9,0,4840.83,1
97,1,20.43,18,3381.49,0
41,4,16.4,28,1200.0,0
127,2,18.0,35,5514.56,1
40,4,5.93,0,3195.53,0
37,3,15.38,33,1200.0,0
77,3,13.59,1,3723.68,0
103,4,8.22,7,6931.27,1
47,4,19.81,16,1862.71,0
60,2,1.91,35,3540.88,0
146,3,23.63,25,6889.57,0
106,3,13.16,31,4908.24,0
96,2,8.91,26,4803.6,1
68,2,7.03,35,3111.49,0
82,4,8.54,7,5281.65,1
134,2,11.84,30,6728.64,1
56,4,17.23,37,2085.96,0
112,5,24.26,31,4982.11,0
97,4,12.69,7,5483.32,1
129,4,6.6,11,8287.63,1
117,5,11.38,22,6978.88,1
141,5,10.95,30,8592.61,1
94,2,6.48,26,4785.61,1
60,1,1.35,21,3280.45,0
67,5,12.42,32,3731.79,0
116,2,5.52,38,6248.54,1
91,2,18.45,20,3282.18,0
61,4,5.42,0,4695.19,1
55,2,13.07,4,2515.71,0
109,3,23.98,25,4193.26,0
91,5,13.18,30,5221.64,1
106,1,18.9,25,3859.55,0
146,4,2.75,13,9403.66,1
81,1,12.86,0,3962.35,0
126,3,3.13,0,7874.08,1
121,1,11.58,26,5743.09,1
98,1,19.0,0,4418.78,0
140,2,4.56,12,8231.1,1
82,5,21.36,0,4464.25,1
77,1,14.08,16,3120.98,0
130,2,5.23,10,7894.28,1
148,3,13.44,16,7837.15,1
119,2,16.18,13,5576.62,1
93,3,21.02,30,3280.75,0
139,4,20.9,34,6586.37,1
142,2,10.38,30,7215.03,1
59,4,14.99,35,2561.37,0
86,5,12.44,34,4932.05,1
34,2,3.56,30,1557.27,0
130,5,10.75,19,7788.55,1
106,5,4.69,4,7526.67,1
26,5,11.94,11,1520.47,0
47,5,16.18,22,2449.56,0
25,1,18.12,27,1200.0,0
129,4,16.12,5,7227.02,1
90,3,1.75,31,5488.71,1
29,2,13.96,36,1200.0,0
73,5,7.91,38,4306.96,1
141,1,14.6,5,7175.25,1
101,4,12.55,3,6516.41,1
84,3,12.13,37,4306.54,0
115,2,8.04,18,6326.43,1
121,1,15.16,31,4996.96,0
135,2,8.4,13,7490.32,1
37,4,5.49,14,2338.61,1
142,3,14.91,5,7871.99,1
47,3,6.08,23,2347.3,0
127,5,2.9,11,8783.32,1
89,3,21.42,14,3879.38,0
73,5,16.52,6,4147.66,1
34,5,22.72,2,1200.0,0
69,1,8.89,23,2572.36,0
36,4,22.23,29,1200.0,0
143,5,14.23,33,7887.72,1
34,5,2.24,7,3332.83,1
148,1,23.5,8,5991.51,1
89,2,23.07,37,2594.81,0
134,4,4.76,35,8597.8,1
72,4,0.59,36,4975.36,1
48,4,12.49,6,2372.4,1
57,4,9.96,18,3462.26,1
32,1,3.31,21,1438.17,0
44,1,23.33,38,1200.0,0
101,1,19.14,11,4319.61,0
101,5,14.36,31,5718.16,1
69,4,20.14,19,2990.94,0
113,4,21.38,32,5200.33,0
51,2,2.42,39,2943.85,0
25,3,13.97,11,1200.0,0
68,3,7.18,6,4156.68,0
107,3,2.03,18,6728.86,1
104,3,12.8,4,5860.91,1
91,4,21.0,28,4125.96,0
63,5,19.67,8,3070.36,1
107,1,19.52,12,4269.04,0
112,4,15.49,11,6179.85,1
114,5,1.6,7,8429.26,1
108,4,10.16,17,6335.64,1
118,5,21.07,35,5674.65,1
40,1,23.72,34,1200.0,0
94,2,12.86,9,4985.96,0
81,4,24.98,26,3135.64,0
95,2,20.56,38,3301.87,0
53,4,18.48,39,1905.7,0
114,3,0.63,6,7762.38,1
37,5,11.76,30,2180.38,0
62,5,14.18,30,3010.15,0
49,4,5.59,12,3613.2,0
66,2,1.76,15,4026.17,0
114,5,0.48,35,8252.26,1
73,4,4.27,32,4402.18,1
109,5,21.9,32,5451.5,1
40,1,21.19,35,1200.0,0
37,5,6.28,5,2896.59,1
124,3,0.94,18,7674.89,1
55,5,14.06,23,3146.68,0
32,5,20.94,7,1200.0,0
33,4,19.93,35,1200.0,0
82,5,14.16,14,5107.68,1
64,5,18.82,28,2730.95,0
72,3,23.32,8,2776.06,0
95,2,21.95,11,3877.32,0
93,3,2.19,31,5401.28,1
31,3,17.11,22,1200.0,0
116,3,12.52,39,5911.86,1
86,1,20.02,16,2926.54,0
90,5,20.05,14,4661.03,1
100,3,0.58,3,6798.09,1
69,4,11.11,13,3910.55,1
101,2,2.15,10,6228.24,1
59,2,13.97,27,2496.18,0
139,3,19.53,11,6771.08,1
116,4,12.08,38,6498.1,1
54,3,0.38,39,3116.04,0
54,2,18.42,27,1413.98,0
102,3,2.51,14,6574.93,1
29,2,5.7,23,1654.7,0
104,5,13.53,39,5420.89,1
80,2,15.99,35,2982.69,0
35,1,14.95,36,1200.0,0
53,1,6.57,32,1988.48,0
63,2,5.87,3,3853.29,0
117,2,16.74,0,5936.93,1
78,2,3.95,8,4342.89,1
60,2,13.63,16,2110.49,0
53,1,11.17,8,1673.95,0
127,5,15.24,6,8049.34,1
81,1,5.52,1,4608.96,0
88,5,15.86,31,4746.17,1
29,3,8.82,35,1431.31,0
53,5,8.9,19,3651.82,1
51,2,24.26,2,1331.34,0
85,1,2.12,24,4813.41,1
81,1,24.2,31,1848.51,0
45,1,8.23,0,2411.45,0
139,3,24.77,28,6036.85,0
85,1,21.3,27,2473.55,0
148,2,24.24,35,6090.34,0
81,5,9.58,25,4958.35,1
44,1,20.97,9,1200.0,0
118,5,20.46,39,6059.74,1
103,4,3.89,34,6311.56,1
39,1,24.18,33,1200.0,0
60,4,4.21,7,4450.57,1
109,1,22.48,32,3770.53,0
117,4,13.45,28,6419.1,1
47,1,15.66,25,1200.0,0
42,3,22.54,9,1200.0,0
104,1,19.75,34,3943.37,0
115,3,14.63,16,6161.67,1
52,2,21.68,10,1356.95,0
33,3,1.55,35,2397.15,0
147,4,23.51,9,7200.68,1
124,3,21.23,0,6146.95,1
81,4,23.25,19,3008.95,0
72,4,11.13,29,3744.66,1
134,3,2.55,1,8975.01,1
67,5,10.63,32,3848.94,1
62,3,2.22,2,4315.66,1
116,1,5.84,39,6035.75,1
45,2,18.37,29,1200.0,0
78,3,17.48,24,2672.67,0
80,1,3.17,9,4675.49,1
142,3,13.58,19,7549.66,1
144,3,8.86,14,8514.67,1
47,1,2.78,32,2000.19,0
92,4,16.71,30,4548.07,1
147,4,8.32,31,8620.72,1
78,4,3.06,16,5320.94,1
38,1,14.32,21,1200.0,0
144,4,12.42,14,8381.61,1
88,5,4.54,39,5516.28,1
129,3,19.76,31,5854.95,1
122,1,11.02,4,6287.55,1
139,3,14.05,38,7296.72,1
56,3,3.03,7,3914.14,1
58,1,3.0,35,2669.77,0
73,1,9.48,4,3336.21,0
35,3,22.54,14,1200.0,0
38,1,11.92,29,1200.0,0
49,1,12.99,7,2004.93,0
82,5,1.51,21,5746.03,1
55,3,15.74,0,2868.84,0
93,4,4.31,23,5836.54,1
143,5,1.49,26,9623.85,1
95,4,0.44,32,6266.19,1
66,4,4.71,12,4729.6,1
139,5,18.37,16,8029.92,1
106,4,21.16,0,5670.44,1
86,2,17.3,24,3331.18,0
37,3,20.78,5,1200.0,0
34,5,14.13,28,1366.64,0
96,4,15.88,39,4241.5,0
108,2,6.28,16,6297.59,1
70,5,2.87,4,5509.74,1
85,5,6.95,6,5740.6,1
137,3,20.92,9,7062.69,1
89,5,4.08,10,6369.9,1
133,3,22.82,31,5736.56,1
26,2,20.84,18,1200.0,0
141,2,13.28,11,7657.82,1
58,2,14.72,2,2211.58,0
141,1,14.57,33,6306.34,0
138,1,23.51,11,6262.47,0
146,1,12.66,18,7228.05,1
39,2,14.55,20,1200.0,0
96,5,12.91,17,5727.65,1
77,1,9.3,24,3446.07,0
44,3,20.29,5,1597.76,0
31,2,15.12,15,1200.0,0
145,1,9.7,17,7494.73,1
33,5,13.05,34,1709.12,0
144,1,15.87,5,6932.33,1
97,3,6.98,34,5241.05,1
64,3,4.37,19,3683.01,1
133,1,22.69,15,5403.74,0
49,3,22.81,13,1552.35,0
49,5,3.19,22,4098.35,1
55,2,4.58,23,2832.56,0
117,4,7.59,1,7304.91,1
63,2,2.71,0,4334.92,1
102,5,4.9,16,6988.95,1
43,1,11.58,9,1307.57,0
99,1,11.61,21,4231.91,1
148,4,2.29,5,9789.33,1
79,2,9.06,36,3788.12,0
55,2,16.93,26,1510.66,0
125,5,4.06,1,8643.4,1
121,1,3.83,24,6561.95,1
67,2,11.2,23,2846.9,0
51,3,8.9,16,2772.8,0
58,4,4.0,23,3934.43,1
45,3,8.35,23,2586.13,1
134,3,17.64,0,7162.24,1
49,3,20.71,5,1602.09,0
58,4,21.51,16,2331.38,0
58,3,18.73,27,1844.04,0
142,2,19.37,28,6259.96,1
117,5,9.83,5,7348.22,1
109,4,14.23,26,5763.55,1
99,1,7.25,21,4871.81,0
66,3,9.92,26,3138.55,0
67,3,12.35,30,3329.78,0
123,4,12.51,16,6940.06,1
139,1,10.64,5,7106.52,1
58,5,13.62,36,2886.2,0
102,3,5.13,28,6020.46,1
127,1,3.2,12,7477.79,1
25,5,0.46,26,2842.26,0
91,2,6.08,30,4761.65,1
71,1,21.93,25,2265.37,0
47,1,6.79,35,1583.97,0
62,5,13.97,30,3284.97,0
33,4,24.89,28,1200.0,0
55,5,15.06,37,2820.29,0
55,3,18.75,1,2336.24,0
132,1,4.42,22,7675.85,1
106,2,15.42,17,4935.83,0
71,4,22.72,39,2087.63,0
137,4,8.28,25,7984.91,1
85,5,3.17,29,6180.41,1
123,2,5.15,21,7285.23,1
75,4,8.39,31,4029.68,1
38,5,19.12,13,1697.59,0
96,3,9.19,27,5292.53,1
64,5,14.04,9,3933.56,0
83,1,17.13,37,2261.0,0
39,5,8.24,38,2238.96,0
143,3,7.61,26,8181.92,1
129,1,5.0,3,7608.78,1
102,4,11.31,16,5757.78,1
123,1,22.55,29,4214.6,0
84,4,3.83,4,5763.83,1
75,1,14.7,14,2659.01,0
147,3,19.09,1,7712.64,1
136,1,14.2,15,6783.66,1
41,2,8.84,4,2492.09,1
130,1,15.28,7,6359.35,1
63,3,14.4,8,3155.22,0
100,2,11.52,7,5094.43,1
39,4,16.81,7,1588.35,0
97,3,24.38,3,3989.16,0
38,2,12.19,3,1832.28,0
145,3,14.6,4,8177.7,1
137,1,14.03,21,6323.61,1
86,4,5.12,24,5424.92,1
60,2,21.79,4,1798.34,0
134,1,17.18,17,6067.29,1
53,4,5.79,17,3706.31,0
45,4,20.2,25,1778.9,0
118,5,4.07,15,7942.98,1
36,4,5.29,30,1999.35,0
80,5,12.12,16,4942.15,1
112,4,9.35,38,6055.5,1
77,2,12.37,34,3211.39,0
39,5,5.49,6,3401.85,1
33,3,1.4,35,2306.23,0
61,1,1.75,14,3313.28,1
28,3,0.92,28,2133.6,0
85,4,21.04,10,3757.71,0
149,4,20.05,32,7451.83,1
125,1,15.64,8,5965.53,1
120,1,16.93,25,4829.17,0
90,4,5.3,5,5881.08,1
127,4,22.69,31,5503.97,0
127,4,5.43,7,8544.46,1
72,5,20.63,6,3294.28,1
79,4,21.1,18,3443.21,0
52,1,24.77,14,1200.0,0
127,2,10.02,23,6668.74,1
137,5,2.3,29,9073.58,1
133,1,18.48,18,6021.35,1
149,5,20.87,22,7928.71,1
96,2,5.54,13,5485.55,1
83,1,22.31,15,2722.67,0
54,3,6.04,1,3587.75,1
25,4,24.33,1,1200.0,0
121,2,18.03,5,5759.34,1
119,5,5.48,0,8456.0,1
29,5,16.09,16,1480.56,0
59,2,4.55,20,3402.77,0
78,5,3.4,31,5830.71,1
45,5,12.6,23,2485.33,0
37,5,20.59,2,1714.95,0
99,2,10.69,1,5089.87,1
138,5,8.74,4,9075.98,1
87,1,21.22,7,3205.3,0
69,5,24.6,9,3269.66,0
68,2,12.77,30,3059.01,0
36,5,12.22,7,2500.32,0
120,1,6.27,24,5814.38,1
87,5,7.05,12,5797.3,1
122,1,13.53,3,6075.29,0
139,4,20.69,25,7614.39,1
26,5,14.43,9,1595.17,0
37,4,14.47,30,1317.52,0
34,5,24.59,23,1200.0,0
114,1,0.34,28,6405.79,1
140,3,1.11,15,8804.33,1
49,5,15.98,31,2270.86,0
50,1,6.29,32,1995.06,0
95,5,15.35,1,5783.44,1
98,3,16.99,13,5273.48,0
44,4,19.21,22,1652.43,0
49,2,15.61,5,1880.42,0
62,1,8.82,15,2721.25,0
138,4,8.32,7,8433.46,1
108,2,2.52,11,6583.59,1
131,1,7.08,6,7211.38,1
72,5,18.25,31,3654.68,0
85,2,4.72,33,4624.49,1
77,1,7.4,34,3702.83,0
91,2,8.83,39,4243.38,0
44,1,17.05,2,1200.0,0
139,1,12.66,2,7211.2,1
55,3,18.86,33,1706.3,0
147,4,13.9,29,8408.93,1
47,2,3.34,33,2578.44,0
26,3,14.28,7,1200.0,0
46,2,17.52,3,1533.57,0
149,1,8.08,39,7698.76,1
26,2,18.32,28,1200.0,0
43,4,14.15,29,1790.92,0
90,4,11.64,39,4830.6,1
131,2,23.04,7,5536.25,1
133,4,22.37,30,6472.57,1
26,4,17.08,20,1200.0,0
81,3,19.71,25,3434.75,0
41,5,17.76,22,1530.22,0
147,1,11.32,11,7741.45,1
30,5,11.84,26,2219.47,0
89,1,18.32,14,3820.25,0
44,2,6.78,28,1856.57,0
37,3,8.06,0,2506.16,1
80,1,13.38,16,3219.86,0
59,2,2.4,14,3139.32,1
107,5,4.63,11,7546.41,1
108,1,21.26,19,4236.55,0
62,4,12.51,18,3156.23,1
91,3,5.7,14,5521.21,1
107,4,7.75,32,6128.24,1
36,4,14.18,3,1954.93,0
56,5,14.11,37,2816.49,0
72,3,2.33,15,4874.66,1
39,5,13.32,9,2581.11,0
131,3,0.33,20,8751.91,1
126,5,12.28,18,7696.37,1
136,4,23.66,24,6281.38,1
65,1,11.15,5,2671.27,0
149,5,20.67,20,8101.02,1
109,1,8.72,3,5769.5,1
69,5,9.1,28,4563.6,1
103,1,2.78,21,5770.5,1
66,4,10.32,25,3591.16,0
99,3,23.6,23,4201.57,0
101,3,17.37,18,4924.27,0
133,4,17.06,25,7014.48,1
61,2,13.24,3,2941.1,0
118,3,22.34,32,5117.0,0
103,3,21.18,36,4130.65,0
94,5,6.83,29,5733.46,1
104,4,17.98,38,4750.42,0
75,4,16.03,29,3757.84,0
123,5,21.79,33,5831.62,0
130,5,19.28,38,6452.6,1
112,5,2.7,33,7400.88,1
105,5,14.8,27,5489.54,1
72,4,10.92,39,3456.73,1
29,1,3.81,35,1200.0,0
49,5,12.05,28,2606.76,0
94,5,14.41,6,5574.01,1
55,3,14.8,28,2160.92,0
126,2,4.97,31,6850.69,1
25,4,9.15,21,1200.0,0
43,1,13.3,27,1200.0,0
123,4,12.97,19,6982.98,1
56,4,3.31,16,3638.41,1
96,1,24.61,31,3007.39,0
59,1,1.66,8,3810.35,0
125,1,20.47,16,5607.33,0
105,3,20.8,17,4622.33,0
83,2,11.57,14,3931.64,1
37,4,23.95,2,1200.0,0
68,1,12.63,37,2253.46,0
55,1,10.69,0,2285.31,0
112,2,3.65,26,6479.19,1
44,4,2.12,18,3653.66,1
90,1,9.07,1,5166.53,0
74,1,21.78,7,2128.48,0
100,2,21.36,16,4066.33,0
39,2,22.18,7,1200.0,0
71,2,22.57,20,2100.92,0
119,4,17.4,20,6023.99,1
148,2,19.3,2,7149.31,1
107,3,22.97,17,4471.74,0
38,2,15.09,31,1200.0,0
65,3,0.49,38,3741.97,1
105,4,15.09,15,6041.13,1
47,5,6.12,10,4198.23,0
81,2,11.69,0,3985.81,1
135,4,5.27,26,8397.87,1
68,3,17.43,2,3224.79,0
128,1,4.58,19,6978.46,1
75,2,6.23,39,3726.56,0
142,3,9.19,18,8244.44,1
108,5,23.77,18,5465.83,1
43,4,11.34,29,2312.94,0
79,2,10.58,21,3763.91,0
77,4,24.28,2,3116.0,0
39,2,6.46,31,1834.2,0
48,1,12.37,9,1684.83,0
144,1,17.36,21,6877.39,1
93,1,17.28,10,3802.41,0
117,2,24.44,34,4069.03,0
97,1,19.59,36,3386.59,0
55,5,11.37,25,3478.99,0
54,2,2.07,18,3235.02,0
130,4,6.21,33,7489.6,1
38,3,8.11,12,2361.69,0
48,2,5.89,13,2480.11,0
75,4,17.95,28,2999.51,0
42,4,10.25,18,2264.63,0
82,1,19.5,14,2800.37,0
49,4,16.64,16,2074.06,0
32,4,15.94,10,1805.11,0
143,1,4.44,3,8187.42,1
146,4,21.59,24,7455.96,1
135,4,20.77,9,6917.98,1
137,1,19.34,24,6288.36,0
104,2,0.35,11,6865.41,1
141,5,6.07,9,9482.25,1
137,2,15.63,30,6671.29,1
118,4,1.56,17,7789.43,1
93,5,20.84,38,4068.76,0
139,4,11.48,26,7837.18,1
25,1,12.54,14,1200.0,0
92,4,9.94,36,4912.64,1
125,1,14.66,26,5966.21,1
46,3,20.51,13,1200.0,0
117,5,3.56,32,8000.89,1
115,5,21.76,12,5932.52,1
114,2,1.31,39,6801.15,1
50,4,17.41,27,1854.71,0
91,1,9.72,6,4727.97,0
44,1,4.67,14,1866.27,0
109,4,23.38,32,4716.2,1
83,4,4.4,17,5384.91,1
91,2,0.48,20,5532.89,1
25,2,7.57,25,1200.0,0
76,1,3.05,30,4232.02,0
78,4,22.68,29,2812.39,0
91,1,18.0,39,2909.86,0
138,1,18.52,2,6102.1,1
68,3,24.49,22,2233.62,0
54,1,5.31,39,2532.52,0
66,5,1.33,3,5493.56,1
97,5,24.51,19,4455.99,1
41,5,7.16,27,2885.06,0
124,1,2.37,20,7057.55,1
120,5,1.49,8,8761.7,1
95,2,7.93,34,4615.79,0
100,1,9.63,1,5358.95,0
141,2,20.71,7,6786.01,1
25,1,19.17,17,1200.0,0
127,2,12.49,33,5912.17,0
95,3,16.11,31,4005.11,1
26,5,1.03,12,2798.85,1
128,4,2.3,1,8882.2,1
30,5,8.46,30,2144.96,0
72,2,21.38,29,2182.66,0
144,1,20.76,0,6959.86,1
124,2,0.32,11,7839.6,1
98,3,16.1,14,4573.75,1
70,5,14.44,8,4424.06,1
77,1,6.02,36,3640.26,0
48,5,21.05,21,1726.25,0
102,5,0.55,12,8065.02,1
103,2,20.41,3,4272.93,0
108,5,23.65,22,5021.38,1
37,5,19.86,16,1200.0,0
101,2,1.21,38,5965.97,1
136,4,4.35,12,8817.93,1
65,5,21.77,35,2423.0,0
64,3,3.95,22,4086.63,1
36,1,7.33,28,1200.0,0
56,1,21.83,28,1200.0,0
136,1,15.15,30,6486.74,1
25,1,15.07,5,1200.0,0
113,3,11.74,33,5691.51,1
93,2,7.99,30,4384.14,1
75,5,3.3,9,5300.88,1
92,1,1.86,12,5560.22,1
103,5,16.86,7,5664.57,1
71,4,14.11,34,3383.63,0
110,5,22.09,24,5446.74,1
25,1,4.35,28,1200.0,0
120,3,18.94,19,5620.75,1
111,3,17.07,35,4711.93,1
41,2,17.95,3,1200.0,0
123,3,19.69,21,6160.31,1
39,1,19.12,39,1200.0,0
51,3,14.03,22,1887.54,0
49,4,2.97,25,3500.28,1
68,4,8.19,6,4563.11,1
90,3,21.95,35,3281.91,0
146,1,19.65,8,7115.81,1
82,4,21.7,19,3296.83,0
120,4,19.35,16,6308.9,1
97,4,21.96,9,4677.06,0
110,4,3.61,16,7251.28,1
31,1,22.34,0,1200.0,0
38,1,1.73,13,2321.64,0
73,3,3.99,18,4590.46,1
70,4,6.44,25,4084.38,1
87,4,6.3,13,5922.2,1
67,2,11.67,34,2709.76,0
98,2,5.27,18,5777.31,1
76,3,9.13,33,3787.45,1
56,3,18.14,32,1964.29,0
33,3,22.94,39,1200.0,0
101,3,13.33,28,4824.64,1
141,1,16.43,22,6744.45,1
25,5,21.48,33,1200.0,0
108,2,23.33,22,4294.92,0
111,3,13.89,3,6303.71,1
36,5,10.02,25,2284.5,0
139,2,15.78,8,7232.15,1
29,4,6.66,8,2000.05,1
149,2,5.06,19,9100.8,1
103,1,9.48,3,5364.56,0
98,2,13.13,36,4366.41,0
130,4,11.52,19,7180.94,1
119,2,22.76,1,5087.26,0
79,3,11.0,13,4453.18,1
43,5,15.23,27,2073.48,0
92,5,3.89,2,6589.14,1
76,5,23.83,34,2869.02,0
111,1,21.84,1,4750.53,0
42,4,12.74,28,1902.96,0
139,1,7.28,30,7124.58,1
30,1,7.51,16,1200.0,0
140,4,8.43,30,7813.27,1
114,1,10.66,13,5561.99,0
52,3,15.38,16,2180.14,0
137,4,19.05,10,7216.95,1
56,4,21.36,29,2159.12,0
51,1,2.67,11,2554.43,0
140,2,16.66,18,6734.91,1
48,1,0.76,4,2980.82,0
55,1,24.05,38,1200.0,0
81,5,24.35,2,3972.24,0
46,5,11.57,3,3328.27,0
96,1,6.11,39,4663.68,0
49,1,5.64,4,2582.44,0
106,3,15.47,16,5650.7,1
72,4,15.95,38,2923.23,0
122,1,23.53,24,4433.47,0
48,4,4.03,30,3178.93,1
69,5,15.22,8,4046.78,1
84,5,24.42,31,3216.4,0
138,2,12.54,0,7919.71,1
72,5,23.79,2,3761.05,1
123,1,20.56,1,5311.22,0
61,4,3.97,29,3955.16,1
107,3,9.84,35,5379.91,1
122,5,2.49,21,8379.78,1
78,2,1.73,9,4584.01,1
84,2,9.8,9,4561.3,1
145,1,10.57,30,7401.14,1
56,2,23.2,22,1200.0,0
122,2,21.37,31,5026.46,0
87,3,20.72,16,3707.13,0
78,3,24.56,24,2394.57,0
88,2,14.59,6,4237.77,0
146,2,20.98,22,6614.6,1
61,2,6.24,17,3512.0,0
74,1,4.3,14,3875.61,0
143,5,22.39,2,7665.74,1
38,5,2.0,29,3365.19,0
124,3,16.84,17,6204.37,1
114,3,19.67,23,5423.78,1
149,2,14.0,2,7975.11,1
95,3,12.84,9,4815.83,1
100,5,0.61,39,7060.36,1
86,5,6.38,9,6013.89,1
101,4,0.97,32,6532.69,1
88,4,4.53,9,5936.42,1
87,2,23.65,26,2821.83,0
124,5,16.64,9,7250.5,1
62,5,13.58,1,3809.65,1
40,2,1.54,4,2870.21,0
118,5,9.74,0,7645.26,1
136,5,12.15,31,7943.61,1
49,1,3.8,6,2742.71,0
62,2,22.29,11,1485.51,0
26,4,5.7,23,1632.33,0
139,2,21.8,13,6384.36,0
58,4,3.68,10,4164.19,1
48,1,0.97,24,2322.99,0
117,1,1.37,26,6711.49,1
121,2,10.98,20,5908.64,0
120,3,11.13,1,6946.74,1
131,4,15.9,38,6595.44,1
29,3,16.94,26,1200.0,0
96,4,13.15,6,5639.56,1
148,5,23.81,17,7711.4,1
128,5,8.1,23,8139.16,1
140,2,23.24,10,6075.16,1
70,4,4.1,15,5017.88,1
35,5,20.02,2,1449.08,0
64,5,23.67,17,2715.59,0
130,3,1.47,25,8228.97,1
29,3,20.92,32,1200.0,0
98,4,3.61,3,6428.0,1
144,5,14.69,2,8472.65,1
57,1,19.74,27,1200.0,0
39,3,11.65,12,1992.88,0
104,3,12.12,35,4862.86,1
49,5,8.53,32,2991.25,0
113,5,4.95,19,7509.7,1
106,3,14.41,27,5281.57,0
62,1,13.58,26,2174.7,0
149,5,8.63,27,9106.45,1
28,4,11.6,9,1200.0,0
67,4,3.79,37,4035.13,1
82,3,6.51,23,4950.96,1
90,4,9.14,31,5502.72,1
55,1,24.51,14,1200.0,0
139,2,0.68,10,8758.56,1
51,1,21.35,3,1444.67,0
148,5,20.56,39,7854.39,1
87,3,7.02,39,4475.8,0
37,3,24.73,37,1200.0,0
93,2,19.64,15,3736.68,0
145,2,22.68,37,6006.06,0
38,1,23.58,16,1200.0,0
38,5,19.85,36,1200.0,0
105,1,9.46,3,5547.72,1
111,5,11.29,28,6751.29,1
139,1,17.06,22,6443.44,1
112,3,21.75,19,4947.96,0
115,4,17.79,13,6525.12,1
142,3,5.78,33,8150.55,1
54,4,14.19,36,1833.47,0
93,2,24.18,7,3551.89,0
79,1,7.08,28,3630.44,0
133,5,3.16,1,9161.97,1
58,1,13.1,5,1869.96,0
70,5,15.08,35,3844.01,1
113,4,16.9,12,6362.0,1
75,2,10.16,14,3820.01,0
95,3,4.65,7,5857.8,1
58,4,8.94,2,3663.1,1
45,3,6.55,39,2424.88,0
34,3,3.99,25,2305.36,0
120,2,6.34,27,6916.69,1
146,2,7.89,29,7605.58,1
66,1,8.81,37,2306.35,0
85,5,12.81,21,5060.16,1
123,3,7.41,4,7372.44,1
60,2,0.48,3,4319.17,1
52,3,12.35,16,2090.26,0
98,3,6.72,29,5416.86,1
122,3,5.73,30,7040.79,1
125,4,16.47,1,6969.02,1
124,5,13.13,38,6868.11,1
30,1,21.17,31,1200.0,0
121,1,24.83,3,4644.47,0
146,4,22.98,9,7545.3,1
44,4,12.27,4,2563.68,0
68,1,11.81,17,2830.71,0
112,4,22.35,32,4770.23,0
95,1,9.77,6,4836.48,0
139,2,5.61,2,8240.31,1
64,5,8.83,16,4199.33,1
143,2,16.75,25,7018.26,1
116,5,7.48,35,7099.94,1
80,5,18.35,29,3947.42,1
139,4,4.28,20,8654.15,1
104,3,14.74,33,4705.38,1
25,1,5.84,14,1200.0,0
56,1,7.99,2,2732.38,0
122,3,5.03,39,6984.16,1
68,4,11.18,9,4406.39,0
104,1,14.01,11,4792.91,1
91,3,18.92,25,3608.1,0
39,2,23.58,28,1200.0,0
76,5,19.69,20,3715.24,1
69,5,0.52,31,5282.08,1
142,1,15.9,18,6502.55,1
86,4,21.76,25,3226.59,0
42,3,15.31,2,1200.0,0
137,3,21.77,4,6648.0,1
95,3,23.11,1,4109.47,0
95,2,19.78,4,3979.77,0
62,1,14.33,6,2809.51,0
75,4,6.96,18,4776.88,1
73,1,13.43,9,3157.61,0
78,4,20.02,12,3354.02,1
49,3,15.44,36,1328.64,0
46,1,19.71,31,1200.0,0
133,1,21.49,35,5549.16,0
98,3,10.25,13,5297.53,1
49,4,4.81,15,3618.0,1
144,4,8.83,36,7962.24,1
77,2,15.41,38,2920.19,0
131,3,21.61,0,6625.48,1
30,5,18.09,12,1417.61,0
55,3,6.05,7,3265.16,1
104,2,5.62,24,5480.2,1
88,5,21.38,23,4294.46,1
112,2,10.55,32,5343.02,1
60,4,4.81,37,3422.36,0
82,2,20.28,26,2738.47,0
77,1,1.64,22,4676.74,0
41,2,17.41,15,1200.0,0
103,4,1.2,6,7251.26,1
48,4,1.12,27,3733.22,1
41,4,11.4,29,1745.55,0
100,2,7.99,24,5173.96,1
28,5,1.79,19,2865.6,1
72,4,5.22,22,4613.14,1
116,5,8.43,19,7360.58,1
87,2,24.23,39,2287.8,0
49,5,1.52,16,4197.82,1
93,3,22.65,24,3811.89,0
109,5,0.96,5,8230.93,1
60,4,8.72,22,3767.09,0
55,3,24.07,26,1200.0,0
44,3,23.78,32,1200.0,0
25,4,22.51,8,1200.0,0
99,3,14.92,30,4622.97,1
74,4,16.31,31,3432.9,0
81,1,4.81,38,3874.99,1
116,3,22.53,16,5078.96,1
98,3,6.83,15,5933.26,1
64,5,2.66,2,5386.23,1
107,5,10.74,29,6457.32,1
64,3,21.03,37,1492.66,0
31,1,1.39,37,1417.83,0
76,2,9.79,12,4316.41,1
86,4,21.46,3,4088.12,0
44,3,24.79,11,1200.0,0
45,1,13.9,19,1240.55,0
120,1,16.68,0,5863.56,0
46,1,10.72,33,1200.0,0
108,4,4.06,20,7299.03,1
81,2,2.62,27,5002.01,1
127,3,11.4,17,6663.4,1
144,3,19.09,19,7411.47,1
115,3,18.12,2,6005.66,0
47,4,22.5,6,1753.78,0
131,4,6.74,0,8403.32,1
49,5,11.22,10,3113.04,1
28,5,0.96,31,2828.8,0
91,1,24.06,10,3012.41,0
142,2,20.04,2,6986.37,1
37,4,20.6,0,1408.58,0
120,3,0.6,32,7767.35,1
47,4,8.93,7,3091.21,0
132,1,19.27,35,5257.38,0
35,2,0.63,35,2050.06,0
43,3,22.45,1,1200.0,0
69,2,12.07,4,3604.5,0
119,1,22.83,18,4255.27,0
106,2,18.76,32,4421.17,0
77,1,5.81,33,3717.77,0
87,3,12.0,17,4473.28,1
89,3,1.43,10,6231.78,1
30,4,10.82,10,1338.94,0
30,5,24.73,27,1200.0,0
129,5,22.27,3,7254.41,1
141,3,12.64,6,8015.83,1
65,5,16.4,4,3308.23,1
36,3,20.14,32,1200.0,0
42,3,16.43,23,1200.0,0
130,1,21.11,6,5491.56,1
120,2,19.87,32,5106.42,0
80,4,11.26,26,4327.25,1
118,4,11.49,5,7242.54,1
141,2,11.7,8,7492.16,1
96,2,18.49,19,4136.61,0
36,2,4.36,12,2468.89,0
94,5,18.98,8,5297.13,1
73,1,2.71,24,3865.38,0
49,1,20.13,7,1200.0,0
75,5,24.21,35,2670.36,0
95,1,8.37,10,5068.66,0
138,5,1.93,3,9551.7,1
65,5,11.6,9,4180.62,1
54,2,5.84,0,3409.72,1
51,4,1.86,39,3539.35,1
134,5,20.85,2,7523.93,1
119,4,9.25,9,7061.38,1
52,3,16.8,15,1737.29,0
32,4,20.26,7,1200.0,0
98,1,3.14,11,5859.27,1
134,3,24.43,27,5812.84,0
68,3,18.53,14,2868.55,0
59,3,6.79,7,3783.79,1
76,1,8.91,24,3611.56,0
25,2,15.53,32,1200.0,0
100,2,20.9,16,3865.14,0
66,5,20.68,2,3669.66,1
135,1,6.14,35,6822.4,1
123,1,10.91,37,5580.31,0
49,4,14.88,17,2181.83,0
92,4,5.19,22,5915.88,1
94,4,15.42,3,5325.48,1
86,3,22.34,16,3276.82,0
43,2,4.71,39,2114.11,0
74,5,9.83,16,4703.45,1
62,4,4.63,15,4632.66,1
48,3,14.73,37,1316.84,0
30,1,21.49,39,1200.0,0
95,2,9.08,11,5216.29,1
144,4,4.07,19,8840.9,1
32,5,18.99,27,1200.0,0
102,1,17.41,11,4381.07,0
92,4,17.2,33,4027.87,1
65,1,5.0,5,3171.77,0
117,2,21.5,16,4691.6,0
136,4,8.35,30,8569.57,1
72,2,20.75,22,2112.22,0
82,2,17.54,26,3221.22,0
78,2,22.83,19,2225.6,0
36,5,23.24,33,1200.0,0
115,5,22.47,6,6074.65,1
29,5,14.61,39,1200.0,0
80,1,21.18,30,1827.47,0
30,2,3.09,14,2274.44,0
148,3,9.72,32,8128.75,1
52,5,22.23,38,2075.89,0
79,3,1.79,8,5256.79,1
80,1,12.43,8,3741.82,0
93,1,20.89,30,2954.85,0
134,2,17.91,31,6037.19,0
146,4,13.85,35,8382.85,1
100,5,2.21,17,7068.98,1
25,5,11.87,37,1200.0,0
101,2,10.78,30,5121.62,0
115,2,22.3,22,4778.81,0
112,1,23.12,38,3531.88,0
141,3,5.88,5,8721.94,1
90,1,9.58,7,4415.36,0
106,2,4.68,1,6438.57,1
53,5,24.96,9,2284.09,0
96,5,14.08,16,5874.36,1
138,5,19.19,18,7512.95,1
57,2,13.08,15,2696.68,0
46,4,16.91,24,1615.43,0
114,2,15.82,1,5731.29,1
86,4,15.25,11,4608.64,1
59,5,10.95,12,3942.91,1
94,4,15.01,12,4994.35,1
134,5,22.88,35,6599.18,1
148,5,17.23,24,8301.18,1
28,2,11.58,32,1200.0,0
78,3,5.2,15,4994.42,1
140,3,23.25,29,5768.12,1
73,4,8.84,17,4202.58,1
84,4,1.39,14,6153.62,1
36,5,13.35,30,2018.98,0
90,1,1.06,26,4864.81,0
97,1,7.35,28,4522.86,1
134,3,8.37,29,7696.07,1
146,3,18.16,18,7443.24,1
38,4,3.29,32,2741.76,0
95,2,11.28,12,4867.89,0
130,5,15.35,3,7887.77,1
122,1,15.25,37,5455.12,0
49,1,4.55,6,2728.96,0
102,4,11.0,25,5945.34,0
129,1,11.75,12,6264.28,1
86,4,9.2,32,4535.08,1
66,2,15.15,23,2798.29,0
128,5,8.12,39,7391.9,1
48,4,17.13,26,1774.17,0
44,2,13.89,30,1200.0,0
85,3,15.67,20,3831.71,1
67,2,20.29,22,1945.77,0
37,5,3.1,14,3756.27,1
97,4,23.67,26,4043.41,0
58,3,10.93,24,2587.98,0
96,4,23.72,11,4221.56,0
61,1,2.43,2,3775.45,0
56,1,20.52,6,1394.14,0
102,3,24.84,5,4175.37,0
110,3,14.32,38,5505.85,0
77,3,23.88,12,2839.73,0
149,3,22.56,6,7324.05,1
95,1,6.94,34,4686.66,0
91,5,1.99,17,6572.98,1
48,3,7.01,10,2915.5,1
122,5,17.14,3,7470.36,1
108,5,1.83,18,7765.6,1
93,5,15.72,29,5373.65,1
35,1,3.49,14,1576.28,0
144,2,16.82,22,7152.21,1
145,5,5.56,25,9017.22,1
149,5,5.9,33,9158.65,1
126,4,21.97,34,5582.14,0
51,5,6.32,28,3230.48,1
52,5,6.25,14,4172.33,1
42,3,11.8,4,2277.44,0
97,2,9.37,27,4780.14,1
143,1,1.81,15,8138.81,1
104,2,10.95,35,4754.97,1
141,1,7.07,5,8058.68,1
83,5,24.57,24,3533.96,0
47,3,19.61,10,1966.31,0
83,3,21.99,33,2555.81,0
50,3,9.49,2,2702.14,0
31,4,19.58,18,1200.0,0
94,1,23.53,29,2496.76,0
27,1,5.92,9,1618.4,0
131,3,9.14,29,7206.54,1
123,4,8.36,11,7574.8,1
109,1,21.54,21,3599.23,0
36,3,21.16,27,1200.0,0
80,2,3.13,29,4738.84,1
106,4,20.15,18,5021.21,1
128,3,22.87,22,5869.63,1
110,1,9.8,16,5952.21,0
92,4,20.56,35,4060.3,0
57,4,20.85,8,2437.52,0
88,4,2.9,10,6298.32,1
126,5,19.59,8,7494.81,1
48,1,23.1,33,1200.0,0
124,3,23.82,30,5398.42,0
126,5,2.61,33,8167.9,1
86,1,23.99,35,1853.34,0
91,2,0.75,24,5420.23,1
92,1,17.11,1,4104.75,0
116,3,22.28,5,5503.68,0
98,1,5.61,33,4964.37,1
99,4,6.18,26,5816.53,1
55,1,3.43,28,2784.19,0
128,2,18.97,17,6011.94,1
76,3,21.18,23,2584.76,0
81,1,17.38,5,3223.8,0
48,3,12.14,27,2011.68,0
118,3,16.64,17,6006.74,1
131,4,20.1,1,7100.68,1
142,1,23.0,2,5771.38,1
108,1,19.68,6,4490.66,0
133,5,15.81,3,7855.85,1
121,3,4.89,30,7008.05,1
77,2,15.86,26,3098.23,0
72,4,19.04,29,2786.05,0
60,3,8.29,19,3282.53,1
101,5,15.89,35,5540.98,1
28,3,1.45,10,1797.82,0
111,2,9.93,6,6319.86,1
84,5,2.37,5,6477.49,1
102,4,15.08,11,5684.12,1
122,3,14.91,17,6311.17,1
79,4,19.11,39,2995.81,0
122,1,18.41,32,4981.11,0
91,3,20.16,23,3678.42,0
105,5,16.83,8,6104.3,1
85,3,21.34,33,3423.94,0
100,3,20.33,22,4199.76,0
102,5,24.52,36,4542.45,0
124,2,4.09,4,7926.95,1
133,4,2.3,11,9023.62,1
56,3,11.3,24,2757.29,0
119,4,7.97,5,7790.12,1
51,5,13.69,30,2572.19,0
59,3,19.3,15,2153.43,0
123,2,19.59,29,5588.8,0
97,4,11.38,4,5850.35,1
126,1,9.44,27,6239.0,1
117,3,1.1,37,7333.12,1
37,3,23.47,29,1200.0,0
112,4,3.28,19,7494.25,1
56,1,9.07,21,2722.6,0
55,2,16.43,36,1200.0,0
124,5,21.76,20,6483.02,1
44,2,22.53,7,1200.0,0
25,4,12.18,30,1200.0,0
44,4,13.52,21,2036.27,0
71,3,19.6,33,2288.71,0
139,1,4.94,15,7548.11,1
94,2,7.2,36,4327.63,0
39,3,15.63,2,1803.71,0
57,2,19.63,23,1373.55,0
111,5,19.19,8,6219.18,1
91,5,2.41,26,6281.52,1
130,1,22.06,31,5035.06,0
130,2,5.61,21,7367.04,1
31,3,4.68,18,2144.62,0
113,4,1.22,4,7610.14,1
104,5,4.86,30,6611.08,1
42,4,10.81,12,2788.8,0
64,5,11.55,12,4224.38,1
42,5,23.62,10,1392.96,0
102,1,17.9,22,4060.99,0
32,2,16.94,34,1200.0,0
74,4,10.73,4,4420.73,1
83,1,19.73,29,2675.84,0
54,5,10.94,17,3354.71,1
126,3,7.69,20,7339.2,1
149,2,9.63,8,8358.83,1
44,5,5.48,10,3322.89,1
109,5,20.06,28,5299.24,1
43,3,11.43,16,2073.22,0
123,1,14.53,33,5154.29,0
108,1,21.5,15,3968.13,0
148,3,20.63,4,7279.64,1
118,3,19.14,37,5043.67,0
64,4,4.06,6,4372.05,1
55,2,20.27,37,1200.0,0
142,3,20.13,1,7211.34,1
35,4,22.53,2,1200.0,0
35,3,9.04,14,1809.33,0
36,2,6.77,24,1400.85,0
123,4,11.92,22,6790.16,1
145,4,21.08,0,7947.19,1
138,4,1.67,26,9165.82,1
75,4,21.0,8,3314.59,0
51,3,11.58,35,2220.84,0
34,2,0.39,39,1729.52,0
140,2,13.72,13,7527.47,1
26,4,7.42,35,1489.6,0
32,4,11.26,16,1646.55,0
97,2,23.29,26,3776.05,0
140,3,0.84,24,8796.17,1
61,3,17.3,23,2502.23,0
62,3,24.89,0,1942.12,0
25,3,8.52,5,1200.0,0
98,4,15.41,8,5523.3,1
97,4,7.36,37,5404.64,1
28,2,0.69,30,1716.63,0
76,1,12.35,13,3193.98,0
71,5,18.72,9,3537.64,0
38,2,21.46,14,1200.0,0
123,5,3.93,15,8496.64,1
62,2,7.83,9,3038.22,0
33,5,5.48,39,2134.8,0
104,5,18.68,31,5381.69,1
60,3,13.76,25,2581.98,0
109,2,4.51,6,6510.47,1
54,2,6.11,8,3372.24,0
147,4,20.62,0,8012.69,1
53,3,4.71,13,3404.18,1
137,4,11.72,31,7293.0,1
149,3,17.44,14,7582.4,1
78,5,6.3,11,5412.43,1
75,5,16.65,38,3375.72,0
100,5,6.57,10,6486.74,1
103,3,6.22,12,6599.87,1
62,3,22.73,3,2191.32,0
81,3,14.0,37,3643.01,0
131,1,12.27,27,6299.52,1
39,1,23.91,13,1200.0,0
82,4,14.87,26,3917.52,1
56,1,20.91,10,1200.0,0
88,4,3.06,36,5786.1,1
110,4,10.03,27,6181.93,1
107,1,5.68,8,6368.23,1
45,1,6.33,7,2419.51,0
38,5,14.64,9,2044.4,0
138,2,23.35,17,6269.1,0
136,3,9.02,10,7959.73,1
139,1,16.56,33,6033.81,1
147,1,21.3,5,6361.66,1
64,5,1.23,28,5118.43,1
126,3,0.42,25,7849.06,1
99,4,24.56,35,3897.9,0
84,5,21.4,23,4069.86,0
136,1,19.85,8,6189.01,1
149,4,14.56,16,7973.3,1
48,2,24.17,20,1200.0,0
36,3,9.11,24,1806.53,0
122,5,1.5,26,8332.13,1
98,1,4.89,37,4702.25,1
129,4,3.31,15,8878.59,1
25,1,16.72,15,1200.0,0
71,3,6.58,32,3968.9,0
33,4,1.52,3,2900.47,1
68,4,18.26,32,2536.07,0
40,3,16.94,16,1200.0,0
108,3,15.12,6,5613.65,1
122,1,16.87,0,5855.81,0
109,1,1.5,37,6258.04,1
97,5,24.41,38,3933.49,0
148,5,8.99,12,9529.79,1
73,2,15.61,31,2628.84,0
120,2,15.7,0,6208.01,1
34,5,7.83,25,2384.15,0
114,2,17.65,2,5338.95,1
122,2,3.69,2,7476.94,1
38,3,23.42,29,1200.0,0
51,4,16.15,9,2653.42,0
81,1,22.23,30,1877.7,0
39,2,4.93,37,1803.32,0
75,2,16.62,32,2467.86,0
147,1,11.45,28,6991.58,1
114,2,8.8,32,5942.16,1
48,1,24.08,5,1200.0,0
133,4,5.69,33,7915.04,1
30,5,14.58,27,1200.0,0
147,3,11.59,3,8662.91,1
109,1,22.95,12,4334.98,0
59,4,22.39,5,2287.7,0
90,4,5.65,19,5942.85,1
41,3,21.16,14,1200.0,0
47,2,24.05,23,1200.0,0
26,1,14.76,23,1200.0,0
94,5,10.43,7,6154.65,1
27,3,12.56,22,1200.0,0
119,3,15.83,15,6121.71,1
41,3,0.61,31,2622.58,1
132,2,8.28,22,7352.23,1
146,3,17.67,1,7724.2,1
65,1,13.37,10,2434.21,0
113,4,7.22,19,6627.82,1
62,1,0.76,39,3050.02,0
82,1,18.38,28,2965.71,0
25,5,16.97,20,1200.0,0
29,1,15.76,6,1200.0,0
69,1,6.75,38,2353.61,0
95,1,13.44,2,4673.41,0
61,4,3.98,32,3508.92,1
90,2,23.11,30,3083.56,0
59,1,4.48,16,2927.68,0
121,2,13.92,5,6131.75,1
147,3,18.15,10,7231.19,1
115,5,20.06,6,6446.44,1
49,4,13.5,21,2123.22,0
110,4,1.27,4,7972.79,1
58,4,12.03,32,2756.71,1
91,1,7.36,11,4627.33,1
89,5,15.81,18,5064.17,1
65,1,14.93,38,1799.04,0
135,1,14.95,18,6402.55,1
124,3,24.74,8,5971.49,0
54,3,17.43,30,1828.3,0
27,1,2.53,8,1495.27,0
129,5,12.99,29,7358.77,1
123,4,14.92,27,6364.83,1
51,1,20.46,22,1200.0,0
45,5,5.11,22,3088.22,1
92,5,10.4,16,6037.52,1
103,2,1.19,10,6390.94,1
61,3,8.41,10,3490.84,1
71,2,0.84,17,4520.36,1
120,3,1.34,5,7995.97,1
42,3,1.47,37,2750.05,0
94,2,14.64,37,4015.22,0
131,2,12.83,11,7199.74,1
132,2,9.19,39,6954.54,1
146,4,21.16,10,7714.71,1
62,1,14.63,14,2077.91,0
26,2,10.88,2,1200.0,0
129,3,3.56,37,7718.86,1
122,1,7.31,19,6082.42,1
127,2,4.44,39,7069.98,1
78,5,17.49,0,4748.59,1
34,3,7.83,18,2183.37,0
149,2,13.21,8,8249.08,1
85,4,20.69,38,3022.62,0
77,5,19.23,26,3597.1,0
72,1,21.18,24,1691.11,0
33,1,2.58,37,1200.0,0
146,4,16.76,30,7876.71,1
50,5,2.08,11,4429.56,1
96,3,16.94,11,4658.57,1
117,2,4.4,24,6844.63,1
58,3,3.89,39,3574.37,1
144,3,14.07,31,7375.43,1
40,2,8.18,30,1807.08,0
59,4,20.41,26,2378.09,0
49,2,23.01,20,1200.0,0
81,4,5.19,17,5323.98,1
105,2,21.27,36,3684.64,0
66,1,10.93,13,2809.67,0
77,4,14.76,7,4314.63,1
116,4,6.07,11,7515.47,1
72,3,13.42,26,3197.45,0
101,5,21.41,38,4700.76,0
31,4,20.42,38,1200.0,0
33,1,22.37,34,1200.0,0
54,4,19.44,35,1513.78,0
58,2,23.77,2,1482.09,0
145,5,2.24,32,10264.7,1
64,5,20.64,33,2268.4,0
97,3,19.99,0,4861.46,0
31,5,17.86,6,1450.81,0
44,3,21.96,21,1200.0,0
141,1,15.75,34,6428.47,1
79,4,10.19,25,4487.42,1
121,4,14.62,36,6307.24,1
91,1,10.58,17,4597.1,0
50,4,8.28,23,3075.78,0
64,3,18.32,12,2569.71,0
134,5,5.71,25,8801.44,1
59,3,16.88,19,2063.29,0
121,2,10.94,33,6338.86,1
75,2,6.18,2,4578.02,1
149,1,9.52,26,7510.1,1
122,5,14.15,7,7170.45,1
109,1,3.5,14,6365.4,1
125,4,8.43,20,7567.26,1
147,4,2.79,38,8901.99,1
40,5,9.75,19,2415.65,1
50,1,13.42,30,1200.0,0
96,3,7.86,15,5712.32,1
134,5,18.83,34,6906.85,1
25,3,2.54,22,1603.04,0
33,2,1.28,14,2655.06,0
141,3,3.79,11,8825.73,1
121,2,16.6,27,5561.42,0
119,4,15.38,30,6280.24,1
76,5,7.52,15,5114.24,1
128,4,20.81,36,6064.71,1
48,5,4.67,33,3547.73,0
134,5,14.96,35,7528.26,1
122,1,5.46,31,6524.11,1
61,2,0.78,20,3693.7,0
128,3,24.73,20,5739.47,0
30,4,0.76,25,2391.97,0
127,5,24.75,33,5642.63,1
124,1,20.83,25,4776.6,1
132,3,21.07,38,5786.41,0
123,2,19.03,13,5646.85,1
96,2,24.36,33,2832.93,0
89,1,1.9,35,5134.49,0
122,3,1.04,2,8486.54,1
48,2,11.48,1,2580.05,0
36,2,19.88,6,1200.0,0
111,5,13.03,21,6655.59,1
146,5,2.25,19,10055.4,1
44,5,24.12,2,1915.29,0
27,3,14.95,8,1200.0,0
105,4,17.02,29,5393.95,0
123,4,1.85,38,8140.06,1
136,5,7.75,6,8619.79,1
111,2,2.67,23,6655.63,1
35,3,12.49,38,1200.0,0
93,3,6.58,10,5896.71,1
42,3,3.37,9,3470.23,1
88,2,15.63,21,4211.07,1
27,3,8.83,25,1200.0,0
34,1,14.74,0,1200.0,0
123,1,10.29,10,6850.63,1
32,3,4.98,32,1582.34,0
98,3,10.17,24,5055.39,0
35,3,15.4,34,1200.0,0
101,3,12.88,9,5293.56,1
88,1,9.5,2,4290.46,1
79,4,3.07,10,5501.98,1
67,1,20.78,29,1624.89,0
32,1,17.69,13,1200.0,0
113,3,7.9,38,6278.42,1
68,5,9.84,13,4357.4,1
41,2,18.54,25,1200.0,0
37,4,11.67,10,1935.38,0
141,4,23.4,10,7279.77,1
146,4,16.79,36,7577.73,1
63,5,20.68,34,2188.6,0
101,1,16.2,20,3773.33,0
76,1,22.62,20,1417.3,0
90,3,24.11,37,2977.3,0
48,4,0.6,3,4012.72,1
75,1,4.46,9,4060.69,1
68,3,11.9,10,3509.09,0
66,5,8.91,9,4591.95,1
90,5,6.85,22,5667.53,1
135,2,8.32,20,7428.92,1
39,3,18.45,39,1200.0,0
25,2,0.8,20,1754.67,0
71,3,20.36,27,2818.89,0
61,1,6.22,17,2676.97,0
105,1,20.18,21,3649.67,0
113,3,20.42,22,5030.74,1
146,1,13.1,17,7300.55,1
29,3,16.13,25,1200.0,0
132,1,12.0,4,6914.52,1
40,4,24.03,0,1200.0,0
30,3,17.09,35,1200.0,0
149,1,16.89,17,7164.11,1
143,3,11.36,1,8632.98,1
52,4,7.8,24,3093.42,0
33,3,11.83,24,1200.0,0
130,1,1.83,12,7618.13,1
127,5,19.72,9,7017.79,1
68,4,7.53,30,3517.91,1
46,2,14.57,1,1755.35,0
144,2,9.82,7,7852.43,1
143,5,10.5,11,8687.61,1
45,4,19.92,13,1790.99,0
69,4,18.73,37,2477.48,0
122,2,21.25,15,5076.87,0
145,4,4.62,37,8895.17,1
106,4,20.65,36,4844.47,0
32,3,1.89,35,2184.07,0
59,5,18.27,27,2929.52,0
137,1,3.1,11,8015.31,1
47,5,20.55,38,1835.53,0
139,3,1.57,21,8505.53,1
58,3,20.88,13,1797.82,0
57,4,17.5,37,2202.26,0
55,3,4.27,4,3668.94,1
149,2,20.51,10,7130.64,1
116,3,24.51,34,4469.45,0
37,1,9.99,38,1200.0,0
44,5,15.07,23,2564.22,0
34,3,3.66,33,1807.5,0
25,5,13.8,11,1596.01,0
90,4,15.97,5,5126.28,1
68,2,2.22,29,4069.6,0
126,3,1.95,11,7938.87,1
56,5,10.46,13,3847.18,1
145,5,22.26,33,7107.66,1
32,3,6.19,15,2118.82,0
134,4,6.91,30,7763.44,1
87,5,12.46,16,5320.85,1
149,3,4.01,35,8846.09,1
124,5,6.94,2,8926.94,1
101,4,7.28,4,6770.83,1
52,2,15.82,10,2165.15,0
127,2,15.46,27,6479.09,1
80,4,2.79,25,5261.89,1
72,4,0.56,19,4977.94,1
79,5,15.74,17,4692.13,1
123,5,20.57,5,6819.39,1
64,3,23.0,29,1385.21,0
147,2,9.31,25,7952.75,1
31,1,12.72,21,1200.0,0
61,1,21.04,23,1445.19,0
75,2,3.4,28,4296.7,1
83,4,10.18,31,4231.08,0
35,1,7.47,25,1200.0,0
54,1,8.38,7,2316.7,0
80,5,18.64,33,3856.91,0
123,2,12.17,9,6359.19,1
110,3,17.09,35,5239.45,1
66,3,17.55,11,2739.25,0
141,2,24.28,1,6305.68,1
25,5,2.39,21,2646.25,1
34,4,6.47,30,1612.76,0
78,1,16.81,36,2142.49,0
115,2,6.85,22,6687.83,1
37,5,22.41,28,1200.0,0
59,2,16.51,26,1844.83,0
134,1,17.68,2,6444.05,1
149,2,13.98,11,7499.08,1
131,5,17.39,19,7505.58,1
99,2,23.76,3,3544.74,0
42,3,1.79,0,3400.66,1
103,1,3.17,11,5781.28,1
57,2,10.4,14,2684.66,0
79,4,19.22,38,3157.02,0
137,3,24.73,14,6337.04,1
92,2,14.13,2,4596.34,1
107,4,15.97,17,6407.04,1
34,4,24.29,4,1200.0,0
108,2,19.04,37,4105.56,0
123,1,2.65,27,6714.84,1
68,1,4.66,37,3373.59,0
109,4,16.9,12,5392.63,1
64,5,12.53,14,3847.36,1
32,5,18.53,14,1286.26,0
28,3,4.78,19,1953.27,0
148,3,0.48,25,9558.06,1
85,2,20.67,39,2746.12,0
121,1,2.94,19,7209.98,1
147,3,8.76,31,8333.81,1
97,1,22.52,23,3227.4,0
70,5,20.29,3,3832.91,0
101,4,18.52,19,5120.96,1
113,1,5.34,3,6646.51,1
67,5,23.39,36,2516.74,0
52,3,12.68,11,2808.64,0
60,3,24.72,5,1786.97,0
111,4,19.48,20,5672.99,1
120,5,16.82,29,6755.8,1
129,5,11.79,39,7599.89,1
92,5,5.15,7,6792.81,1
45,3,5.47,37,2344.84,0
74,5,2.69,16,5501.77,1
128,4,16.93,13,7013.52,1
112,3,8.47,6,6758.63,1
43,5,14.9,35,2045.62,0
80,1,1.58,25,4060.46,0
104,2,5.44,2,6597.68,1
37,3,14.79,26,1233.07,0
44,4,10.73,18,2784.47,0
41,1,5.54,30,1477.55,0
90,1,3.23,4,5413.79,1
27,5,24.47,3,1200.0,0
86,2,17.08,20,3602.45,0
32,4,16.28,27,1200.0,0
91,1,6.39,39,3966.81,0
103,4,17.17,17,5217.14,1
140,5,3.86,23,9119.8,1
41,4,24.62,28,1200.0,0
77,4,13.9,37,3557.5,1
92,3,6.05,23,5568.4,1
63,3,23.03,15,2318.43,0
53,4,7.99,20,2790.53,1
108,5,5.8,26,6941.21,1
83,2,10.84,12,4438.54,1
33,3,16.83,36,1200.0,0
145,1,5.45,34,7793.79,1
81,4,4.06,16,5275.52,1
75,1,14.72,35,2716.06,0
124,1,24.7,7,5352.53,0
70,2,13.35,13,3146.39,0
70,5,8.3,28,3992.6,1
122,5,0.8,12,8489.43,1
36,2,10.14,28,1200.0,0
55,1,2.02,38,2539.35,0
111,5,12.67,17,6872.66,1
35,4,4.96,7,2667.28,0
104,2,20.36,36,3864.53,0
127,4,1.75,32,7817.36,1
122,2,8.82,8,6342.07,1
59,3,17.97,26,2013.76,0
149,5,1.0,19,10316.72,1
96,2,8.65,33,4755.74,1
54,4,17.17,0,2415.17,0
32,4,13.21,11,1594.37,0
54,3,4.83,24,3049.62,1
126,4,11.96,17,7074.94,1
74,5,1.09,27,5657.51,1
77,4,24.45,39,2492.6,0
97,3,12.49,6,4967.22,1
119,4,17.63,9,6599.34,1
81,2,3.97,22,4479.27,0
33,3,17.48,7,1200.0,0
120,3,23.2,34,4678.32,0
71,4,18.3,37,3085.03,0
127,1,5.4,33,6404.48,1
71,5,13.18,14,4242.18,1
56,5,6.48,5,4288.59,1
119,5,15.07,9,7127.58,1
109,1,15.29,7,5209.0,0
133,1,24.99,18,5144.57,0
30,2,21.61,13,1200.0,0
84,5,1.33,34,5623.71,1
126,5,4.67,6,8680.32,1
94,2,3.02,6,6078.41,1
121,2,3.19,24,6910.91,1
43,3,20.44,39,1200.0,0
109,5,7.85,4,7483.82,1
89,2,22.96,22,3314.33,0
63,3,11.39,8,3317.63,0
41,1,3.16,24,2100.35,0
41,4,1.98,6,3703.03,1
69,4,2.34,8,5295.83,1
109,2,19.4,32,4114.15,0
125,3,11.59,27,6679.25,1
88,1,1.78,25,4906.84,0
101,1,19.84,25,3433.17,0
38,2,4.92,29,1579.35,0
138,1,7.46,5,7861.36,1
27,4,4.11,26,1973.38,0
79,1,14.99,27,3066.36,0
135,4,9.85,12,8015.98,1
90,2,5.64,9,5662.86,1
109,3,22.94,8,4599.09,0
78,4,20.05,11,3706.27,0
147,1,16.11,23,6511.69,1
60,1,14.05,7,2395.98,0
141,2,10.57,19,7388.96,1
97,2,5.84,31,5489.58,0
85,2,2.16,19,5481.33,1
88,4,5.64,28,5175.38,1
107,5,23.92,16,5216.43,1
29,3,19.88,22,1200.0,0
143,2,7.86,15,7558.29,1
97,3,4.97,26,5485.46,0
116,4,24.76,1,5759.58,1
35,2,4.31,18,2262.47,0
46,3,21.57,23,1200.0,0
77,4,11.24,17,4494.13,0
43,4,11.48,24,2213.2,0
51,2,6.52,16,2738.28,0
67,1,23.42,24,1389.88,0
47,5,21.98,21,1807.51,0
54,5,15.05,26,3168.65,0
74,1,13.72,26,2641.18,0
39,2,8.34,14,2457.45,0
110,3,19.95,9,5270.92,1
98,2,12.92,30,4441.57,0
104,3,21.45,19,4284.16,1
89,5,14.82,10,5152.84,1
80,3,22.05,10,2914.38,0
113,2,18.11,33,4853.79,0
98,4,15.03,35,4693.79,1
39,4,13.35,27,1545.29,0
77,4,24.5,27,2811.46,0
116,5,20.7,15,6233.79,1
92,5,21.78,19,4087.6,1
121,5,20.61,11,6252.72,1
94,4,0.65,15,6567.35,1
143,5,22.0,12,7868.14,1
33,3,3.71,27,1929.6,1
147,3,10.51,29,8337.79,1
28,3,1.49,12,2489.88,0
106,3,11.68,20,5821.37,1
145,1,17.46,4,7072.67,1
71,1,10.79,25,2566.2,0
98,2,24.6,1,3653.68,0
87,2,23.77,20,2548.61,0
127,1,15.14,27,5474.75,1
50,5,19.85,11,2118.8,0
26,1,15.5,34,1200.0,0
137,4,20.61,11,7185.81,1
104,5,23.86,38,4701.91,0
110,1,13.15,21,4880.66,0
81,1,22.28,22,2264.25,0
39,4,13.43,18,2191.56,0
76,1,12.3,0,3770.43,0
88,4,3.13,13,6066.3,1
133,4,17.45,19,7462.83,1
95,1,7.74,32,4114.41,1
33,3,2.55,39,1679.9,0
65,3,9.3,32,2972.33,0
34,2,13.19,25,1200.0,0
76,1,7.36,30,3416.34,0
65,1,24.86,15,1200.0,0
30,4,9.3,16,2123.76,0
95,5,14.76,0,5744.05,1
104,2,15.9,8,4739.74,1
56,5,4.94,2,4652.44,1
58,2,13.5,23,2306.03,0
114,5,8.68,27,7130.94,1
119,2,6.03,8,7120.75,1
104,1,24.54,16,3222.93,0
73,5,14.65,5,4308.99,1
115,4,23.06,28,5506.91,0
36,3,21.01,6,1200.0,0
40,4,2.18,14,3089.99,1
132,1,10.22,7,7102.13,1
38,4,1.09,38,2527.96,1
42,5,15.1,31,1966.65,0
83,1,19.35,23,2474.77,0
140,4,9.04,12,8611.41,1
29,2,10.87,6,1200.0,0
149,3,13.8,34,7833.27,1
87,5,16.64,32,4678.99,1
140,5,1.14,18,9813.42,1
79,3,18.65,36,2980.85,0
26,5,6.06,29,1979.18,1
58,1,16.4,14,1599.75,0
108,2,3.82,35,6132.74,1
35,5,18.63,13,1401.11,0
54,3,7.89,33,2546.98,0
119,5,19.67,38,6105.3,1
117,3,11.31,21,6469.5,1
113,4,13.17,2,6576.4,1
137,3,10.83,22,7660.24,1
110,4,24.91,24,5079.93,0
110,4,3.73,4,7498.86,1
62,4,4.48,31,3999.48,1
48,4,15.51,11,2419.15,0
119,3,20.31,13,5837.05,1
76,4,1.93,27,4966.71,1
28,4,18.49,20,1200.0,0
78,1,19.56,27,2105.95,0
99,2,12.64,28,4562.05,0
40,2,19.99,26,1200.0,0
103,2,12.82,11,5190.43,0
139,5,12.14,22,8203.9,1
143,4,21.4,11,7000.91,1
101,5,3.48,31,6890.48,1
51,1,22.16,22,1200.0,0
57,5,14.32,4,3301.4,1
97,4,10.71,10,5974.63,1
65,1,1.53,13,3760.48,0
145,5,5.49,26,9184.94,1
66,2,19.74,19,2156.38,0
102,5,8.94,15,6556.96,1
72,1,21.77,9,2212.79,0
97,1,4.98,19,5033.89,0
84,1,17.39,39,2710.58,0
128,2,0.34,20,8144.49,1
138,3,5.51,23,7997.29,1
117,1,19.28,0,4870.45,0
101,1,11.15,36,4668.39,0
26,2,11.74,30,1200.0,0
34,5,15.27,29,1200.0,0
126,3,5.96,23,7565.45,1
58,3,12.8,29,2543.54,0
96,5,13.73,16,6472.69,1
112,1,10.34,5,5863.24,1
66,5,24.35,6,3196.09,0
136,5,15.84,23,7902.16,1
149,1,3.73,9,8929.35,1
40,1,20.85,19,1200.0,0
104,5,12.47,0,7132.78,1
59,2,14.19,8,2644.0,0
122,3,15.41,14,6736.62,1
120,2,18.78,10,5739.02,0
45,1,16.39,1,1327.91,0
30,1,12.33,30,1200.0,0
125,3,7.54,25,7119.47,1
149,4,18.2,27,7322.08,1
60,2,7.06,0,3405.7,1
98,1,8.56,32,4666.42,0
96,3,18.88,24,4092.61,0
51,5,5.26,39,3665.82,1
83,2,4.76,1,4935.66,1
85,4,14.57,0,5044.2,1
132,2,6.56,30,6969.64,1
113,1,0.91,7,6605.53,1
66,5,13.88,16,3657.35,1
47,1,5.67,31,2062.99,0
65,1,8.66,8,3355.41,0
109,2,19.71,36,4294.09,0
27,5,15.04,38,1200.0,0
54,3,14.84,2,2398.35,0
69,1,14.35,36,2143.41,0
41,5,10.49,15,2292.13,0
93,4,15.5,4,5068.15,1
37,4,18.44,7,1442.98,0
74,4,7.56,7,4953.59,1
47,1,14.99,5,1224.13,0
113,4,2.96,25,7142.29,1
91,5,22.63,30,3848.34,0
43,2,21.21,38,1200.0,0
130,2,17.37,13,6165.26,1
64,1,19.77,20,1482.59,0
73,3,5.21,22,3888.7,0
104,2,13.82,23,5325.4,1
52,1,19.55,32,1200.0,0
71,2,2.98,23,4219.05,1
98,1,5.03,2,5474.54,1
146,1,20.59,9,6584.7,1
55,1,4.13,26,2696.9,0
33,4,11.24,22,2067.75,0
101,3,12.18,25,5859.47,1
122,5,19.01,31,6378.88,1
84,1,14.78,39,3019.09,0
120,3,2.35,13,7738.48,1
97,5,19.85,25,4856.45,1
51,1,22.44,39,1200.0,0
30,4,11.05,33,1545.9,0
57,5,22.22,10,2748.39,0
117,1,4.88,4,6669.53,1
44,2,21.53,6,1200.0,0
126,3,4.28,28,7420.85,1
120,4,18.6,14,6065.64,1
148,4,11.8,0,9478.46,1
42,1,14.6,21,1200.0,0
65,4,14.94,33,2844.7,0
93,2,16.83,14,4340.76,0
56,5,9.91,26,3534.39,0
28,3,3.56,17,1983.45,0
38,1,20.25,34,1200.0,0
38,5,23.61,1,1723.11,0
125,5,21.51,7,6894.69,1
140,2,0.37,24,8545.05,1
128,2,8.78,8,7018.74,1
34,2,12.02,10,1303.28,0
51,3,19.86,13,1656.4,0
120,4,19.7,8,6388.49,1
71,5,20.98,20,3542.29,1
96,2,9.23,33,4632.6,0
27,4,0.9,6,2658.32,1
142,3,23.46,27,6376.77,1
146,3,19.87,38,6523.23,1
136,3,17.81,36,6038.35,1
46,5,16.41,38,1847.03,0
101,3,8.27,24,5793.66,1
131,4,1.06,8,8911.43,1
100,5,14.61,16,5248.13,1
114,4,23.11,18,5611.12,1
30,4,3.17,2,2545.04,1
38,5,17.36,38,1200.0,0
149,2,3.67,21,8815.24,1
63,4,6.95,16,3868.33,0
76,4,5.99,32,4466.52,1
41,4,4.06,8,3292.96,1
60,1,15.18,15,1652.02,0
84,5,12.63,32,4397.27,1
143,4,17.83,29,7153.22,1
102,5,8.65,24,6224.5,1
60,3,22.04,4,2199.82,0
52,3,23.94,30,1200.0,0
92,3,15.24,8,4231.9,1
128,4,3.47,6,8469.4,1
101,3,13.65,16,5088.63,1
78,3,10.53,37,3788.93,1
144,3,9.6,10,8202.1,1
49,5,22.33,5,2219.46,0
147,2,23.99,31,6061.31,0
92,1,24.29,29,2377.79,0
72,5,11.99,14,4431.37,1
57,1,0.66,33,2957.36,0
52,5,12.35,23,3025.09,0
121,1,19.76,20,5061.65,0
147,4,8.93,10,9147.62,1
75,2,8.49,22,4045.7,0
125,5,14.19,12,7426.9,1
144,5,23.16,32,6588.45,1
31,5,9.63,12,2200.5,0
78,3,11.58,18,3893.92,0
132,3,1.86,36,7513.12,1
89,1,3.17,6,4929.87,1
111,5,0.34,33,7911.82,1
55,5,22.9,1,2090.32,0
88,1,8.09,37,3522.43,0
38,2,24.23,19,1200.0,0
127,2,20.98,34,5424.31,0
56,1,17.71,15,1568.58,0
26,2,7.11,31,1200.0,0
129,1,16.22,33,5537.42,0
127,5,16.9,19,7033.48,1
63,5,18.16,34,2699.81,0
138,4,18.01,37,7275.45,1
105,4,10.75,12,6197.36,1
137,5,5.63,17,9120.05,1
134,2,9.91,35,6886.55,1
68,4,11.28,10,3794.0,1
136,3,5.44,22,8200.52,1
106,2,5.28,18,6237.19,1
47,1,11.5,11,1476.61,0
97,5,19.41,25,5028.74,1
70,1,12.44,15,2852.94,0
44,3,2.19,23,2732.45,0
49,1,11.27,32,1622.61,0
127,4,20.49,16,6750.52,1
50,1,10.4,9,1411.97,0
133,4,5.36,18,8501.31,1
80,1,22.13,28,1773.2,0
46,1,6.28,8,2400.74,0
81,1,16.39,4,3335.78,0
99,5,1.57,38,6548.93,1
129,5,10.37,24,8040.09,1
66,2,4.6,33,3404.26,0
128,3,0.49,16,8258.0,1
73,1,17.35,28,2290.96,0
74,5,22.41,24,3120.4,0
41,3,10.48,30,1360.75,0
79,1,8.26,30,3520.01,0
117,4,17.39,24,6151.03,1
100,3,18.03,12,4451.68,0
123,4,8.92,23,7144.61,1
114,4,5.49,38,7021.39,1
138,1,8.1,31,7311.97,1
116,4,22.04,21,5186.7,0
91,1,11.95,0,4501.04,0
51,5,5.17,28,3894.5,1
91,1,6.25,10,5327.74,0
35,2,6.18,27,1514.37,0
140,5,10.11,26,8489.87,1
115,2,0.9,17,6699.55,1
142,4,18.94,37,6818.24,1
142,3,14.1,15,7551.67,1
36,2,1.01,15,2915.92,0
131,2,0.86,33,7475.28,1
71,4,14.01,1,3661.85,0
137,3,24.15,18,6247.14,1
105,2,21.0,1,5197.25,1
44,1,1.42,31,2116.91,0
25,3,6.52,20,1200.0,0
52,3,17.31,10,2182.04,0
27,3,21.35,15,1200.0,0
99,2,23.78,16,3676.83,0
82,3,2.78,34,4691.44,1
50,2,24.48,5,1200.0,0
80,3,3.5,38,4376.48,1
140,2,12.43,1,7750.9,1
113,4,1.78,30,6996.72,1
66,2,17.2,0,2800.07,0
86,2,1.77,19,5208.65,1
123,2,7.78,27,6142.99,1
93,1,14.78,34,3706.94,0
51,1,11.46,39,1309.4,0
29,1,4.1,13,1507.57,0
125,5,22.36,36,6179.58,1
105,1,12.71,20,4438.18,0
47,3,6.72,36,2666.57,0
50,1,12.2,39,1381.64,0
85,4,18.38,38,4011.1,0
29,3,3.81,38,1500.38,0
123,1,2.2,7,7340.85,1
43,5,4.62,15,3704.45,1
51,5,9.17,11,3484.95,1
72,1,8.05,31,3166.53,0
134,5,20.88,25,6728.59,1
38,5,5.67,33,2233.1,0
47,4,21.62,35,1200.0,0
104,5,4.42,4,7495.06,1
26,3,20.76,16,1200.0,0
106,5,22.05,39,5229.8,0
127,5,24.64,9,6688.38,1
60,4,19.2,0,3086.96,0
63,4,22.14,12,2784.46,0
70,3,1.46,13,4658.59,1
39,5,21.59,0,2172.03,0
103,2,10.89,30,5415.22,1
49,4,9.56,30,2475.39,0
85,5,5.28,22,5719.99,1
31,5,13.18,9,2054.59,0
115,5,5.98,11,7651.52,1
55,2,5.1,5,2870.04,0
73,4,18.56,32,3208.96,0
82,4,21.2,4,3833.38,0
131,5,3.54,4,9112.99,1
56,2,12.92,32,2128.15,0
131,3,12.44,22,6725.93,1
45,1,17.59,18,1200.0,0
38,2,15.09,25,1200.0,0
147,3,6.62,38,8212.4,1
145,4,12.98,29,8154.8,1
86,5,21.49,26,4188.54,0
117,2,8.39,25,6525.77,0
25,1,17.81,22,1200.0,0
97,4,9.17,37,5240.32,1
130,2,13.6,17,6440.4,1
93,3,12.9,11,5089.88,1
103,5,14.87,13,6127.73,1
144,4,10.33,10,8495.84,1
78,1,1.16,6,4705.63,1
104,5,11.7,12,6645.47,1
144,4,19.96,10,7583.36,1
59,3,12.26,18,2610.24,0
102,3,8.13,10,6397.35,1
111,5,8.43,8,7040.93,1
75,5,1.74,15,5689.13,1
55,4,6.34,1,3905.96,1
44,5,17.07,12,2262.44,0
135,5,3.08,21,8729.87,1
106,4,7.59,11,6208.53,1
81,5,22.61,20,3829.07,0
64,2,24.4,3,1776.55,0
38,5,19.64,13,1468.27,0
62,2,24.6,39,1200.0,0
141,5,17.21,25,7975.17,1
80,1,17.11,24,2775.85,0
96,4,9.59,19,5745.15,1
96,4,21.08,25,4424.14,0
43,3,16.78,34,1427.6,0
42,1,22.8,32,1200.0,0
105,5,20.8,35,4947.37,0
37,5,19.73,2,1520.68,0
144,5,5.85,24,8890.67,1
62,5,16.53,33,3023.66,0
49,1,21.15,13,1200.0,0
113,5,16.16,13,6723.49,1
101,2,2.77,17,6340.09,1
54,4,10.52,34,2795.28,0
44,4,9.15,12,2747.37,0
26,3,9.67,3,1497.43,0
46,4,20.08,11,1714.84,0
29,5,21.37,31,1200.0,0
73,3,2.58,24,4496.27,1
95,4,2.5,28,6241.37,1
108,1,16.22,16,4706.71,0
131,4,22.23,4,6771.08,1
27,4,12.71,0,1200.0,0
137,3,19.8,32,6418.17,0
38,1,2.42,1,2085.22,0
51,3,7.4,6,3111.0,1
58,5,11.63,11,3788.27,1
34,5,11.42,5,2613.35,1
149,4,15.2,18,8074.8,1
68,1,9.41,9,3244.11,0
140,4,19.74,37,6915.49,1
57,3,13.98,29,2312.0,0
25,2,15.52,34,1200.0,0
146,3,21.36,12,6996.69,1
78,2,11.85,3,4077.94,1
149,2,21.56,33,6435.84,0
52,4,22.0,24,1460.49,0
60,4,0.84,39,3910.97,1
76,2,9.01,6,3959.48,0
98,1,7.92,37,4428.86,0
147,5,10.33,37,8963.57,1
36,3,8.48,15,1826.37,0
137,2,20.69,37,6086.11,1
74,4,20.21,13,3480.97,0
124,2,22.25,8,5116.69,1
141,4,0.59,19,9940.88,1
80,2,5.78,19,4871.26,0
106,2,9.79,10,5627.04,1
121,4,10.35,8,7355.47,1
140,3,5.62,12,8235.07,1
100,5,19.29,19,4790.61,1
54,3,16.65,2,2408.19,0
59,1,21.02,3,1746.57,0
127,1,23.46,10,5290.08,0
83,3,6.42,14,4798.53,1
101,5,12.39,6,6479.65,1
36,3,22.53,25,1200.0,0
114,2,11.61,26,5548.59,1
123,2,10.65,17,6646.53,1
119,1,4.6,33,5983.31,1
39,4,18.73,27,1552.09,0
139,1,6.55,19,7616.9,1
65,4,7.38,17,4232.15,0
92,2,2.84,33,5377.22,1
126,1,21.0,0,5612.0,0
147,2,17.7,38,6551.26,1
90,2,1.37,9,5671.38,1
140,2,17.85,4,7561.11,1
134,2,5.13,2,8116.59,1
98,3,22.52,0,4636.56,0
56,3,15.94,6,2598.55,0
136,4,7.25,34,7778.3,1
29,5,17.59,12,1200.0,0
147,4,19.57,9,7725.61,1
61,2,2.33,1,4310.35,1
124,2,17.35,8,5963.27,1
43,2,7.3,19,2062.68,0
38,3,21.36,21,1200.0,0
81,1,5.51,20,4268.79,1
66,3,3.03,12,4129.48,1
102,4,8.05,4,6116.47,1
63,1,22.6,22,1200.0,0
31,1,2.79,1,1712.89,0
94,4,6.56,25,5270.28,1
124,1,20.0,22,4917.72,0
136,3,3.19,7,8678.29,1
56,1,3.01,20,2711.11,0
128,3,7.39,11,8139.17,1
139,4,3.79,1,9021.25,1
74,1,6.18,31,3415.01,0
48,2,21.23,26,1200.0,0
126,4,19.65,16,6433.86,1
144,4,0.56,10,9515.02,1
78,3,2.11,2,5433.67,1
49,1,15.04,16,1258.7,0
49,5,19.32,19,2239.45,0
66,4,16.84,37,2847.75,0
87,4,13.07,37,4387.69,0
50,3,11.63,22,2114.15,0
56,1,2.8,31,2863.1,0
102,3,15.13,35,4675.05,0
101,1,24.66,24,3394.31,0
114,1,7.12,24,6041.92,1
91,2,1.31,1,5982.94,1
138,1,24.21,6,5630.89,1
112,2,10.49,9,6163.31,1
96,1,6.23,12,5304.26,1
124,2,13.88,9,6464.24,1
120,3,19.73,34,5498.47,0
72,2,24.77,21,1526.28,0
37,4,18.68,4,1445.03,0
92,5,2.48,19,6666.47,1
130,4,12.43,6,8186.5,1
114,3,6.24,4,7252.84,1
36,5,20.12,27,1200.0,0
116,4,6.04,27,7131.69,1
138,5,17.14,38,7072.17,1
79,3,0.85,11,5089.77,1
92,2,22.58,1,3546.86,0
95,5,15.93,16,5460.27,1
31,2,12.21,31,1200.0,0
89,4,24.56,23,3522.96,0
59,5,13.79,16,3610.07,0
120,4,13.93,37,6531.57,1
34,5,17.03,13,1695.51,0
121,5,10.21,11,7870.77,1
113,1,3.93,6,6864.24,1
125,5,19.14,24,6787.63,1
81,1,20.45,10,2569.62,0
111,4,4.43,31,6778.42,1
132,5,20.72,19,7003.14,1
114,1,7.8,5,6143.79,1
75,4,18.16,32,3079.87,0
113,5,15.55,22,6448.71,1
139,2,21.64,29,6189.55,0
97,2,7.75,34,4987.83,0
133,3,8.77,25,7223.32,1
124,5,0.54,30,8354.54,1
40,2,8.95,7,2008.32,0
48,4,2.33,19,3621.3,1
84,1,23.14,34,1987.13,0
118,2,17.99,15,5532.1,1
66,2,5.01,13,4013.91,1
133,4,15.9,32,7275.16,1
143,2,24.85,4,6564.2,1
53,2,14.29,23,1947.66,0
57,1,20.95,22,1200.0,0
112,3,8.05,34,6130.15,1
122,3,7.75,17,7005.95,1
84,3,6.66,30,4389.87,1
142,4,19.46,7,7475.83,1
118,2,3.69,36,6448.38,1
78,4,17.27,0,4270.82,1
98,5,7.99,9,6252.97,1
44,5,13.18,5,2682.84,1
52,3,22.79,17,1200.0,0
116,3,14.0,28,5904.83,1
114,1,2.42,28,6087.52,1
85,3,18.12,13,3743.95,1
85,2,12.13,31,3722.72,0
45,3,1.28,3,3622.05,0
100,1,2.57,19,6097.68,1
141,3,21.19,28,6496.24,0
50,4,19.72,13,1850.79,0
85,2,10.12,21,3959.22,0
148,4,7.37,34,8765.96,1
124,3,5.29,10,7714.96,1
72,2,23.79,25,2221.73,0
96,3,11.08,32,4817.12,0
55,5,10.71,22,3386.75,0
125,3,2.12,38,7182.08,1
120,1,13.31,30,5688.26,1
116,5,11.48,9,7146.94,1
51,2,3.24,19,2819.15,0
86,4,16.03,14,4533.3,1
77,4,15.8,35,3570.58,0
78,4,21.91,21,3113.27,0
127,4,8.62,7,8129.05,1
109,2,20.25,25,4880.61,0
32,2,3.13,23,1420.76,0
133,2,13.27,2,7081.56,1
113,3,15.24,39,5307.72,0
54,2,22.67,16,1200.0,0
29,3,11.51,18,1200.0,0
31,2,14.55,8,1200.0,0
51,3,7.62,32,2582.46,0
120,4,1.51,35,7022.74,1
143,2,8.58,36,7408.51,1
142,5,24.51,32,6656.72,1
97,2,6.67,26,4818.74,1
82,1,20.31,27,2619.02,0
115,3,18.04,33,5161.44,1
49,1,11.47,20,1732.5,0
135,3,19.8,31,6586.3,0
49,1,0.93,12,2990.73,0
78,3,9.88,9,4577.59,1
97,5,13.78,31,5389.73,1
113,1,2.11,17,6364.04,1
88,3,14.08,25,3859.04,1
122,2,6.11,20,7264.82,1
94,3,17.52,23,4100.75,0
61,5,12.49,39,3260.64,0
95,2,16.89,13,4302.15,0
118,4,16.43,33,6333.9,1
103,3,15.22,37,4675.17,0
49,3,13.65,5,2410.03,0
123,5,13.75,23,6730.92,1
53,4,7.74,20,3447.34,0
68,1,21.78,7,2058.53,0
114,3,18.67,10,5723.81,1
116,2,3.01,7,7327.52,1
90,4,23.23,1,4171.16,0
85,2,10.52,35,3778.43,0
136,1,10.22,5,7512.72,1
39,3,19.02,9,1209.18,0
57,1,18.82,28,1218.39,0
54,4,2.84,29,3666.79,1
144,2,8.26,20,7941.72,1
130,1,20.32,30,5114.43,1
145,5,8.49,5,9783.31,1
90,1,5.71,10,5263.14,1
121,1,7.13,20,6178.77,1
81,3,1.69,2,5718.3,1
57,3,4.86,35,2913.35,0
105,4,11.82,0,6188.52,1
146,5,9.44,15,9103.78,1
64,1,17.28,20,1711.79,0
32,1,6.3,28,1200.0,0
140,5,18.72,33,7475.71,1
40,1,12.03,32,1200.0,0
68,2,4.31,34,3534.28,0
119,2,21.5,25,5304.26,0
53,3,4.64,4,3681.51,1
69,5,18.92,2,3569.46,0
36,3,16.45,9,1200.0,0
65,3,10.42,6,3513.61,0
98,1,4.37,35,4847.82,1
119,2,17.21,38,5366.72,0
145,3,18.59,24,7267.23,1
143,3,10.79,25,7869.69,1
109,3,11.84,17,6163.35,0
123,1,9.01,1,6867.9,1
104,2,11.43,2,5790.61,1
43,1,2.63,39,1327.73,0
109,1,17.95,26,4370.88,0
114,2,13.6,37,5219.2,1
82,3,4.33,8,5097.05,1
73,2,10.0,16,3736.91,1
148,2,7.75,9,8363.13,1
25,5,19.99,37,1200.0,0
120,2,11.34,10,6260.21,1
81,2,10.42,14,4170.37,0
145,3,24.73,6,7200.31,1
145,5,10.38,24,8907.2,1
137,3,5.68,5,8657.19,1
80,4,9.81,5,4974.36,1
49,3,11.28,24,2201.78,1
58,5,20.73,7,2570.04,0
84,3,11.87,17,4338.19,0
72,4,5.71,21,4951.87,1
88,4,7.3,26,5242.01,1
53,1,23.83,26,1200.0,0
96,1,22.67,21,2971.85,0
91,4,23.89,8,4242.85,0
109,1,17.03,16,4426.78,0
147,2,0.98,14,8937.63,1
85,5,7.4,9,5762.34,1
29,1,3.02,30,1306.79,0
85,1,22.92,36,1996.18,0
54,5,4.52,7,4487.18,1
52,1,1.13,26,2983.9,0
149,5,19.4,24,8260.01,1
66,1,8.52,14,3341.16,0
113,4,0.73,31,7532.36,1
43,2,23.27,34,1200.0,0
47,4,20.47,19,1534.66,0
79,2,9.51,20,3812.25,0
57,3,14.61,27,2251.93,0
145,3,2.78,20,9320.36,1
25,5,3.01,20,2489.91,0
129,3,1.71,37,8340.1,1
75,1,8.43,15,3502.03,0
90,4,16.46,8,4922.22,1
33,2,4.47,9,1949.6,0
116,3,5.04,4,7679.65,1
110,4,3.65,35,6864.35,1
130,1,14.42,13,6181.19,0
93,1,11.21,14,3963.43,1
137,2,8.2,14,8000.05,1
50,2,9.25,30,1577.37,0
97,1,17.81,24,3902.54,0
29,3,18.88,26,1200.0,0
117,2,12.14,12,6478.37,1
38,1,23.22,23,1200.0,0
128,5,12.33,7,7895.35,1
114,4,12.32,19,6452.85,1
134,3,19.37,25,6508.57,0
141,2,23.65,33,5770.48,1
141,5,18.66,25,7531.08,1
130,3,6.87,21,7486.65,1
110,4,13.48,27,5996.25,1
49,2,0.7,19,3202.78,0
52,5,16.29,29,2024.89,1
113,1,20.8,4,4747.13,0
132,4,4.61,9,8111.2,1
148,4,9.07,7,9198.93,1
57,3,3.68,23,3392.79,0
140,5,8.48,34,8485.08,1
34,4,12.88,16,1835.51,0
129,3,2.59,23,8398.79,1
56,4,19.43,1,2431.19,0
95,5,20.03,16,4861.62,1
76,1,18.58,22,2265.35,0
138,2,24.12,11,5645.81,1
29,3,5.54,17,1519.83,0
104,3,22.22,0,5000.22,0
58,1,24.22,24,1200.0,0
61,1,11.75,26,2064.04,0
76,5,22.51,22,3438.59,0
132,5,5.2,29,8286.04,1
29,1,10.26,29,1200.0,0
48,4,16.51,11,2009.28,0
139,2,19.85,17,6644.06,1
63,3,10.42,2,3315.57,1
87,4,17.21,23,4186.52,0
111,1,9.23,11,5556.5,1
39,2,7.37,36,1381.84,0
26,4,2.34,33,1519.19,0
30,5,16.17,7,1585.53,0
145,5,4.08,22,9045.44,1
121,5,1.9,17,9076.84,1
79,5,7.16,13,5855.49,1
39,3,3.07,12,2795.05,1
87,4,13.24,17,4786.93,1
65,3,20.98,5,2840.8,0
93,3,10.42,35,4755.99,0
32,4,4.23,33,1862.88,0
141,2,2.55,4,8579.08,1
91,2,13.58,8,4623.72,1
79,1,24.68,33,1581.99,0
43,4,19.92,14,1200.0,0
138,1,9.69,23,7271.8,1
112,4,20.37,38,5707.18,1
82,5,5.4,5,5936.29,1
136,3,21.37,7,6413.33,1
97,4,16.98,12,4953.53,1
134,5,14.45,3,8133.31,1
76,2,24.28,17,2106.08,0
96,5,6.86,17,6444.43,1
131,5,21.7,12,6938.66,1
92,1,11.03,3,4511.08,0
124,4,8.85,24,6952.74,1
120,5,7.14,28,7852.88,1
130,3,23.78,38,5013.79,0
117,3,23.19,25,4691.07,0
37,4,14.84,1,1855.67,0
134,5,11.47,39,8361.63,1
112,2,1.65,8,6999.16,1
105,1,14.05,21,4528.15,0
40,3,3.51,31,2318.59,0
87,4,24.09,11,3811.78,0
35,5,9.97,22,2572.39,0
35,1,4.26,20,1344.8,0
82,3,1.67,12,5786.15,1
124,2,15.22,19,6080.76,0
129,5,17.71,7,7052.33,1
70,2,6.06,24,3570.91,0
104,5,17.09,10,5730.06,1
93,3,6.84,34,5176.7,1
54,5,16.43,26,2912.17,0
107,4,3.62,15,6850.7,1
34,1,2.33,32,1295.33,0
53,2,18.63,13,1522.57,0
34,4,23.99,37,1200.0,0
56,2,6.06,14,3037.21,0
76,2,20.67,6,2907.06,0
67,2,2.68,36,3921.2,1
121,5,16.89,37,6221.75,1
48,5,0.33,10,4239.78,1
58,1,22.23,17,1200.0,0
130,5,17.02,32,6713.5,1
87,4,4.66,28,5264.88,1
61,2,21.41,35,1413.55,0
51,3,6.94,7,3453.3,0
59,5,13.53,5,3745.8,1
71,1,23.71,34,1627.79,0
70,3,13.37,17,3534.33,0
34,4,12.42,35,1200.0,0
99,1,2.75,2,6072.71,1
100,1,14.38,38,3898.28,0
131,4,16.27,6,7189.64,1
131,3,9.67,32,7462.97,1
105,5,9.52,30,6576.5,1
116,2,14.46,15,5808.44,1
28,5,24.09,7,1200.0,0
89,1,24.58,39,2002.34,0
106,4,4.46,1,7019.67,1
43,2,9.26,22,1747.74,0
31,2,24.23,2,1200.0,0
87,1,23.43,33,2224.91,0
64,1,1.12,4,3729.21,1
52,1,1.11,28,2517.44,0
109,2,7.3,12,6299.9,1
133,2,20.31,22,5939.75,0
109,3,11.06,13,6239.12,1
63,4,10.41,37,3321.0,0
76,4,8.29,23,4616.67,1
126,2,12.98,16,6530.06,1
83,4,15.19,23,4167.67,0
129,5,24.84,8,6535.8,1
60,2,18.68,2,2321.95,0
86,2,7.27,20,4629.64,1
135,5,5.64,37,8648.24,1
112,4,4.76,14,7525.39,1
70,3,14.86,4,3835.78,0
93,5,7.24,36,5901.4,1
137,5,14.9,21,8170.36,1
99,3,22.1,14,4287.89,0
131,4,23.36,19,6306.56,1
103,3,17.04,11,5170.01,1
39,3,1.95,10,3199.61,1
77,5,13.46,37,3628.4,0
26,2,13.12,25,1200.0,0
35,5,15.92,19,1633.38,0
127,2,19.16,21,5706.71,1
86,1,8.51,31,4264.72,0
129,2,8.02,9,7629.08,1
100,2,19.45,34,3761.9,0
111,4,8.92,33,6195.46,1
117,3,9.84,37,6121.43,1
71,3,0.41,4,5294.05,1
122,5,6.73,2,8637.62,1
142,1,0.67,39,8138.68,1
132,1,7.48,9,7934.14,1
132,5,18.57,28,6915.99,1
105,5,20.92,12,5766.54,1
101,4,21.17,10,4682.17,0
109,1,7.67,37,5550.75,1
116,5,2.49,38,7710.89,1
97,2,10.09,19,4695.79,0
124,1,8.61,25,6404.38,1
143,3,24.72,30,6407.08,0
36,4,13.93,33,1304.48,0
34,5,20.73,12,1200.0,0
77,4,13.92,13,3996.92,1
69,4,13.48,12,4206.64,1
39,3,12.32,6,1855.91,0
51,5,21.07,21,2193.68,0
86,1,12.24,26,3448.81,0
132,1,6.75,35,6601.29,1
118,3,1.57,36,6968.9,1
52,5,4.61,34,3332.76,1
74,2,22.49,36,1711.09,0
76,4,12.51,6,4604.01,1
83,3,21.01,38,2978.27,0
38,1,7.37,18,1200.0,0
37,5,4.37,29,2922.52,1
145,2,24.29,19,6643.46,0
114,1,15.19,39,4953.37,0
89,1,9.75,31,4065.58,0
95,3,17.83,22,4276.35,1
73,2,3.04,24,4187.88,0
54,1,3.38,39,2302.07,0
43,1,17.0,4,1200.0,0
32,2,8.91,23,1200.0,0
141,3,11.19,3,8231.08,1
137,5,24.98,29,6615.89,1
97,3,16.23,11,5157.18,1
118,1,1.16,28,6794.21,1
118,5,15.61,38,6304.2,1
33,3,8.97,23,1431.43,0
81,3,6.68,38,4281.98,0
106,5,5.04,37,6850.37,1
92,3,4.6,2,5938.26,1
73,4,9.4,18,4697.67,0
31,1,16.2,5,1200.0,0
120,4,7.33,27,7154.76,1
45,5,23.3,22,1200.0,0
57,3,19.0,1,2327.22,0
93,3,12.07,34,4723.69,0
144,5,7.31,25,9409.17,1
30,3,12.07,16,1593.43,0
39,1,17.91,32,1200.0,0
81,4,6.25,0,5446.71,1
138,3,21.65,10,7231.0,1
25,2,3.28,32,1281.92,0
65,2,19.28,9,2290.62,0
98,5,2.08,12,7210.64,1
40,3,15.35,8,1396.33,0
46,5,4.03,12,3690.07,1
95,5,14.0,31,5459.27,1
104,2,24.91,31,3623.37,0
86,4,14.57,8,4794.2,0
59,4,0.84,29,4151.31,1
111,3,15.35,9,5363.07,1
122,1,15.5,18,5590.02,1
39,1,7.74,20,1424.68,0
59,2,3.18,35,3117.79,0
55,2,11.75,7,3173.19,0
138,1,11.99,4,7305.28,1
113,3,24.61,25,4548.03,0
83,4,5.35,34,5380.92,1
90,1,15.05,35,3204.38,0
119,5,21.29,25,6455.71,0
88,5,7.19,7,6304.1,1
85,4,9.75,1,5144.7,1
137,2,2.33,36,8053.12,1
49,4,4.12,14,3595.94,1
131,4,15.37,18,7421.95,1
99,3,11.16,32,5362.84,1
117,5,23.21,18,6309.05,1
31,3,0.42,17,2345.84,0
108,2,13.72,30,5009.67,0
113,3,7.48,0,6867.96,1
149,3,11.2,5,8610.38,1
108,1,14.59,21,4728.68,1
34,3,1.67,36,2258.05,0
116,4,18.71,0,6287.52,1
27,3,1.31,2,2781.16,0
136,5,19.16,14,7636.68,1
128,2,23.3,13,5380.97,1
76,4,6.09,4,5413.58,1
44,1,15.49,24,1200.0,0
126,5,0.75,1,9276.98,1
118,2,0.76,38,6977.34,1
137,2,7.43,3,7899.33,1
27,2,22.75,23,1200.0,0
99,2,22.64,10,3905.93,0
66,1,1.16,19,3917.73,0
53,2,0.44,21,3478.41,0
51,1,4.93,17,3088.01,0
118,4,21.5,2,6078.07,1
132,2,0.35,38,7083.74,1
75,5,3.85,8,5241.65,1
41,1,1.07,22,2242.51,0
129,5,6.29,39,7770.04,1
43,3,4.13,16,2836.01,0
123,5,9.66,33,7256.47,1
134,1,24.21,20,5300.09,0
85,2,23.4,18,2832.22,0
107,5,15.06,9,6345.84,1
139,5,12.28,12,8781.0,1
113,4,17.03,4,6364.75,1
57,5,13.36,39,2867.63,1
85,4,18.92,39,4182.25,0
101,4,1.68,3,7250.51,1
103,5,9.13,8,7286.87,1
115,3,13.66,25,5714.46,1
114,4,0.76,14,8008.61,1
113,2,15.68,22,5120.29,0
28,1,21.38,22,1200.0,0
55,5,20.34,31,2276.55,0
28,3,1.16,30,1901.19,0
87,1,17.78,2,3101.0,0
56,5,18.32,21,2527.15,0
65,2,23.64,2,1946.13,0
143,5,3.47,5,9855.57,1
85,2,18.66,33,3028.35,0
38,2,12.17,34,1200.0,0
54,5,10.2,12,3635.73,0
119,4,1.82,39,7493.97,1
137,1,11.18,27,6665.75,1
88,4,5.35,3,6301.56,1
122,3,7.9,21,6716.76,1
70,5,19.35,16,3749.1,0
37,3,11.67,38,1200.0,0
64,4,21.72,24,2394.16,0
88,1,24.09,30,2427.72,0
48,4,6.43,34,3165.88,0
107,4,13.73,18,5946.89,1
31,5,0.35,13,3064.56,1
113,1,6.83,28,5676.02,1
141,1,7.21,27,7657.0,1
42,4,14.74,19,1520.88,0
109,4,19.84,32,4702.62,1
42,5,6.29,38,3250.05,1
142,5,20.76,38,6979.03,1
63,4,9.57,24,3556.34,1
144,5,17.81,35,7856.25,1
139,5,9.73,0,9278.98,1
114,2,22.96,33,4425.58,0
93,4,4.98,37,5854.24,1
44,2,21.84,17,1200.0,0
26,4,12.33,13,1200.0,0
54,5,22.86,3,2620.17,1
142,2,11.8,36,7170.58,1
91,5,20.72,24,4823.45,1
72,3,1.81,3,5316.0,1
32,4,14.9,13,1200.0,0
146,2,24.56,32,6283.6,0
37,4,12.51,17,2296.13,0
141,3,15.66,35,7282.41,1
110,1,0.45,7,6370.95,1
68,5,7.25,13,4898.31,1
72,5,10.76,31,4413.71,0
36,4,14.74,14,1718.46,0
134,5,21.59,30,7252.06,1
46,5,19.29,31,1559.28,0
74,2,4.37,35,4100.27,0
131,2,21.07,14,6011.33,0
65,1,23.21,17,1214.61,0
25,1,4.85,39,1200.0,0
130,4,5.65,3,8743.81,1
127,4,3.63,32,8071.3,1
47,4,5.8,26,3250.73,0
91,2,24.78,15,2767.92,0
68,4,9.15,10,3835.63,1
56,4,14.5,19,2624.08,0
28,1,11.55,20,1200.0,0
70,1,21.0,28,1794.23,0
53,4,21.45,39,1519.62,0
96,4,24.04,28,3852.69,0
97,3,4.78,11,6353.64,1
107,1,12.84,12,5370.12,0
29,3,17.95,14,1200.0,0
56,4,1.19,35,3988.51,1
121,2,14.65,24,6086.35,1
62,3,0.34,18,4467.81,1
34,1,16.62,1,1200.0,0
73,2,18.84,9,3063.78,0
77,1,15.59,10,2994.14,0
119,5,1.27,17,8551.16,1
98,3,3.23,21,6547.33,1
39,3,22.1,17,1200.0,0
132,2,16.85,7,6858.91,1
105,1,11.39,19,5048.37,0
82,3,10.25,22,4050.84,1
108,2,21.68,35,3988.1,0
98,4,3.95,28,6385.58,1
25,4,15.29,39,1200.0,0
141,4,19.47,2,7602.56,1
26,5,17.14,39,1200.0,0
115,3,14.97,35,5764.3,1
46,2,6.17,21,2258.02,0
66,4,23.81,0,2670.02,0
85,4,9.89,10,5501.75,0
140,1,24.65,11,5752.86,0
109,3,10.31,14,5723.28,1
109,5,24.77,33,4740.11,0
86,5,23.67,28,3636.25,0
60,2,14.52,36,1936.47,0
97,4,9.75,31,5345.81,1
131,4,5.21,36,8001.79,1
67,1,15.52,6,2608.41,0
59,1,9.15,6,2731.88,0
40,2,2.62,39,1786.14,0
108,1,13.77,23,4530.26,0
126,2,17.89,35,5650.98,1
33,4,8.12,16,2010.08,0
111,3,19.1,35,4982.41,0
117,3,19.4,32,5583.14,1
69,4,21.97,34,2295.33,0
83,3,13.06,14,4173.94,1
55,2,12.61,35,1971.3,0
127,1,23.75,31,4411.81,0
126,3,21.49,2,6397.85,1
76,4,14.69,20,3896.53,0
144,2,14.8,28,6919.29,1
91,5,11.79,39,5279.34,1
68,5,17.24,1,3761.61,1
139,3,16.27,35,7033.92,1
126,2,11.94,39,6021.25,1
129,4,20.17,35,6472.49,0
81,4,15.29,20,4158.57,0
129,2,19.44,23,5967.25,0
127,4,17.67,32,6234.18,1
83,4,11.97,29,4399.58,0
49,5,13.25,12,3142.29,0
37,4,24.47,37,1200.0,0
137,1,13.83,13,6928.57,1
129,2,8.94,23,6932.88,1
131,4,16.32,18,6964.12,1
30,4,4.66,24,1998.03,0
36,1,24.35,7,1200.0,0
122,2,23.36,4,5135.01,1
54,3,9.67,12,2926.81,1
73,1,15.3,0,3195.55,0
149,2,14.03,6,8380.84,1
97,3,11.8,4,5246.64,1
32,4,19.32,17,1200.0,0
53,5,22.35,25,1611.5,0
36,1,8.2,39,1200.0,0
143,1,20.99,38,5807.15,0
149,1,16.67,2,7315.12,1
51,3,19.39,5,1845.51,0
48,5,14.6,37,1876.12,0
34,5,7.31,18,2787.89,1
133,1,4.33,38,7779.55,1
127,4,16.63,20,6898.66,1
103,4,5.98,18,6584.89,1
35,5,21.52,10,1477.58,0
36,4,3.05,1,3140.67,1
122,1,17.91,31,4898.87,0
115,5,21.52,7,6261.0,1
116,4,3.29,34,6998.74,1
89,2,16.34,38,3032.05,0
96,2,12.18,34,4393.91,0
83,4,14.68,39,3750.21,0
77,4,7.44,34,4689.24,1
29,5,4.24,25,2710.88,0
115,4,21.2,15,5857.63,1
106,4,5.31,24,6803.27,1
55,3,3.78,28,3162.3,0
62,1,14.66,11,2230.43,0
47,5,17.85,33,1655.56,1
111,3,11.75,36,5564.96,1
81,5,2.28,1,6401.19,1
102,1,15.45,15,4345.66,0
33,2,7.11,28,1200.0,0
53,2,5.11,15,3178.07,0
52,2,8.49,3,2386.65,0
137,4,15.81,37,6816.73,1
87,1,6.19,6,4801.83,0
147,4,22.29,30,7058.13,1
55,2,22.8,24,1200.0,0
55,2,13.13,13,2511.19,0
149,4,17.8,18,7678.98,1
129,2,17.77,26,6103.64,1
29,4,14.31,29,1200.0,0
77,3,4.24,38,4540.7,1
131,2,13.9,29,6495.32,1
98,3,0.37,11,6684.8,1
30,1,10.21,18,1200.0,0
59,1,19.24,22,1200.0,0
44,1,7.2,18,2184.61,0
107,1,20.96,0,4728.46,0
51,3,5.89,8,3567.71,0
61,3,21.54,31,1397.12,0
52,2,5.24,13,2932.69,1
30,5,5.93,13,3001.89,1
136,2,1.05,24,8319.74,1
127,3,2.44,12,7804.72,1
45,1,2.3,31,2058.84,0
116,1,12.85,6,5581.9,1
94,3,3.49,23,5665.89,1
28,1,6.39,38,1200.0,0
85,3,5.11,7,5449.84,1
134,1,9.73,19,7094.2,1
122,2,2.52,18,7253.79,1
63,2,9.17,27,2806.27,0
90,3,5.69,8,5606.79,1
91,1,24.19,18,2708.13,0
127,5,2.52,1,9358.81,1
125,4,4.31,22,7900.59,1
61,2,21.64,1,1956.91,0
136,4,7.48,6,8501.58,1
52,3,6.92,26,2984.17,0
148,3,21.36,21,7058.23,1
85,4,12.81,31,4140.82,1
95,2,16.89,12,4391.52,0
84,2,12.33,17,4276.79,1
95,3,14.46,15,4609.19,1
27,3,8.99,22,1508.24,0
31,5,17.88,10,1477.59,0
130,1,18.04,9,6078.63,1
34,5,21.97,30,1200.0,0
138,5,9.83,2,8826.12,1
111,3,4.76,26,6630.13,1
112,5,21.96,6,5701.58,1
30,3,10.72,9,1612.94,0
146,1,23.68,32,5302.31,0
144,5,7.04,19,8853.44,1
31,5,14.05,38,1467.3,0
100,3,5.2,10,6397.97,1
77,1,16.08,37,2568.79,0
106,1,23.09,26,3929.86,0
27,4,23.51,6,1200.0,0
61,3,16.94,24,2218.22,0
96,4,24.46,26,3909.08,0
141,2,2.16,29,8540.18,1
92,5,3.67,3,6741.45,1
105,5,15.38,25,6081.57,1
78,1,23.89,29,1633.36,0
132,3,22.44,32,5651.31,1
144,5,15.4,17,8324.99,1
42,1,24.1,0,1200.0,0
67,3,6.55,22,4291.91,0
64,4,8.96,22,3888.79,1
49,4,22.78,10,1654.29,0
37,1,23.0,6,1200.0,0
107,1,7.4,12,5770.26,1
129,2,5.7,26,7478.22,1
81,1,6.86,1,4267.8,0
33,5,2.21,26,2775.41,1
135,2,15.15,20,6479.67,1
105,1,16.66,9,4642.96,0
32,2,2.41,32,1873.73,0
146,3,2.37,13,9523.99,1
145,3,21.33,12,7364.51,1
127,3,8.14,25,7427.29,1
38,4,7.93,2,2928.92,0
97,5,5.98,27,6130.05,1
120,1,16.02,31,5246.15,0
108,4,13.86,31,5581.93,1
133,3,23.02,16,6142.97,0
26,2,16.86,37,1200.0,0
33,1,19.75,39,1200.0,0
48,4,24.54,2,1287.47,0
29,5,7.25,37,1923.22,0
48,3,1.68,26,3289.7,0
145,5,7.65,22,8923.15,1
130,2,3.4,38,7270.7,1
125,5,17.23,9,7178.91,1
105,3,18.48,31,4128.16,0
31,4,21.36,21,1200.0,0
64,2,8.16,10,3285.78,0
108,5,11.66,13,7057.12,1
31,5,11.66,15,1799.12,0
131,2,16.42,10,6401.4,0
49,2,6.01,25,1904.46,0
120,3,5.12,35,6622.88,1
60,4,14.67,6,3602.26,1
110,5,15.72,19,6302.46,1
31,1,22.72,25,1200.0,0
123,5,23.08,31,5962.81,1
88,3,0.5,38,5292.64,1
99,5,23.49,29,4757.48,1
102,1,15.98,0,4514.33,0
62,5,23.83,21,2252.38,0
40,4,11.52,2,2482.31,0
94,3,17.25,10,4471.51,1
82,4,4.77,34,4853.08,1
81,4,9.78,15,4662.25,1
78,4,22.46,13,3232.32,0
75,5,23.86,5,3791.57,0
80,4,10.53,23,4989.31,0
28,2,10.6,1,1200.0,0
111,4,5.12,30,7373.33,1
58,4,20.14,23,2313.12,0
28,5,12.1,13,1802.58,0
63,1,18.74,37,1377.78,0
110,5,24.16,35,4801.56,0
49,2,0.35,6,3157.91,0
109,3,6.41,36,6190.13,0
144,4,18.76,29,7864.19,1
130,4,13.99,17,7248.38,1
108,3,22.53,7,5058.43,0
81,2,18.81,25,2841.97,0
79,3,24.91,3,2745.3,0
142,2,16.5,1,7344.86,1
37,4,17.39,39,1200.0,0
105,2,7.66,1,5944.75,1
93,3,20.71,25,3964.12,0
72,4,16.0,32,3136.77,0
69,5,17.15,29,3314.89,1
132,4,8.46,39,7543.78,1
60,5,0.79,33,4260.84,1
116,2,17.48,10,5380.57,1
142,1,5.75,20,7953.98,1
49,3,1.65,37,3243.07,0
145,2,1.48,38,8300.15,1
112,3,22.41,2,5092.32,1
70,4,14.6,1,4209.27,1
113,5,19.73,5,5489.7,1
40,3,3.33,11,2758.34,1
78,5,6.24,4,5670.26,1
65,3,21.07,16,2359.91,0
116,4,19.54,18,6223.73,1
94,4,6.96,7,5886.32,1
107,2,3.23,12,6214.29,1
137,2,20.79,18,6328.13,1
71,3,6.92,20,4276.26,0
71,3,2.59,18,4583.5,1
64,5,20.07,28,2785.14,0
41,4,12.04,33,1789.51,0
25,2,19.77,1,1200.0,0
40,3,16.24,15,1200.0,0
134,5,9.66,30,8403.1,1
115,1,8.71,21,5687.29,1
127,2,5.5,18,7301.13,1
38,2,2.56,18,2486.84,0
57,3,18.02,27,1719.48,0
79,3,20.86,21,2897.13,0
41,1,6.84,17,1509.9,0
137,1,18.28,36,6177.11,0
137,1,2.42,25,7757.13,1
99,3,20.32,33,4000.26,0
79,5,7.09,32,5071.48,1
107,2,5.13,27,6012.09,0
79,4,11.46,3,4798.39,1
76,1,13.23,34,2441.62,0
130,5,5.41,20,8081.88,1
120,5,21.94,13,6178.76,1
50,4,3.83,8,3402.15,1
106,1,12.49,38,4451.04,0
95,4,12.29,17,5237.69,1
136,5,18.12,13,7861.39,1
143,4,0.63,22,9566.15,1
132,2,4.92,31,7123.79,1
76,3,4.69,26,4279.03,1
125,2,11.88,8,6622.45,1
144,4,12.3,30,7979.79,1
60,3,22.01,15,1650.09,0
53,2,7.5,39,2250.12,0
133,4,22.8,26,6414.85,1
97,3,1.41,5,6752.04,1
69,4,2.73,10,5118.33,1
37,2,10.8,35,1200.0,0
139,3,24.76,5,6586.58,1
61,2,17.95,33,1637.31,0
133,3,24.37,1,6566.4,1
130,3,5.21,31,7515.28,1
91,4,24.05,36,3402.13,0
145,4,3.25,29,8967.52,1
32,3,13.55,38,1200.0,0
92,2,18.58,5,4019.96,0
49,5,12.12,34,2302.87,0
145,5,18.55,35,7934.0,1
140,2,6.79,7,8104.51,1
90,5,0.95,9,6509.17,1
115,5,3.18,15,7742.71,1
80,5,14.92,18,4571.98,0
130,1,18.81,9,6148.29,1
34,3,9.64,4,1988.38,0
109,2,10.56,14,5558.0,0
75,1,12.86,32,2913.88,0
105,2,10.19,30,5220.97,0
136,2,16.9,34,5878.95,1
50,4,10.04,4,3158.56,0
121,3,1.93,23,7252.0,1
73,2,15.43,10,2855.59,0
115,3,9.42,9,6399.07,1
67,2,10.67,1,3335.69,0
83,2,18.08,29,3472.73,0
146,1,5.69,25,8191.64,1
131,3,14.22,20,6829.95,1
35,1,5.4,24,1356.95,0
83,1,23.89,4,3257.29,0
56,4,24.25,24,1724.28,0
61,3,9.22,35,2732.94,0
83,5,3.15,21,5694.16,1
130,3,0.78,10,9186.99,1
79,4,19.87,22,3662.72,0
70,2,3.27,4,4916.21,1
51,5,2.48,3,4251.27,1
27,3,12.47,31,1200.0,0
68,2,8.06,8,3874.59,1
82,1,5.99,18,4451.61,1
127,5,15.28,32,6885.34,1
59,4,14.69,26,2673.87,0
44,4,16.05,34,1472.26,0
121,4,8.99,24,7149.95,1
51,2,22.97,15,1200.0,0
145,3,15.73,10,7545.43,1
33,4,5.48,29,2577.58,0
43,2,24.48,16,1200.0,0
137,3,17.38,27,6363.87,1
141,4,15.48,29,7750.41,1
63,2,3.64,18,4041.28,0
39,4,24.03,20,1200.0,0
45,4,22.15,35,1200.0,0
120,4,12.81,28,6553.68,1
82,3,21.09,10,2998.73,0
113,2,19.85,3,5473.7,1
47,1,2.77,35,1932.17,0
31,4,13.65,23,1484.41,0
29,1,24.66,19,1200.0,0
133,4,8.05,21,8063.42,1
64,4,22.13,21,2268.11,0
123,4,6.48,32,7185.97,1
90,2,22.06,32,3148.01,0
92,4,2.41,14,6789.57,1
84,3,2.04,21,5268.78,1
103,4,14.16,27,5680.53,1
120,2,22.77,28,4957.11,0
91,4,9.01,5,6482.28,1
111,1,12.02,21,5223.62,0
138,3,6.18,15,8303.74,1
97,4,7.32,29,5771.46,1
146,4,3.65,14,9248.12,1
68,4,2.62,1,5433.7,1
57,2,15.94,30,1603.19,0
39,1,9.23,1,1989.17,0
110,5,2.64,15,7086.5,1
50,1,7.03,4,2663.14,0
113,1,23.23,8,3957.75,0
146,1,14.51,15,7245.69,1
140,3,0.95,15,8756.48,1
141,1,14.05,32,6810.88,0
143,4,22.04,3,7747.75,1
102,2,2.42,39,5831.08,1
38,1,11.0,22,1200.0,0
40,4,20.21,9,1242.01,0
138,4,15.51,12,7388.58,1
34,2,23.92,26,1200.0,0
56,4,1.12,6,4236.56,1
28,1,7.24,19,1200.0,0
75,2,15.29,31,3094.01,0
95,4,3.39,26,5684.41,1
78,2,13.47,20,3958.42,0
89,1,20.46,16,2894.86,0
47,4,4.03,29,3209.86,0
137,5,11.17,15,8255.27,1
148,1,6.97,38,7500.78,1
137,1,12.43,14,7120.42,1
59,2,0.77,5,3827.26,1
141,2,3.92,5,8069.13,1
68,2,15.07,24,2626.91,0
59,1,15.43,9,1839.47,0
81,2,2.51,11,5131.84,1
140,4,4.79,21,8670.02,1
84,4,24.92,19,3274.61,0
42,5,22.6,35,1200.0,0
89,2,21.32,31,3172.45,0
83,5,15.49,13,5032.36,1
91,3,14.63,38,4160.65,0
133,1,21.5,21,5663.26,0
105,2,18.88,10,4926.42,1
85,3,3.16,5,5484.21,1
126,4,18.23,13,6686.59,1
47,1,8.67,29,1759.6,0
109,1,21.28,35,3520.43,0
148,3,8.9,1,9139.24,1
45,2,9.97,39,1468.29,0
92,5,5.68,20,5941.22,1
136,5,2.62,4,9541.99,1
30,5,10.83,16,2202.83,0
61,2,3.81,18,4016.92,1
64,2,18.2,37,1637.37,0
63,4,11.26,21,3413.39,0
111,1,4.73,38,5350.0,1
65,3,2.7,4,4974.26,1
79,2,6.61,29,4231.36,0
27,4,11.11,1,1870.87,0
63,2,11.79,6,2881.9,0
82,1,24.02,11,2433.27,0
105,1,18.47,2,4687.17,0
90,3,6.89,20,5179.71,1
129,1,15.43,21,5781.82,1
59,5,2.67,33,4075.25,1
81,3,12.34,1,4314.73,1
73,2,3.46,28,3921.3,1
29,4,8.24,7,1800.75,0
57,2,10.17,23,2262.26,0
75,3,13.77,35,3234.3,0
34,2,11.32,31,1200.0,0
148,2,19.24,15,7303.48,1
130,4,11.31,23,7098.8,1
87,4,5.31,33,5194.59,1
40,1,14.07,23,1200.0,0
99,2,1.0,12,6545.56,1
47,2,1.59,19,2476.13,0
125,1,3.91,33,6769.63,1
147,1,3.79,22,8251.82,1
82,2,3.93,39,4465.02,1
72,5,18.3,33,3055.34,0
106,4,20.38,33,4472.73,0
76,1,22.22,28,1879.74,0
73,2,4.8,32,4031.59,1
115,5,13.53,14,7207.29,1
57,4,1.04,10,4499.55,1
148,1,20.27,14,6737.85,0
128,4,8.21,13,7735.95,1
90,3,18.03,23,4334.82,0
83,5,15.35,18,4901.29,1
120,4,13.29,34,5990.58,1
68,1,4.31,23,3777.69,0
76,3,22.91,14,2882.76,0
94,1,16.98,1,4171.28,0
104,5,21.42,12,5176.49,1
26,1,8.11,37,1200.0,0
61,1,22.33,30,1200.0,0
139,2,16.65,13,6446.45,1
48,4,6.46,18,2939.18,0
59,2,6.59,23,2978.9,0
97,2,5.47,36,5185.34,1
111,4,20.6,26,5209.39,0
32,4,11.76,23,1827.99,0
52,3,11.74,13,2090.81,0
149,4,4.68,11,9345.6,1
71,4,18.99,25,2900.27,0
25,5,3.64,3,2693.82,1
121,5,8.84,2,8039.52,1
46,4,18.96,9,2124.91,0
122,4,18.18,31,5862.82,1
35,3,4.19,0,2733.09,0
44,2,8.64,23,1775.28,0
80,2,23.2,1,3078.16,0
41,2,8.88,19,1989.89,0
112,5,15.88,30,5955.38,1
142,5,1.04,39,9577.23,1
36,2,13.79,29,1200.0,0
129,5,5.45,25,8384.33,1
101,2,9.45,26,5247.45,1
37,3,3.82,17,2390.97,0
120,3,10.03,34,6147.11,1
88,4,14.18,7,5014.52,1
140,1,15.07,9,6515.26,1
46,1,3.62,26,1977.69,0
75,4,8.85,17,4338.42,1
102,3,8.56,23,5512.42,1
145,4,18.86,2,8130.01,1
130,3,20.56,13,6563.77,1
55,3,12.53,24,2690.01,0
147,4,10.14,5,8860.18,1
45,1,8.45,4,2163.07,0
114,5,4.72,7,7854.35,1
32,1,9.19,39,1200.0,0
27,3,13.99,6,1200.0,0
110,5,8.81,12,7045.11,1
98,2,20.52,5,4042.73,0
92,1,24.21,33,2623.81,0
59,1,22.51,2,1582.48,0
56,4,7.34,2,3807.08,1
45,4,5.06,19,3158.44,1
64,5,21.02,0,3625.79,0
54,4,5.76,14,3935.39,0
115,4,7.49,38,6509.86,1
48,5,4.14,13,3766.43,1
53,5,24.2,12,2474.75,0
33,5,12.14,20,2044.23,0
123,2,0.72,32,7070.85,1
45,1,0.43,24,2793.36,0
70,1,12.16,23,2734.17,0
112,1,9.74,3,6383.68,1
75,3,2.88,24,4660.31,1
77,1,2.05,18,4196.74,1
94,4,0.33,29,6281.18,1
46,3,22.69,21,1200.0,0
35,5,18.14,14,1328.39,0
66,4,11.43,7,3944.4,1
93,2,23.76,17,3465.38,0
90,3,10.03,24,4683.7,0
82,2,17.83,8,3367.33,0
52,3,24.16,8,1358.23,0
147,4,9.2,14,8791.49,1
76,4,15.25,33,3199.29,0
33,1,16.78,18,1200.0,0
118,4,22.96,4,6053.41,1
145,4,19.33,18,7600.47,1
26,4,18.56,24,1200.0,0
133,3,9.08,16,8264.11,1
53,3,11.36,29,2353.07,0
127,3,1.8,8,8511.97,1
123,1,13.53,37,5420.36,0
76,1,1.54,25,3746.52,1
142,3,10.11,39,7270.66,1
76,4,17.36,28,3641.27,0
107,4,2.24,5,7356.83,1
109,2,24.74,2,4533.81,0
43,1,20.56,26,1200.0,0
56,4,13.01,34,3025.82,0
118,3,3.26,32,7398.1,1
90,5,24.39,34,3699.63,0
142,4,2.33,1,9415.13,1
71,2,1.6,7,4367.59,0
124,4,23.56,25,5359.08,1
85,3,3.66,2,5459.9,1
94,2,2.67,4,6336.57,1
41,2,5.88,39,1724.78,0
89,2,4.88,29,4688.22,1
97,2,18.85,0,4531.04,0
84,1,18.96,28,2795.65,0
31,1,15.37,33,1200.0,0
25,2,3.6,29,1574.77,0
88,1,7.8,17,4663.89,0
147,1,19.5,8,6736.42,1
64,3,23.22,12,1934.31,0
103,1,13.68,0,5043.01,1
105,4,18.7,13,5638.54,1
82,1,21.72,27,1927.61,0
119,2,22.72,15,4794.67,0
132,5,2.09,9,9387.81,1
140,3,2.82,11,9041.55,1
89,5,23.48,30,4117.62,1
94,4,13.24,17,5160.58,1
96,4,16.6,29,5252.12,1
109,5,8.71,35,6578.09,1
45,2,23.79,3,1200.0,0
135,2,13.86,30,6551.55,0
60,2,11.45,26,2362.1,0
46,3,2.59,16,3178.95,0
108,1,1.65,27,6136.32,1
80,2,5.44,37,4367.5,0
140,2,6.84,38,7101.14,1
28,4,11.51,20,1401.8,0
110,2,20.01,1,4818.99,1
121,1,23.08,4,4912.89,0
135,5,13.91,38,7237.99,1
68,2,15.11,27,3043.2,0
135,3,10.61,18,7222.89,1
59,2,4.82,21,3187.22,0
57,4,4.71,38,3621.63,0
92,4,22.46,11,4335.19,1
92,2,6.72,37,4770.87,0
124,4,21.79,20,6193.33,1
39,4,19.91,29,1200.0,0
138,5,9.35,37,7935.78,1
64,1,13.19,13,2740.55,0
43,1,10.08,16,1526.66,0
28,3,5.62,23,1313.18,0
26,5,17.24,36,1200.0,0
82,3,12.74,3,4303.59,0
100,2,10.8,17,5142.99,1
121,3,15.94,22,6132.74,1
34,5,0.35,30,3178.42,0
35,4,21.82,5,1200.0,0
64,1,22.63,38,1200.0,0
38,1,22.79,11,1200.0,0
78,4,15.66,17,3648.5,0
76,3,14.56,19,3655.77,0
84,3,13.53,32,4069.7,0
109,4,3.65,19,7118.86,1
44,5,8.78,28,2484.32,0
128,5,19.58,31,6423.89,1
105,3,19.26,29,4384.39,0
138,1,4.13,35,7429.56,1
127,5,10.01,3,8171.47,1
121,1,5.99,16,6657.39,1
54,5,16.34,38,2711.44,0
28,2,4.44,24,1262.0,0
40,5,10.83,8,2661.47,0
43,1,13.34,34,1200.0,0
33,2,22.58,4,1200.0,0
78,4,24.51,9,3436.94,0
145,1,22.5,28,6103.41,1
137,2,2.11,31,7959.35,1
47,4,0.85,36,3036.07,0
130,2,16.1,26,6095.44,1
132,1,22.41,31,4957.72,0
87,1,17.14,7,3586.61,0
87,1,22.85,21,2455.77,0
34,3,13.43,38,1200.0,0
56,1,24.65,5,1200.0,0
81,1,0.88,27,4229.89,0
113,2,5.6,33,6193.69,1
99,2,17.04,29,4223.63,0
77,4,22.88,7,3165.65,0
34,4,22.2,17,1200.0,0
32,5,3.01,36,2515.33,1
139,3,5.84,35,8030.19,1
105,5,2.47,37,7084.54,1
103,4,4.7,32,6666.14,1
33,1,4.29,6,2079.93,0
117,3,12.25,13,6484.05,1
31,5,18.08,8,1325.28,0
80,4,11.06,32,4307.39,1
132,4,0.36,15,9373.74,1
72,2,9.22,29,3529.4,0
42,1,24.95,19,1200.0,0
90,4,2.92,27,6078.59,1
94,4,19.5,18,4599.3,1
133,5,16.81,14,7315.8,1
64,2,18.76,35,1897.7,0
71,1,23.07,3,1923.79,0
132,4,17.42,31,7129.95,1
112,3,5.22,6,6866.56,1
79,4,16.66,27,3586.24,0
134,1,17.7,16,6075.56,0
136,1,7.88,4,7662.74,1
141,1,11.45,39,6656.15,1
102,2,3.45,24,6082.54,1
82,1,3.14,39,3903.86,0
144,2,1.27,10,9043.07,1
117,3,13.62,25,6193.36,0
38,2,6.03,18,1695.63,0
71,3,16.96,9,3454.14,1
91,5,7.67,29,5308.53,1
98,5,2.01,35,6509.92,1
120,3,4.72,10,7475.21,1
98,4,7.76,5,6261.0,1
40,1,4.16,25,1729.34,0
55,4,20.91,3,2263.9,0
57,2,19.9,26,1558.31,0
53,1,13.76,36,1277.9,0
103,3,22.98,19,4367.78,0
97,1,11.59,37,3863.98,0
127,5,1.64,13,9046.05,1
66,1,21.35,16,1505.64,0
34,3,7.34,2,2478.18,0
130,1,5.45,24,7023.95,1
130,5,6.54,25,8026.12,1
51,5,12.06,39,2529.74,0
87,3,17.81,39,3539.7,0
66,1,11.86,8,3038.28,0
140,4,14.54,6,8089.38,1
46,4,18.69,29,1541.39,0
87,3,6.67,8,5203.08,1
123,4,8.87,29,7150.84,1
110,3,9.1,1,6703.45,1
99,4,10.44,20,5558.3,1
145,5,24.83,39,6675.05,1
140,1,12.68,33,6090.31,1
121,3,19.48,16,5527.48,0
60,1,3.46,13,3523.52,0
77,5,15.85,23,4149.32,0
145,3,19.71,36,6631.61,1
110,2,3.74,29,5896.59,1
125,2,0.36,20,7379.78,1
128,3,6.2,24,7508.14,1
64,3,2.84,26,4045.48,1
39,4,8.19,1,2710.3,1
128,1,15.08,9,6213.12,1
54,4,7.31,36,3359.12,0
97,5,12.29,3,5899.38,1
62,5,4.75,12,4611.86,1
126,4,9.49,20,7857.98,1
84,5,5.55,21,5834.57,1
112,5,23.25,25,5113.73,1
51,5,12.83,11,2849.73,1
91,1,15.02,0,3725.71,0
112,4,16.02,36,5515.49,1
68,1,23.13,31,1494.69,0
116,1,6.6,0,6621.55,1
141,5,16.67,27,7589.35,1
97,3,7.2,2,6207.93,1
143,2,13.11,38,7192.28,1
124,5,6.12,11,8258.34,1
127,2,1.0,39,7297.82,1
86,5,9.4,10,5640.53,1
49,2,16.55,36,1262.97,0
124,2,22.89,1,5680.21,0
71,5,4.87,38,4874.39,1
52,5,17.8,26,2567.62,0
116,3,9.48,21,6892.03,1
64,3,22.62,24,1726.41,0
33,1,1.3,10,2621.14,0
126,1,19.97,14,5754.93,0
92,2,14.2,11,4395.18,0
51,3,20.19,2,1682.36,0
87,2,2.28,10,5490.12,1
113,3,24.49,39,3731.05,0
94,4,10.77,1,6149.85,1
126,4,3.75,34,8021.71,1
97,2,12.19,4,5121.51,1
143,1,6.92,13,7806.23,1
56,4,0.56,13,4566.97,1
123,1,16.2,25,5483.88,0
64,5,10.86,36,3667.09,0
80,4,2.68,33,5234.71,1
53,5,23.92,21,1805.1,0
45,5,24.83,11,1703.36,0
118,4,24.66,12,5053.21,1
95,1,6.76,30,4719.62,0
89,2,8.81,31,4194.32,0
75,1,3.07,19,3774.69,1
37,1,16.49,33,1200.0,0
118,5,10.65,21,7212.92,1
33,2,20.77,22,1200.0,0
73,2,22.31,38,2100.56,0
58,4,4.67,7,3865.58,1
32,4,21.02,37,1200.0,0
112,5,0.86,4,8502.55,1
124,1,6.17,26,6414.37,1
103,4,2.5,34,6665.47,1
99,3,18.68,27,4243.66,0
49,5,17.1,8,2352.9,0
43,5,22.19,36,1200.0,0
119,4,6.01,32,7396.39,1
116,4,13.16,6,6632.83,1
111,1,22.38,8,4474.13,0
105,2,13.54,27,5135.92,1
26,1,0.33,39,1200.0,0
37,2,21.49,32,1200.0,0
120,4,18.09,1,6238.04,1
109,4,11.19,20,6313.11,1
95,4,4.78,0,6817.67,1
71,1,2.63,4,4105.99,0
39,1,14.28,20,1200.0,0
45,2,22.11,16,1200.0,0
75,5,3.56,16,5676.64,1
93,3,2.2,17,5809.09,1
117,2,10.95,35,6037.71,0
28,2,22.61,27,1200.0,0
62,2,11.97,27,2477.02,0
41,3,15.05,7,1615.04,0
115,3,20.14,38,4995.3,1
137,1,2.38,19,7734.79,1
122,3,12.94,32,6017.09,1
33,1,3.8,13,1690.16,0
85,5,14.0,26,4743.44,1
87,1,5.68,14,4632.19,0
135,5,8.75,23,8397.79,1
124,5,4.49,19,8400.36,1
120,1,9.02,21,6292.53,1
59,4,21.96,9,2229.77,0
72,4,19.28,4,3630.96,1
92,1,8.92,20,4710.59,0
84,3,12.68,9,4199.43,1
33,2,13.82,17,1200.0,0
74,1,1.44,24,4067.02,0
29,1,18.76,15,1200.0,0
27,3,8.88,35,1200.0,0
36,5,14.31,8,1966.55,0
100,2,5.7,19,5753.58,1
119,4,22.22,10,6304.22,1
139,5,1.2,31,9495.1,1
36,2,19.86,35,1200.0,0
105,3,2.58,34,6779.95,1
43,3,19.83,16,1200.0,0
50,4,4.51,10,4019.93,1
49,1,17.76,7,1346.63,0
115,5,10.2,13,6963.73,1
97,2,0.6,5,6355.97,1
57,5,4.57,2,4385.31,1
93,4,19.8,4,4833.88,1
73,3,7.82,0,4545.07,1
149,5,8.73,4,9991.25,1
128,4,21.62,3,6848.46,1
122,1,0.4,16,7276.95,1
113,1,13.36,2,5853.34,1
32,2,8.34,31,1287.15,0
75,4,4.81,18,4790.93,1
98,3,23.1,14,4615.94,0
124,1,9.67,36,6019.3,0
80,2,0.81,17,5441.81,1
134,3,16.13,18,6828.72,1
73,1,0.35,1,4573.9,1
28,5,10.29,26,1575.95,0
70,1,13.67,33,1976.69,0
145,4,23.77,19,7080.84,1
93,3,10.47,36,4800.64,1
137,3,22.22,22,6182.03,1
129,1,17.82,8,6141.19,0
138,4,7.16,5,8688.04,1
87,2,4.44,17,4916.3,1
79,1,3.59,20,4013.82,0
41,1,14.45,16,1200.0,0
89,3,23.69,38,3100.8,0
65,4,12.93,0,4159.92,1
97,3,2.92,0,6625.62,1
76,1,4.26,39,3454.72,0
52,3,18.08,9,2121.73,0
109,3,8.52,22,6103.13,1
117,5,22.46,35,5225.66,1
71,1,10.55,9,3364.28,0
25,3,22.32,22,1200.0,0
79,2,15.5,35,2722.83,0
78,5,8.75,24,4786.52,1
116,5,15.59,14,7032.23,1
106,2,13.61,37,4752.99,0
115,2,9.93,7,6618.05,1
59,3,21.2,4,2243.24,0
77,4,17.38,28,3577.0,0
30,1,18.31,17,1200.0,0
65,2,10.22,4,3362.73,0
53,1,11.04,34,1484.3,0
69,3,20.85,32,1822.33,0
95,4,4.82,16,6207.23,1
95,3,19.99,17,4493.49,0
58,2,1.68,7,3683.59,0
85,5,18.3,6,5023.14,1
105,4,6.6,14,6768.52,1
87,2,1.52,16,5453.3,1
72,3,14.46,33,2934.22,0
107,3,19.13,15,5153.56,0
123,5,13.4,37,6545.09,1
52,4,21.1,2,2462.73,0
50,3,19.32,18,1517.94,0
145,1,11.05,24,7584.42,1
142,4,22.2,32,6513.97,0
143,3,0.7,10,9349.68,1
133,2,9.49,9,7297.81,1
97,4,10.71,11,5766.55,1
112,2,14.98,38,5304.78,0
144,2,13.4,23,7204.69,1
133,1,16.55,17,6182.26,1
44,3,16.5,21,1362.83,0
128,3,1.58,31,8030.54,1
121,1,10.59,28,5816.46,0
75,4,15.51,36,3285.31,0
82,3,16.81,27,3680.37,0
105,4,23.15,37,3996.98,0
114,2,14.1,14,5406.76,1
114,5,4.03,39,7074.26,1
43,1,9.7,24,1200.0,0
119,4,18.87,2,6331.41,1
101,1,13.7,32,4380.29,0
74,1,13.86,34,2431.71,0
58,5,13.99,0,3697.63,1
27,5,17.6,23,1200.0,0
55,2,8.63,36,2192.74,0
110,4,9.88,8,7401.86,1
73,3,17.22,4,3375.22,1
73,2,13.51,36,2707.33,0
82,2,11.48,10,3987.42,0
73,4,23.93,18,2878.23,0
106,1,18.87,22,3840.92,0
80,5,4.3,0,6175.7,1
94,1,22.04,17,3529.29,0
124,4,5.5,27,7776.81,1
115,2,20.53,25,4815.15,0
71,2,18.9,31,2573.01,0
28,1,19.31,20,1200.0,0
121,1,1.35,16,7059.1,1
98,4,15.99,26,5116.43,0
127,3,14.41,28,6692.1,1
67,4,11.8,38,3394.57,0
29,2,14.88,21,1200.0,0
139,5,21.9,24,7171.64,1
75,5,9.28,2,5447.18,1
142,4,16.56,21,7844.69,1
35,5,3.23,15,3273.66,1
34,4,6.01,34,2452.17,1
109,2,9.44,13,5902.69,1
43,4,6.79,9,3362.04,1
121,5,19.49,20,6648.29,1
135,2,14.26,19,6459.91,1
98,1,2.25,5,5883.6,1
59,5,1.38,8,5040.84,1
28,3,9.72,4,1723.01,0
55,2,24.93,14,1200.0,0
97,1,11.76,29,4076.47,0
83,2,21.56,35,2765.22,0
36,4,16.97,9,1200.0,0
134,3,16.9,11,6929.07,1
49,4,21.59,28,1239.32,0
42,3,10.03,11,2358.96,0
73,5,20.64,2,3894.6,1
51,2,5.02,13,2577.55,0
108,5,8.18,34,6379.52,1
127,3,22.63,12,5740.98,1
27,3,7.94,31,1200.0,0
93,5,19.95,1,5002.81,1
75,2,6.61,0,4544.35,0
139,5,11.3,6,8547.72,1
67,3,10.08,18,3987.86,1
135,3,17.43,6,7628.36,1
90,3,19.0,39,3455.76,0
140,5,23.86,5,7794.64,1
48,4,1.93,16,3777.42,1
78,1,1.29,34,4104.99,0
135,3,1.85,34,7768.14,1
142,2,9.24,29,7879.87,1
82,3,22.67,12,3059.83,0
71,3,4.15,5,4402.62,1
76,2,14.45,3,3443.12,0
140,4,8.69,2,8888.9,1
126,5,16.45,5,7641.77,1
141,1,5.77,37,7443.82,1
70,4,1.3,10,5421.45,1
137,2,2.82,13,8854.05,1
79,4,13.9,18,4153.36,0
66,3,0.76,27,4170.62,1
75,4,5.09,0,4982.04,1
41,2,3.82,18,2540.26,0
146,2,20.96,16,6993.54,1
130,5,24.65,0,6978.3,1
96,3,14.99,25,4091.56,0
25,1,24.37,24,1200.0,0
92,3,9.49,17,5227.8,1
121,3,9.24,36,6388.13,1
26,3,5.4,1,1976.38,0
137,3,23.21,39,5714.82,0
114,4,4.86,34,6838.97,1
129,2,10.01,1,7179.05,1
63,5,16.52,38,2938.97,0
145,4,18.77,22,7573.06,1
125,5,2.71,24,8608.51,1
75,3,16.98,4,3592.88,0
102,1,1.32,27,5863.18,1
119,1,20.26,23,4593.57,0
139,4,10.0,30,7448.86,1
125,1,10.34,31,5843.47,0
75,5,7.37,16,4632.05,1
95,3,16.76,0,4956.99,0
104,2,6.09,14,6091.63,1
147,1,20.4,36,6345.16,0
65,3,3.93,39,3501.74,0
102,3,3.95,12,6435.04,1
138,1,5.31,10,7769.13,1
128,4,2.12,18,8901.5,1
96,1,2.73,22,5360.24,1
125,2,16.66,3,6334.84,1
96,2,3.92,12,5949.08,1
85,1,22.17,19,2542.06,0
104,3,17.15,21,4727.11,0
97,3,18.51,20,3915.47,1
99,4,22.79,24,4452.55,0
133,2,0.57,10,8392.92,1
47,5,16.21,11,2798.92,0
46,1,4.43,38,1544.76,0
38,1,5.39,33,1629.07,0
80,2,5.01,9,4696.13,0
34,4,19.66,37,1200.0,0
110,1,16.97,31,4610.56,0
26,3,19.29,32,1200.0,0
141,2,11.81,17,7319.54,1
145,2,6.54,28,7953.34,1
124,2,18.29,31,5285.04,0
71,1,13.89,27,2900.18,0
65,2,11.29,18,2933.58,0
40,4,23.23,3,1200.0,0
133,5,12.35,9,7794.17,1
145,3,8.45,27,8352.14,1
45,4,16.74,15,2025.25,0
118,4,14.36,18,6192.73,1
65,4,4.31,29,4402.69,1
143,4,1.65,21,9520.05,1
78,2,8.46,13,4238.01,0
139,5,4.93,21,9427.98,1
57,3,3.8,26,3875.9,0
73,1,7.76,33,3081.54,0
105,3,3.41,25,6556.19,1
89,3,19.69,39,3057.17,0
96,3,11.02,32,4873.67,1
113,5,13.88,4,6935.73,1
39,4,5.83,0,3110.28,0
86,2,17.19,36,3422.57,0
54,3,24.33,28,1213.86,0
148,2,17.12,3,7096.48,1
100,2,21.96,8,3930.72,0
93,1,23.38,15,2965.35,0
46,1,14.91,11,1200.0,0
86,1,2.26,14,4727.61,1
141,3,1.42,39,8709.16,1
44,4,17.92,9,1905.69,0
138,2,18.21,23,6433.41,0
93,1,14.25,17,3711.45,0
133,5,2.39,35,8826.22,1
77,3,6.54,1,4845.73,1
29,1,17.62,17,1200.0,0
63,5,22.19,29,2270.28,0
111,1,8.33,13,5739.25,1
103,3,17.44,39,4646.89,0
94,1,24.07,34,2873.24,0
119,1,6.52,11,6900.31,1
38,4,10.28,16,2370.15,0
123,1,17.36,13,5813.08,0
80,5,12.16,38,4355.2,1
139,2,16.23,35,6870.6,0
81,5,18.45,21,4366.59,1
87,4,19.81,23,4199.91,0
128,5,18.77,37,6362.34,1
25,5,6.41,15,2675.64,1
148,2,0.39,34,8578.46,1
145,1,21.59,11,6692.23,1
89,4,19.71,1,4661.41,1
63,5,22.41,18,2701.6,0
138,3,10.98,34,7138.72,1
77,5,2.95,24,5639.26,1
71,1,11.02,7,3263.07,0
79,1,18.66,2,2728.74,0
71,1,7.16,10,3276.67,0
111,1,19.65,8,4624.33,0
112,4,21.13,23,5351.09,0
27,2,22.65,36,1200.0,0
83,2,13.18,32,3682.43,0
125,1,24.0,13,5113.69,0
86,2,19.8,24,2673.68,0
25,1,18.96,33,1200.0,0
25,1,15.34,24,1200.0,0
41,5,4.31,18,3487.33,1
94,5,2.49,16,6843.45,1
93,1,9.33,38,4155.59,0
58,4,15.05,31,2205.87,0
60,2,8.51,25,2690.76,0
25,4,17.64,11,1200.0,0
116,2,4.58,39,6421.25,1
131,5,21.33,6,7415.06,1
75,1,0.38,21,4491.68,0
69,1,19.78,21,1865.74,0
31,3,1.17,9,2653.63,0
73,4,2.6,9,5145.73,1
91,5,17.29,20,4658.74,1
77,3,8.73,39,4323.65,0
75,1,3.48,6,4399.67,0
30,2,21.46,22,1200.0,0
126,1,8.92,5,6860.36,1
125,2,14.52,28,5952.83,1
129,2,24.43,38,5125.48,1
148,1,20.29,13,6571.27,0
138,1,16.24,38,5976.27,0
27,5,11.16,28,1473.92,0
75,5,10.34,20,4602.31,1
37,5,10.97,19,1974.15,0
139,2,20.23,7,6709.59,1
75,4,14.63,38,3778.4,0
81,4,21.52,37,3017.66,0
98,3,22.56,22,4049.22,0
71,4,9.3,10,4342.96,1
88,4,12.84,1,5091.25,1
61,4,8.12,17,3759.84,0
135,3,15.94,2,7366.02,1
147,5,22.89,38,7197.59,1
77,1,19.46,38,2198.59,0
118,1,2.77,10,7123.37,1
141,2,5.53,19,8226.6,1
136,5,8.08,31,8297.13,1
85,5,12.74,2,5222.51,1
84,5,23.66,3,3806.69,1
134,2,14.13,4,7226.95,1
95,2,22.37,14,3896.54,0
128,2,24.76,11,5491.05,0
67,4,2.08,27,4532.92,1
55,2,2.3,36,3319.15,0
69,1,9.73,18,2526.88,0
39,5,9.7,37,2433.66,0
121,2,12.74,37,5861.68,1
83,5,2.14,8,6014.62,1
94,3,3.6,30,5600.65,1
115,1,5.62,10,6260.45,1
86,2,13.85,35,3715.18,0
60,5,24.2,16,2311.71,0
136,1,7.76,15,7369.87,1
33,4,11.49,3,2343.43,0
54,5,3.69,0,4359.56,1
103,4,15.19,36,4908.89,1
106,1,23.16,28,3498.83,0
92,2,7.28,29,4876.49,1
117,3,23.43,33,4683.79,0
119,2,6.76,4,7032.01,1
120,2,15.81,17,5644.0,0
137,2,0.31,1,8996.61,1
87,4,9.57,21,4758.31,1
108,1,16.31,9,4633.73,1
53,1,17.41,24,1205.15,0
78,5,5.28,28,5459.95,1
27,2,19.65,21,1200.0,0
65,5,21.35,21,2949.38,0
103,5,12.27,39,5705.39,1
77,5,20.96,34,3313.16,0
106,5,13.64,7,6484.38,1
72,3,11.58,31,3074.43,0
37,1,22.86,24,1200.0,0
144,3,14.62,38,7348.69,1
39,1,19.23,38,1200.0,0
73,2,10.66,38,3593.22,0
90,1,4.62,13,4824.92,0
78,5,4.29,19,5441.17,1
119,1,0.78,11,7295.12,1
121,4,15.33,15,6552.59,1
82,3,0.4,38,5482.62,1
112,2,14.25,7,5309.61,1
51,4,8.14,28,3244.2,1
52,4,0.56,23,3925.7,1
75,5,7.31,0,5582.65,1
145,1,22.77,20,5718.66,0
125,2,11.02,16,6613.02,1
33,3,15.05,22,1200.0,0
120,4,2.01,19,7636.41,1
25,3,15.38,4,1200.0,0
89,1,17.22,11,3696.31,0
42,5,22.74,6,1636.18,0
30,3,17.74,19,1200.0,0
120,4,10.93,10,7317.52,1
63,2,18.87,24,1863.97,0
79,1,13.53,28,2911.99,0
124,2,15.16,4,6202.16,1
89,3,22.18,9,4080.0,0
99,3,21.45,6,4805.68,0
36,1,10.85,33,1200.0,0
53,2,1.3,18,3481.76,1
83,5,16.9,9,4137.3,1
37,4,7.68,6,2268.37,1
46,2,18.82,22,1200.0,0
81,5,18.93,23,3991.94,0
90,3,24.41,20,3350.29,0
61,5,19.3,8,3318.2,1
39,4,23.09,23,1200.0,0
109,1,10.17,20,5130.07,0
61,5,19.46,0,3368.9,0
25,5,19.44,7,1200.0,0
40,5,5.63,11,3507.14,1
71,2,10.62,16,3934.48,0
81,4,8.29,22,5059.35,1
41,4,14.12,25,1808.44,0
105,1,1.98,14,6011.13,1
60,1,19.13,8,1476.72,0
58,1,4.16,9,2893.38,0
137,2,16.61,39,6227.62,0
60,4,22.61,38,1655.89,0
93,5,18.14,23,4994.55,0
140,1,14.81,20,6550.5,1
71,5,0.66,5,5816.86,1
33,4,11.52,23,1874.72,0
127,4,6.57,15,7783.92,1
128,4,13.1,21,7116.85,1
133,5,10.55,20,8210.05,1
137,4,20.67,26,7092.74,1
131,4,0.84,0,9058.81,1
141,4,23.84,27,6153.68,0
37,1,11.44,11,1200.0,0
67,3,13.16,17,3367.39,0
25,3,11.85,0,1408.22,0
107,3,18.2,9,5537.59,1
142,2,18.7,3,7049.2,1
48,4,6.55,19,3750.69,0
141,4,12.1,16,8072.1,1
62,4,14.95,6,3427.22,0
79,3,4.81,35,4850.86,1
57,2,17.78,10,1754.62,0
136,3,18.28,13,7036.22,1
47,2,15.97,26,1222.92,0
105,3,15.86,34,4540.89,0
107,3,12.86,5,6062.39,1
148,3,18.29,28,7497.44,1
149,3,15.38,25,7882.12,1
60,5,20.25,29,2774.43,0
141,5,0.43,33,9206.24,1
131,3,9.4,25,7468.6,1
143,5,11.57,2,8900.1,1
130,5,1.78,2,9006.8,1
60,4,12.23,26,2909.67,0
42,3,18.56,10,1326.65,0
33,5,13.66,3,1670.27,1
117,3,18.96,26,5436.92,1
38,2,13.32,27,1200.0,0
56,1,7.76,1,2681.9,0
41,5,1.37,28,3159.85,0
29,2,10.86,39,1200.0,0
113,1,17.11,9,5552.22,0
91,5,20.21,19,4778.05,0
149,1,11.18,21,7512.56,1
41,4,24.22,2,1200.0,0
28,4,12.86,21,1200.52,0
51,4,24.7,35,1200.0,0
145,4,23.45,19,7011.57,1
110,3,10.54,17,6295.61,1
69,4,24.25,3,2447.11,0
122,3,4.46,17,8034.21,1
96,3,23.75,29,3498.65,0
56,2,21.33,38,1200.0,0
143,4,20.4,25,7338.26,1
84,4,7.47,12,5443.81,1
147,2,3.45,5,8860.96,1
54,4,19.18,25,1978.93,0
43,4,4.48,26,2732.57,1
119,5,21.45,29,5713.37,1
115,3,22.38,30,4931.13,0
43,2,0.93,18,3228.92,0
65,4,20.52,17,2893.31,0
38,2,8.49,30,1299.89,0
48,3,20.84,29,1200.0,0
52,5,24.74,37,1226.96,0
128,1,12.17,25,6108.84,1
86,4,20.21,27,3880.51,0
71,1,18.68,7,2183.45,0
72,4,21.54,37,2601.06,0
73,4,3.2,19,5049.0,1
110,3,22.5,18,4692.46,1
60,5,3.3,3,4887.42,1
114,5,15.77,25,6095.55,1
112,5,14.09,11,6472.97,1
139,4,0.47,13,9536.39,1
85,3,15.89,26,3660.39,0
88,2,8.83,6,4793.09,1
66,2,7.61,10,3522.48,1
74,4,5.16,5,5238.44,1
50,4,6.25,1,3329.58,1
74,5,12.39,20,4374.43,1
137,5,11.32,32,7902.57,1
74,2,20.39,19,2705.52,0
58,3,5.76,14,3897.71,0
142,3,13.39,3,7826.02,1
44,3,17.67,29,1204.32,0
66,3,5.07,23,4138.13,0
36,5,10.43,1,2686.79,1
131,4,9.89,23,7434.46,1
132,1,7.94,13,7106.77,1
39,2,3.79,20,2030.52,0
116,2,23.02,17,4786.53,0
111,2,21.98,35,4064.16,0
80,5,16.93,17,4443.31,1
95,2,8.25,29,4602.67,1
111,4,11.08,2,6764.45,1
32,5,20.84,3,1221.03,0
111,1,3.02,34,6050.19,0
46,2,0.97,36,2494.97,0
34,1,8.7,29,1200.0,0
118,3,20.96,10,5221.15,1
119,1,11.85,15,6222.25,1
63,4,0.44,1,5079.64,1
96,5,5.78,3,6514.36,1
53,3,4.51,3,3463.16,1
86,2,24.52,37,2036.95,0
40,1,14.9,20,1200.0,0
149,1,14.3,19,7248.93,1
139,4,21.27,19,6919.77,1
103,1,11.45,22,4395.1,0
105,3,18.03,24,5009.76,0
126,5,9.75,20,7490.37,1
73,3,19.06,1,3818.0,0
115,2,10.29,4,6370.9,1
27,3,3.05,31,1459.94,0
69,4,24.58,14,2445.44,0
76,3,12.3,39,3061.15,0
110,3,6.68,14,6371.18,1
121,2,11.44,12,6239.94,1
73,5,22.87,30,3233.99,0
145,1,7.17,38,7297.16,1
64,3,1.9,7,4335.97,1
112,5,5.54,16,7590.59,1
42,2,20.63,38,1200.0,0
56,3,22.68,29,1233.37,0
52,2,1.16,35,2597.3,1
59,2,4.43,34,3333.29,0
80,4,14.02,14,4367.54,1
87,5,23.14,35,3582.53,0
130,4,0.5,37,8222.81,1
62,2,15.66,6,2312.56,0
87,2,21.96,19,3225.3,0
41,4,7.35,4,2798.75,0
85,3,11.93,38,3878.14,0
49,2,23.07,4,1200.0,0
130,4,22.19,5,6597.95,1
144,2,22.58,24,6504.66,0
142,1,14.09,14,6835.37,1
99,2,4.36,12,5826.49,1
117,5,14.82,1,6992.24,1
97,3,13.82,35,4919.95,0
37,3,22.26,0,1200.0,0
73,2,5.13,34,3828.72,0
89,5,23.66,30,3584.02,1
139,1,21.73,21,6006.49,1
115,2,16.41,13,5240.13,0
40,3,10.25,20,1891.42,0
61,4,20.05,22,2498.31,0
69,3,20.53,20,2533.53,0
122,3,20.45,9,5938.88,1
40,1,0.92,29,1965.43,0
123,4,1.05,31,7737.45,1
35,2,0.47,4,2746.1,0
146,5,16.57,37,8083.04,1
122,2,23.19,21,5049.92,0
143,3,2.15,16,8968.93,1
30,5,13.6,7,1988.88,0
115,3,20.05,2,5485.23,1
72,5,18.92,13,3727.29,0
144,4,5.81,2,9486.72,1
31,5,10.3,2,2318.63,1
144,1,19.17,31,6089.2,1
71,3,8.34,10,4277.63,1
28,4,22.73,8,1200.0,0
55,2,22.61,18,1200.0,0
83,1,20.48,27,2322.22,0
45,5,17.44,39,1762.93,0
58,3,3.6,24,3787.42,0
127,1,23.14,16,5161.24,0
33,1,21.84,29,1200.0,0
92,1,15.41,5,3956.46,0
68,4,20.59,21,2704.28,0
28,3,22.84,2,1200.0,0
69,1,6.95,30,3295.79,0
86,4,12.7,24,4962.57,1
85,4,1.01,10,5874.04,1
40,4,5.69,38,2448.39,0
70,1,13.25,31,2439.49,0
80,2,14.64,22,3455.12,0
104,1,9.57,10,5198.59,0
37,2,1.66,21,1874.94,0
119,2,20.56,0,5633.17,1
42,1,7.72,11,1786.38,0
133,1,10.25,2,6848.45,1
96,4,6.85,10,6379.5,1
94,2,9.47,32,4614.46,1
50,2,2.93,1,3279.85,0
136,4,13.76,20,7364.27,1
81,3,15.07,11,3865.88,1
39,3,18.47,16,1200.0,0
63,2,18.78,14,2336.2,0
34,3,19.16,8,1200.0,0
81,1,3.39,26,4252.66,1
44,1,15.05,29,1200.0,0
41,3,0.48,30,3243.78,0
51,5,11.85,5,3375.63,1
132,3,20.06,9,6840.22,1
126,5,22.73,15,6499.85,1
144,4,1.28,25,9292.01,1
124,1,2.83,15,7132.96,1
124,5,5.27,34,7973.51,1
117,5,3.47,36,7550.19,1
98,4,24.09,18,4048.8,0
32,3,6.74,25,1722.99,0
37,1,15.95,34,1200.0,0
64,3,24.53,26,1296.58,0
26,4,16.05,22,1200.0,0
97,2,22.16,30,3713.5,0
125,4,1.44,37,7967.3,1
145,5,13.17,10,8684.46,1
139,5,5.75,27,8799.88,1
84,4,9.42,27,4975.64,1
145,3,4.58,2,9268.48,1
34,5,14.41,7,2286.02,0
76,5,12.8,36,3794.1,0
114,5,7.71,4,7345.82,1
99,1,7.9,35,4765.57,0
122,3,4.72,24,7314.7,1
89,3,6.04,38,4953.58,1
44,2,1.18,23,2494.38,0
101,3,23.21,12,4141.75,0
90,3,13.7,17,4836.72,1
72,1,0.45,16,4307.04,1
128,4,9.57,25,7169.86,1
86,3,0.77,18,6066.92,1
50,5,2.88,33,3738.09,1
148,3,12.83,10,8247.52,1
33,2,7.08,3,2156.53,0
67,1,18.59,13,2090.95,0
30,5,4.91,23,2758.72,1
67,5,21.39,3,3584.93,0
103,2,8.62,6,5664.31,1
107,5,5.02,29,6917.12,1
97,2,4.28,30,5656.94,1
89,1,20.99,37,2379.71,0
94,5,20.94,13,4882.37,1
98,5,2.85,32,6367.43,1
30,2,12.87,32,1200.0,0
96,3,6.07,12,6142.63,1
62,2,9.44,35,2814.95,0
113,3,5.44,25,6847.8,1
37,4,7.75,18,2513.5,1
40,5,5.39,7,3210.93,0
45,4,16.49,37,1600.16,0
111,5,23.35,31,5370.49,0
63,4,5.74,18,4179.41,0
127,5,20.01,19,7023.94,1
27,5,19.32,18,1386.52,0
62,5,10.75,21,3281.76,1
60,1,5.72,37,2632.73,0
36,4,14.74,7,1792.03,0
123,4,20.66,38,5824.1,1
111,2,15.93,12,5839.23,1
71,3,12.56,9,3997.95,0
80,4,15.11,20,4145.57,0
65,5,4.93,3,5186.38,1
101,5,23.33,9,5356.46,1
27,3,3.23,28,1744.29,0
43,2,17.63,23,1200.0,0
118,2,20.8,15,4832.26,1
111,4,14.94,27,6107.91,1
91,5,9.0,25,5486.05,1
110,4,12.14,31,5974.97,1
65,3,15.62,21,2872.68,0
103,2,23.26,30,3387.79,0
122,2,16.84,34,5550.97,0
36,2,20.8,36,1200.0,0
123,1,10.9,27,6093.0,1
68,3,22.97,20,2489.53,0
110,3,16.65,0,5713.88,1
149,4,10.49,1,9571.48,1
35,2,16.0,15,1200.0,0
75,3,24.9,33,2477.64,0
83,4,2.09,13,6061.29,1
137,2,17.75,29,6279.02,0
144,3,6.28,11,8538.7,1
58,2,22.1,12,1304.22,0
76,2,20.87,26,2223.14,0
142,5,5.4,37,8830.96,1
40,2,9.39,5,1939.0,0
149,4,22.13,18,7619.04,1
82,1,20.67,29,2784.77,0
38,5,1.05,37,3201.92,0
121,1,3.36,11,7205.53,1
55,5,9.03,25,3604.53,0
134,1,15.05,6,6756.25,1
138,3,24.15,10,6535.2,1
36,1,8.39,11,1444.28,0
66,4,2.45,14,4689.04,1
86,5,17.29,25,4147.46,0
98,5,14.86,37,5034.61,1
140,1,15.88,31,6466.92,1
68,5,16.07,36,3022.35,0
47,3,15.57,36,1517.52,0
32,5,5.54,36,2202.17,1
90,2,13.92,28,4338.93,0
87,5,13.9,4,5331.97,1
107,5,1.71,21,7447.71,1
122,2,1.1,39,6810.35,1
136,2,10.07,19,7844.52,1
72,3,12.87,17,3652.75,0
41,3,18.05,3,1200.0,0
95,2,1.08,15,5974.72,1
80,5,19.68,0,4127.28,1
127,2,24.11,2,5678.19,0
77,1,7.39,23,3992.14,0
140,4,12.13,4,8549.89,1
50,3,3.46,37,2334.38,0
141,5,24.39,37,6899.99,1
102,2,10.25,32,4752.12,0
134,1,13.55,11,6347.07,1
144,4,13.65,36,7659.0,1
53,2,1.26,18,3234.05,0
75,2,7.64,33,3546.06,1
121,4,11.86,19,7064.28,1
54,5,24.77,13,2327.71,0
116,3,9.01,36,6302.84,1
39,2,24.95,25,1200.0,0
70,1,19.02,28,2028.94,0
76,1,7.21,24,3708.54,0
132,4,22.64,18,6211.94,1
68,5,6.67,6,4801.57,1
63,5,23.16,32,2510.1,0
31,5,13.38,20,1862.42,0
26,3,7.29,2,1796.09,0
58,1,4.32,22,2612.08,0
69,4,23.84,35,1819.28,0
90,5,22.11,7,4547.48,1
59,1,14.06,11,1855.72,0
95,2,8.97,29,5032.33,1
107,1,4.7,36,5230.01,0
86,4,6.52,38,4812.42,1
61,3,15.4,5,2806.51,0
111,1,19.3,32,4118.51,0
29,5,3.9,10,2667.78,0
100,5,11.79,9,6145.19,1
25,3,13.14,0,1421.49,0
28,5,23.53,2,1200.0,0
116,3,21.59,35,5035.49,0
128,2,0.99,3,7973.03,1
102,4,3.03,27,6684.38,1
55,4,15.47,30,2171.26,0
143,2,13.29,24,7175.59,1
65,1,2.81,16,3242.28,1
137,4,10.61,33,7838.48,1
128,3,7.35,26,7299.93,1
121,4,20.94,37,5731.67,0
73,2,22.83,14,2380.27,0
116,3,15.0,7,6298.88,1
80,2,13.9,10,3890.07,0
75,5,19.04,31,2942.39,0
73,1,1.11,15,4249.74,0
85,5,11.01,22,5487.99,1
80,5,22.38,27,3472.02,0
98,4,2.03,9,7351.35,1
83,3,19.77,20,3555.59,0
146,2,3.11,22,8816.81,1
56,5,18.49,26,2720.64,0
147,1,22.35,9,6973.35,1
96,1,19.27,15,3929.58,0
98,3,3.43,17,6143.85,1
49,5,17.14,17,2461.45,0
66,2,2.31,27,3855.62,0
57,4,1.77,9,4597.25,1
110,4,22.51,31,5092.33,0
89,4,11.6,2,5350.09,1
25,5,18.76,9,1200.0,0
137,2,16.88,13,6797.49,1
101,5,10.86,12,6266.5,1
100,5,8.2,26,6049.33,1
40,3,2.96,1,3263.17,0
31,1,6.14,39,1200.0,0
57,4,20.98,20,1936.24,0
71,1,14.59,36,2369.17,0
41,1,17.23,35,1200.0,0
100,1,15.44,9,4468.03,0
73,5,10.46,31,4478.97,1
109,5,14.82,3,5912.2,1
130,4,22.74,35,5623.75,0
78,5,4.21,21,5260.52,1
30,1,19.12,0,1200.0,0
142,5,24.13,0,7406.64,1
72,2,15.12,7,3043.76,0
82,1,22.12,23,2814.79,0
82,5,17.29,30,4104.45,0
123,4,20.86,13,6521.36,1
37,4,13.95,32,1200.0,0
124,3,19.78,8,5487.71,0
66,3,9.01,5,4233.91,1
94,4,3.3,34,5633.75,1
44,2,14.54,0,1751.33,0
107,5,13.8,13,6651.63,1
128,4,7.85,9,8126.6,1
125,3,13.62,16,7065.95,1
97,3,12.8,8,5000.72,1
46,4,8.46,18,2832.4,0
38,2,4.28,29,2125.95,0
111,4,2.43,3,7578.32,1
67,2,10.08,22,2974.59,0
127,3,4.6,37,7115.91,1
93,2,0.44,18,5722.51,1
31,2,9.23,9,1200.0,0
37,4,16.26,8,1607.07,0
40,2,17.5,4,1200.0,0
130,1,2.49,17,7773.53,1
105,5,23.93,30,4480.89,0
104,4,18.52,33,4817.17,0
57,5,13.36,3,3663.03,0
132,5,12.5,39,7556.39,1
27,1,22.17,6,1200.0,0
143,2,1.2,3,9008.66,1
98,3,18.4,0,4904.77,1
58,3,7.16,35,3225.56,0
99,1,2.82,23,4981.75,0
109,4,6.93,33,6261.03,1
74,5,14.53,10,4263.16,1
82,4,18.73,25,3511.27,0
99,2,0.41,3,6318.43,1
57,1,13.18,38,1364.6,0
106,4,22.17,39,4701.84,0
132,2,3.29,27,7780.81,1
39,2,15.51,18,1200.0,0
25,3,14.61,15,1200.0,0
78,1,3.2,22,4317.93,1
107,4,6.25,16,6846.13,1
137,1,16.08,27,6617.1,0
51,2,9.6,19,2625.58,0
77,3,18.22,38,2681.53,0
121,1,0.81,30,7139.6,1
78,1,12.98,36,2888.98,0
76,5,11.04,14,4816.34,1
98,1,9.69,10,4758.04,1
111,1,19.32,27,4627.14,0
99,2,23.7,26,3514.64,0
146,3,18.11,7,7594.05,1
128,1,1.86,0,7797.03,1
82,5,2.54,22,6411.17,1
142,1,11.26,4,7426.12,1
131,1,6.58,15,7159.02,1
63,3,19.45,2,2760.48,0
112,5,2.78,8,8115.65,1
117,5,24.02,31,5425.12,1
75,5,23.25,28,3012.39,0
44,3,23.21,5,1200.0,0
73,2,19.96,4,3151.18,0
69,1,21.82,28,1427.08,0
114,1,7.53,6,6377.97,1
112,1,2.67,11,6946.94,1
94,4,1.61,3,6628.76,1
60,1,22.31,21,1200.0,0
61,5,11.27,10,4303.71,1
45,3,3.08,22,2620.39,0
75,2,3.18,38,3876.53,0
72,5,13.12,9,4452.56,1
113,1,24.77,14,4092.39,0
49,3,19.46,24,1200.0,0
69,3,23.13,38,1552.12,0
49,5,19.06,30,1794.44,0
88,1,11.28,24,3643.56,0
61,4,5.85,31,3638.94,0
48,2,14.15,28,1436.28,0
109,2,15.29,28,4960.9,1
132,2,4.65,8,8208.61,1
98,4,4.5,25,6282.28,1
65,3,4.68,2,4072.89,1
146,2,2.62,5,9300.74,1
113,4,20.7,19,5348.13,1
115,1,13.99,28,4924.29,0
81,1,5.5,29,3927.66,0
61,2,12.09,17,2764.51,0
136,4,24.95,2,7034.28,1
65,2,6.07,13,3455.55,0
47,1,12.42,20,1487.81,0
35,3,0.76,38,1967.24,0
74,3,18.98,16,2665.07,0
27,5,1.74,20,2521.15,1
106,5,24.1,36,4699.69,0
147,1,1.95,22,8656.67,1
102,1,6.33,16,5772.19,1
52,1,15.16,3,1813.8,0
72,1,2.82,18,3996.12,1
146,2,21.68,0,7116.61,1
45,5,22.52,14,1746.35,0
112,4,5.8,18,7089.55,1
73,3,13.01,29,3471.13,0
136,3,4.76,31,7987.55,1
76,1,21.13,32,2374.7,0
82,4,5.25,39,4610.02,1
58,3,23.49,20,1608.88,0
125,3,20.07,32,6005.12,1
114,4,22.36,5,5609.04,0
97,5,22.25,38,4446.08,0
34,1,22.48,17,1200.0,0
44,1,14.94,9,1260.27,0
36,3,20.44,8,1200.0,0
129,5,23.77,37,5877.74,1
106,1,4.14,32,5489.49,1
82,2,23.87,16,2469.27,0
28,3,8.01,19,1200.0,0
119,5,0.49,22,8422.04,1
29,3,20.87,33,1200.0,0
27,2,13.41,30,1200.0,0
27,3,18.69,24,1200.0,0
25,2,21.81,10,1200.0,0
110,1,12.88,35,5073.42,0
108,1,6.4,4,6216.28,1
56,2,0.86,17,3668.18,0
149,2,4.44,34,8179.17,1
98,3,21.38,32,3658.3,0
54,1,2.81,3,2943.88,1
76,4,3.66,20,4634.65,1
89,3,20.51,10,3794.86,0
107,2,19.9,28,4324.71,0
136,3,9.39,3,8215.96,1
136,5,17.09,14,7895.76,1
78,3,3.97,23,4785.17,1
26,5,16.05,11,1200.0,0
26,5,13.64,13,1731.77,0
36,2,6.83,25,1712.42,0
54,4,2.53,6,4160.35,1
132,5,0.88,9,9430.19,1
67,2,11.0,12,3477.66,0
98,4,14.88,7,5459.66,1
114,2,11.07,14,6137.75,1
114,4,18.01,12,6502.34,1
66,2,10.72,35,2659.21,0
75,2,20.6,22,2551.97,0
149,4,11.26,3,8715.23,1
120,1,14.84,36,5306.8,0
96,4,6.72,38,5575.67,1
110,5,7.0,25,7070.57,1
132,4,15.08,31,6727.54,1
30,5,2.06,33,2331.37,0
66,1,13.76,19,2312.15,0
39,4,15.45,11,1743.12,0
112,5,0.79,38,7450.09,1
91,4,18.11,20,4505.04,0
42,4,22.82,4,1480.65,0
92,2,24.77,17,2915.82,0
138,5,16.26,18,7968.22,1
139,3,9.48,1,8467.14,1
142,2,4.23,0,8818.6,1
140,1,13.34,25,6824.83,1
89,1,16.85,23,3345.34,0
105,1,9.58,10,5159.5,1
124,3,7.36,29,7395.58,1
128,1,17.03,3,6156.71,0
58,5,12.85,20,3690.43,0
127,2,1.57,33,7242.72,1
103,1,10.43,25,4851.27,0
51,2,4.25,4,3018.95,1
29,3,2.81,38,1200.0,0
50,1,9.84,3,1537.48,0
86,1,9.99,16,4215.94,0
115,2,8.33,8,6266.55,1
105,4,6.11,30,6653.05,1
96,5,3.77,26,6320.82,1
104,5,10.26,38,5749.8,1
125,1,16.91,2,6005.67,1
55,5,8.47,3,3907.05,1
99,2,14.61,29,4246.67,0
110,5,9.71,1,7204.74,1
35,4,14.77,32,1318.54,0
51,1,5.69,31,2395.8,0
36,1,17.97,2,1200.0,0
88,3,10.23,6,5316.0,1
30,1,8.11,2,1485.27,0
97,2,9.14,9,5116.27,1
140,2,21.25,35,6262.53,0
38,5,8.48,39,2438.91,0
52,1,16.56,25,1200.0,0
42,2,3.67,14,2756.06,0
74,1,4.24,4,4373.71,1
28,1,13.4,19,1200.0,0
148,5,3.46,34,9596.13,1
44,3,2.47,35,2292.34,0
102,2,3.85,11,6594.55,1
45,2,10.74,2,2807.86,0
92,4,22.2,18,3936.95,0
56,1,9.46,37,1903.74,0
35,4,3.59,20,3137.26,1
136,3,15.74,8,7110.59,1
128,3,22.24,12,5992.05,1
134,3,21.37,20,6524.26,1
141,1,18.07,5,6791.29,1
68,5,18.09,20,3560.58,0
127,5,14.94,38,6905.32,1
48,5,9.86,14,3048.66,1
72,4,23.69,4,3242.8,0
149,4,21.95,9,7587.46,1
83,5,12.99,2,4990.72,1
97,1,14.92,0,4642.58,0
63,4,11.48,39,2843.06,0
122,4,18.49,13,6335.56,1
106,3,4.16,18,6634.16,1
134,2,16.13,36,6207.08,1
37,4,15.82,24,1200.0,0
51,4,18.29,18,2422.93,0
72,3,18.79,3,3298.21,0
68,1,22.28,2,1671.13,0
143,5,7.84,1,9860.55,1
29,1,17.74,5,1200.0,0
149,3,20.88,34,6902.93,1
69,3,20.52,9,2642.19,0
144,2,14.56,1,7540.44,1
76,4,5.65,34,4990.48,1
105,5,12.89,24,6665.79,1
113,5,16.77,6,6830.02,1
46,2,14.56,0,1746.76,0
145,2,10.28,18,8234.0,1
68,1,15.21,36,1807.36,0
67,5,20.75,7,3242.61,1
54,5,0.86,8,4956.0,1
118,2,8.64,15,6568.66,1
27,1,7.17,2,1598.41,0
97,3,2.59,31,5629.75,1
37,4,23.02,32,1200.0,0
125,5,17.79,3,7330.5,1
97,3,8.29,5,5817.42,1
59,3,9.75,18,3104.47,0
59,2,18.66,18,1367.94,0
55,5,19.12,35,1973.9,0
124,3,8.39,32,6625.91,1
32,3,24.62,30,1200.0,0
137,4,4.96,32,8578.96,1
54,4,15.44,18,2832.28,0
27,3,13.24,15,1200.0,0
118,5,9.34,10,7827.73,1
31,3,3.54,27,1636.88,0
100,5,21.63,20,5302.45,1
64,2,19.38,36,1783.84,0
108,3,7.81,28,6223.4,1
94,5,3.04,36,6391.54,1
146,4,3.7,36,8582.02,1
139,1,9.67,11,7219.87,1
93,3,18.04,16,3869.89,1
82,4,13.76,13,4955.6,1
144,4,1.35,14,9351.91,1
41,2,21.69,11,1200.0,0
27,1,10.93,0,1200.0,0
54,3,11.0,23,2962.62,0
144,5,5.86,37,8724.88,1
138,1,10.55,10,7051.75,1
133,3,23.53,22,5918.97,1
107,3,16.11,21,5218.98,1
41,4,2.1,9,3494.59,1
68,5,17.55,9,3896.66,0
47,5,8.16,9,3097.46,1
101,1,21.39,10,3739.36,0
130,4,1.69,2,8714.81,1
86,3,1.7,18,5455.28,1
136,5,23.41,15,6800.94,1
74,3,6.87,37,3365.96,0
111,3,13.23,14,5934.64,1
82,3,17.12,37,3367.85,0
99,1,5.39,17,5348.18,1
84,2,4.02,39,4447.67,0
90,5,8.51,25,5770.4,1
111,3,17.08,11,5684.06,1
88,3,15.41,36,3403.37,0
69,3,22.73,36,1786.65,0
120,5,18.87,38,6180.48,1
83,3,15.58,18,3438.74,1
114,4,17.95,2,6464.11,1
90,5,18.81,6,5178.47,1
141,5,13.21,25,8243.12,1
71,4,0.81,21,4862.7,1
147,3,22.56,15,7149.59,1
48,3,15.77,22,1532.82,0
117,4,11.09,17,6576.23,1
133,1,9.25,31,6491.75,1
89,2,23.22,21,2763.59,0
148,4,1.13,0,10604.9,1
26,5,9.67,34,1563.57,0
106,2,16.33,13,5048.09,0
98,5,3.95,21,6599.59,1
149,4,19.69,36,7529.7,1
74,5,0.94,8,5761.27,1
134,1,11.47,35,6293.9,1
118,4,9.01,36,6269.0,1
126,5,11.45,37,7222.6,1
124,3,17.16,11,6692.66,1
99,2,14.05,33,4361.56,0
129,4,4.6,24,7716.41,1
45,4,1.09,23,3691.78,1
30,4,5.53,30,1860.3,0
105,5,17.96,7,5926.63,1
26,3,5.46,5,1868.56,1
32,5,20.14,10,1200.0,0
93,4,17.28,0,4939.24,1
95,2,9.22,20,4831.69,1
58,2,4.03,0,3262.58,0
115,3,1.53,37,7069.77,1
113,3,13.04,9,6140.24,1
56,3,2.73,6,3754.3,0
86,2,8.47,13,4860.4,1
134,4,4.16,17,8710.74,1
75,5,10.24,33,4151.62,1
90,4,23.15,24,3327.4,0
25,3,7.94,19,1200.0,0
116,1,3.71,26,6130.79,1
105,3,18.44,31,4492.84,0
98,3,9.7,3,5712.75,1
60,2,16.93,27,1979.88,0
139,1,17.97,28,6303.55,0
37,3,23.6,33,1200.0,0
88,2,3.1,1,5531.59,1
85,1,21.71,21,2418.11,0
76,4,11.7,38,3669.34,0
40,2,12.5,25,1200.0,0
49,2,5.66,16,2808.12,0
61,2,0.79,9,3994.95,0
98,1,5.71,35,4669.79,1
106,3,9.35,21,5980.97,1
82,2,21.1,23,2303.17,0
38,3,17.59,26,1200.0,0
75,3,9.35,1,4669.44,0
61,3,14.21,31,2259.02,0
149,3,21.58,29,6534.39,1
147,5,12.71,19,8498.42,1
55,2,15.5,33,1386.25,0
